article_id,research_stream_id,research_stream,publisher_account,publisher_relation,title,source_url,content_status,quality_status,identity_status,figure_count,normalized_characters,quality_flags,published_date
guolei_macro-2026-09-09-广发宏观郭磊-通胀是供需关系的温度计,guolei_macro,郭磊宏观茶座,郭磊宏观茶座,exact,【广发宏观郭磊】通胀是供需关系的温度计,https://www.163.com/dy/article/L6F5LU4S0519IGF7.html,full_mirror,clean,verified_from_publisher_label,1,5067,,2026-09-09
huatai_macro-2026-09-04-华泰-宏观-8月预览-融资需求或持续偏弱,huatai_macro,华泰宏观,华泰睿思,configured_alias,华泰 | 宏观:8月预览——融资需求或持续偏弱,https://finance.sina.com.cn/stock/stockzmt/2026-09-04/doc-iniqrihy4005203.shtml,full_mirror,clean,verified_from_publisher_label,1,1995,,2026-09-04
sws_macro-2026-09-01-热点思考-一揽子化债-进展如何-申万宏观-赵伟团队,sws_macro,申万宏源宏观,申万宏源宏观,team_research_stream,热点思考 |  一揽子化债，进展如何？（申万宏观·赵伟团队）,https://news.qq.com/rain/a/20260901A0CBZ400,full_mirror,clean,verified_from_publisher_or_team_citation,29,6701,,2026-09-01
sws_macro-2026-08-27-国内高频-人流出行强度明显回升-申万宏观-赵伟团队,sws_macro,申万宏源宏观,申万宏源宏观,exact,国内高频 | 人流出行强度明显回升(申万宏观·赵伟团队),https://news.qq.com/rain/a/20260827A0B3A500,full_mirror,clean,verified_from_publisher_label,50,3405,,2026-08-27
sws_macro-2026-08-25-海外高频-非农低于预期-市场风险偏好小幅回升-申万宏观-赵伟团队,sws_macro,申万宏源宏观,申万宏源宏观,exact,"海外高频 | 非农低于预期,市场风险偏好小幅回升(申万宏观·赵伟团队)",https://news.qq.com/rain/a/20260705A04SGS00,full_mirror,clean,verified_from_publisher_label,58,5037,,2026-08-25
sws_macro-2026-08-25-海外高频-科技股抛售潮蔓延-全球股市多数下跌-申万宏观-赵伟团队,sws_macro,申万宏源宏观,申万宏源宏观,exact,"海外高频 | 科技股抛售潮蔓延,全球股市多数下跌(申万宏观·赵伟团队)",https://news.qq.com/rain/a/20260628A05IUQ00?app=news&id=20260628A05IUQ00&path=a&redirect_pc=1&suid,full_mirror,clean,verified_from_publisher_label,58,4940,,2026-08-25
sws_macro-2026-08-25-海外高频-中东地缘反复-美国通胀弱于预期-申万宏观-赵伟团队,sws_macro,申万宏源宏观,申万宏源宏观,exact,"海外高频 | 中东地缘反复,美国通胀弱于预期(申万宏观·赵伟团队)",http://finance.sina.com.cn/cj/2026-07-21/doc-iniinscy4967916.shtml,full_mirror,clean,verified_from_publisher_label,57,4712,,2026-08-25
sws_macro-2026-08-19-热点思考-个税-天平-向谁-倾斜-申万宏观-赵伟团队,sws_macro,申万宏源宏观,申万宏源宏观,team_research_stream,热点思考 | 个税“天平”向谁“倾斜”？（申万宏观·赵伟团队）,https://news.qq.com/rain/a/20260819A0BSFX00,full_mirror,clean,verified_from_publisher_or_team_citation,22,6021,,2026-08-19
sws_macro-2026-08-11-申万宏观-赵伟团队-长鑫上市-股权财政的转型尝试,sws_macro,申万宏源宏观,申万宏源宏观,team_research_stream,申万宏观·赵伟团队：长鑫上市，股权财政的转型尝试？,https://finance.sina.cn/stock/ggyj/2026-08-11/detail-inimyhkh5716396.d.html?cid=76524&node_id=76524&oid=3832534792463322,full_mirror,clean,verified_from_publisher_or_team_citation,42,6773,,2026-08-11
macrofans-2026-08-09-芦哲-7月非农-开始降温-2026年7月美国非农就业数据点评,macrofans,宏观fans哲,宏观fans哲,author_research_stream,芦哲：7月非农 开始降温——2026年7月美国非农就业数据点评,https://www.163.com/dy/article/L3SOCNQH0519IGF7.html,full_mirror,clean,verified_from_author_byline,7,2351,,2026-08-09
sws_macro-2026-08-07-月度前瞻-7月经济-短期扰动加剧-申万宏观-赵伟团队,sws_macro,申万宏源宏观,申万宏源宏观,team_research_stream,月度前瞻 | 7月经济：短期扰动加剧（申万宏观·赵伟团队）,https://finance.sina.cn/cj/2026-08-08/detail-inimpnfx2996142.d.html,full_mirror,clean,verified_from_publisher_or_team_citation,76,6100,,2026-08-07
sws_macro-2026-08-06-热点思考-看空消费的-三大误区-申万宏观-赵伟团队,sws_macro,申万宏源宏观,申万宏源宏观,team_research_stream,热点思考 | 看空消费的“三大误区”（申万宏观·赵伟团队）,https://finance.sina.cn/cj/2026-08-06/detail-inimhxzt3340359.d.html?oid=3854956441911051,full_mirror,clean,verified_from_publisher_or_team_citation,82,7560,,2026-08-06
sws_macro-2026-08-04-海外高频-海外市场情绪边际修复-美元指数大幅回落-申万宏观-赵伟团队,sws_macro,申万宏源宏观,申万宏源宏观,team_research_stream,海外高频 | 海外市场情绪边际修复，美元指数大幅回落（申万宏观·赵伟团队）,https://finance.sina.com.cn/cj/2026-08-04/doc-inimafpx4484638.shtml,full_mirror,clean,verified_from_publisher_or_team_citation,59,5113,,2026-08-04
sws_macro-2026-07-30-申万宏源宏观团队展望-美联储短期内或-按兵不动,sws_macro,申万宏源宏观,申万宏源宏观,team_research_stream,申万宏源宏观团队展望：美联储短期内或“按兵不动”,https://finance.sina.com.cn/jjxw/2026-07-30/doc-inikptan9690771.shtml,full_mirror,clean,verified_from_publisher_or_team_citation,5,2373,,2026-07-30
macrofans-2026-07-29-芦哲-沃什如何重塑美联储,macrofans,宏观fans哲,宏观fans哲,author_research_stream,芦哲：沃什如何重塑美联储,https://m.163.com/dy/article/L30F4LFM0519IGF7.html?clickfrom=subscribe,full_mirror,clean,verified_from_author_byline,15,12003,,2026-07-29
sws_macro-2026-07-27-海外高频-美伊冲突再起波澜-美债利率大幅上行-申万宏观-赵伟团队,sws_macro,申万宏源宏观,申万宏源宏观,team_research_stream,海外高频 | 美伊冲突再起波澜，美债利率大幅上行（申万宏观·赵伟团队）,https://finance.sina.cn/cj/2026-07-27/detail-inikevrq9998021.d.html,full_mirror,clean,verified_from_publisher_or_team_citation,62,5264,,2026-07-27
sws_macro-2026-07-27-国内高频-石化领域开工率出现改善-申万宏观-赵伟团队,sws_macro,申万宏源宏观,申万宏源宏观,team_research_stream,国内高频 | 石化领域开工率出现改善（申万宏观·赵伟团队）,https://news.qq.com/rain/a/20260727A0C2TB00,full_mirror,clean,verified_from_publisher_or_team_citation,49,3268,,2026-07-27
sws_macro-2026-07-17-2019年企业盈利增速可能大致如何变化,sws_macro,申万宏源宏观,申万宏源宏观,team_research_stream,2019年企业盈利增速可能大致如何变化？,https://www.hstong.com/news/detail/19022511433503673,full_mirror,clean,verified_from_publisher_or_team_citation,16,8651,,2026-07-17
sws_macro-2026-07-14-深度专题-下半年经济修复-四大看点-申万宏观-赵伟团队,sws_macro,申万宏源宏观,申万宏源宏观,team_research_stream,深度专题 | 下半年经济修复“四大看点”（申万宏观·赵伟团队）,https://news.qq.com/rain/a/20260714A0946500,full_mirror,clean,verified_from_publisher_or_team_citation,65,9633,,2026-07-14
sws_macro-2026-07-10-数据点评-通胀-主力-在切换-申万宏观-赵伟团队,sws_macro,申万宏源宏观,申万宏源宏观,team_research_stream,数据点评 |   通胀“主力”在切换（申万宏观·赵伟团队）,https://finance.sina.cn/cj/2026-07-10/detail-inihftwq7419248.d.html?oid=3818030221544541,full_mirror,clean,verified_from_publisher_or_team_citation,46,4764,,2026-07-10
macrofans-2026-07-04-芦哲-6月非农-极低的反馈率-存疑的数据质量,macrofans,宏观fans哲,宏观fans哲,author_research_stream,芦哲：6月非农——极低的反馈率&存疑的数据质量,https://www.163.com/dy/article/L1003B2T0519IGF7.html,full_mirror,clean,verified_from_author_byline,7,2714,,2026-07-04
sws_macro-2026-06-30-国内高频-石化链开工连续改善-申万宏观-赵伟团队,sws_macro,申万宏源宏观,申万宏源宏观,team_research_stream,国内高频 | 石化链开工连续改善（申万宏观·赵伟团队）,https://news.qq.com/rain/a/20260630A09Y6J00?app=news&id=20260630A09Y6J00&path=a&redirect_pc=1&suid,full_mirror,clean,verified_from_publisher_or_team_citation,49,3520,,2026-06-30
cicc_perspective-2026-06-30-中金宏观-新兴行业带动-6月PMI点评,cicc_perspective,中金点睛,中金宏观,team_channel,中金宏观 | 新兴行业带动——6月PMI点评,https://www.10100.com/article/148036408,full_mirror,clean,verified_from_configured_author_id,8,3318,,2026-06-30
cicc_perspective-2026-06-28-中金宏观-成本向上游制造业传导-2026年5月工业企业利润点评,cicc_perspective,中金点睛,中金宏观,team_channel,中金宏观 | 成本向上游制造业传导 --- 2026年5月工业企业利润点评,https://www.10100.com/article/148024718,full_mirror,clean,verified_from_configured_author_id,32,9866,,2026-06-28
macrofans-2026-06-18-芦哲-6月FOMC-市场反应过鹰-年内加息仍难-2026年6月FOMC会议点评,macrofans,宏观fans哲,宏观fans哲,author_research_stream,芦哲：6月FOMC——市场反应过鹰，年内加息仍难【2026年6月FOMC会议点评】,https://www.163.com/dy/article/KVN4NC7R0519IGF7.html,full_mirror,clean,verified_from_author_byline,6,3055,,2026-06-18
cicc_perspective-2026-06-18-中金宏观-结构之变-市场之兴-2026年陆家嘴论坛点评,cicc_perspective,中金点睛,中金宏观,team_channel,中金宏观 | 结构之变，市场之兴——2026年陆家嘴论坛点评,https://www.10100.com/article/148031450,full_mirror,clean,verified_from_configured_author_id,2,7177,,2026-06-18
cicc_perspective-2026-06-17-中金宏观-居民资配-向金融迁移的确定性与渐进性-居民经济行为研究系列,cicc_perspective,中金点睛,中金宏观,team_channel,中金宏观 | 居民资配：向金融迁移的确定性与渐进性——居民经济行为研究系列,https://www.10100.com/article/148024721,full_mirror,clean,verified_from_configured_author_id,17,7568,,2026-06-17
cicc_perspective-2026-06-17-中金宏观-居民消费-短期关注结构性扩容-居民经济行为研究系列,cicc_perspective,中金点睛,中金宏观,team_channel,中金宏观 | 居民消费：短期关注结构性扩容——居民经济行为研究系列,https://www.10100.com/article/148036472,full_mirror,clean,verified_from_configured_author_id,27,9864,,2026-06-17
cicc_perspective-2026-06-17-中金宏观-居民储蓄率-关注人口结构的新约束-居民经济行为研究系列,cicc_perspective,中金点睛,中金宏观,team_channel,中金宏观 | 居民储蓄率：关注人口结构的新约束——居民经济行为研究系列,https://www.10100.com/article/148024643,full_mirror,clean,verified_from_configured_author_id,16,10383,,2026-06-17
cicc_perspective-2026-06-16-中金宏观-内需进一步走弱-5月经济数据点评,cicc_perspective,中金点睛,中金宏观,team_channel,中金宏观 | 内需进一步走弱——5月经济数据点评,https://www.10100.com/article/148031449,full_mirror,clean,verified_from_configured_author_id,2,3802,,2026-06-16
cicc_perspective-2026-06-15-中金宏观-AI对全球贸易拉动上升,cicc_perspective,中金点睛,中金宏观,team_channel,中金宏观 | AI对全球贸易拉动上升,https://www.10100.com/article/148035322,full_mirror,clean,verified_from_configured_author_id,17,7876,,2026-06-15
sws_macro-2026-06-11-数据点评-通胀超预期的两大隐藏-力量-申万宏观-赵伟团队,sws_macro,申万宏源宏观,申万宏源宏观,team_research_stream,数据点评 | 通胀超预期的两大隐藏“力量”（申万宏观·赵伟团队）,https://finance.sina.cn/2026-06-11/detail-iniayfve2468586.d.html?oid=3848547265171250,full_mirror,clean,verified_from_publisher_or_team_citation,54,4818,,2026-06-11
sws_macro-2026-06-09-月度前瞻-5月经济-油价冲击-加速演绎-申万宏观-赵伟团队,sws_macro,申万宏源宏观,申万宏源宏观,team_research_stream,月度前瞻 | 5月经济：“油价冲击”加速演绎（申万宏观·赵伟团队）,https://finance.sina.com.cn/cj/2026-06-09/doc-iniatpih6872389.shtml?cref=cj,full_mirror,clean,verified_from_publisher_or_team_citation,45,5968,,2026-06-09
macrofans-2026-06-09-芦哲-强非农后-如何评估-世界杯效应-对美国经济的影响,macrofans,宏观fans哲,宏观fans哲,author_research_stream,芦哲：强非农后，如何评估“世界杯效应”对美国经济的影响？,https://finance.sina.cn/2026-06-09/detail-iniauquw3300475.d.html?oid=3817306599543323,full_mirror,clean,verified_from_author_byline,18,5734,,2026-06-09
cicc_perspective-2026-06-08-中金宏观-全球央行购金总体有所放缓,cicc_perspective,中金点睛,中金宏观,team_channel,中金宏观 | 全球央行购金总体有所放缓,https://www.10100.com/article/148029096,full_mirror,clean,verified_from_configured_author_id,29,9067,,2026-06-08
cicc_perspective-2026-06-06-中金宏观-非农超预期-美联储重心回归防通胀,cicc_perspective,中金点睛,中金宏观,team_channel,中金宏观 | 非农超预期，美联储重心回归防通胀,https://www.10100.com/article/148041951,full_mirror,clean,verified_from_configured_author_id,5,3935,,2026-06-06
cicc_perspective-2026-06-01-中金宏观-PPI增速进一步加快-5月经济数据前瞻,cicc_perspective,中金点睛,中金宏观,team_channel,中金宏观 | PPI增速进一步加快 ——5月经济数据前瞻,https://www.10100.com/article/148028735,full_mirror,clean,verified_from_configured_author_id,1,4462,,2026-06-01
cicc_perspective-2026-05-31-中金宏观-行业分化扩大-5月PMI点评,cicc_perspective,中金点睛,中金宏观,team_channel,中金宏观 | 行业分化扩大——5月PMI点评,https://www.10100.com/article/148035307,full_mirror,clean,verified_from_configured_author_id,10,3619,,2026-05-31
cicc_perspective-2026-05-27-中金宏观-能源-有色-AI利润增速加快-2026年4月工业企业利润点评,cicc_perspective,中金点睛,中金宏观,team_channel,中金宏观 | 能源+有色+AI利润增速加快 --- 2026年4月工业企业利润点评,https://www.10100.com/article/148041939,full_mirror,clean,verified_from_configured_author_id,9,4179,,2026-05-27
sws_macro-2026-05-26-深度专题-打破共识汇率升值利空出口申万宏观赵伟团队,sws_macro,申万宏源宏观,申万宏源宏观,team_research_stream,深度专题 | 打破共识汇率升值利空出口申万宏观赵伟团队,https://finance.sina.cn/2026-05-26/detail-inhzffss1494945.d.html,full_mirror,clean,verified_from_publisher_or_team_citation,78,6434,,2026-05-26
sws_macro-2026-05-24-热点思考-美债风险重估未完待续申万宏观赵伟团队,sws_macro,申万宏源宏观,申万宏源宏观,team_research_stream,热点思考 | 美债风险重估未完待续申万宏观赵伟团队,https://finance.sina.com.cn/zmt/2026-05-24/doc-inhyzeae3201571.shtml,full_mirror,clean,verified_from_publisher_or_team_citation,31,5783,,2026-05-24
macrofans-2026-05-21-芦哲-外需韧性-内需分化与价格结构风险-2026年一季度及4月经济形势观察,macrofans,宏观fans哲,宏观fans哲,author_research_stream,芦哲：外需韧性、内需分化与价格结构风险——2026年一季度及4月经济形势观察,https://www.163.com/dy/article/KTFHD3SE0552A9XP.html,full_mirror,clean,verified_from_author_byline,3,3643,,2026-05-21
sws_macro-2026-05-20-特朗普访华-中美关系新定位-申万宏观-赵伟团队,sws_macro,申万宏源宏观,申万宏源宏观,team_research_stream,特朗普访华：中美关系新定位（申万宏观·赵伟团队）,http://finance.sina.com.cn/cj/2026-05-20/doc-inhyneyz2053914.shtml,full_mirror,clean,verified_from_publisher_or_team_citation,7,3232,,2026-05-20
sws_macro-2026-05-18-热点思考-美国中选前瞻-特朗普-大败局-申万宏观-赵伟团队,sws_macro,申万宏源宏观,申万宏源宏观,team_research_stream,热点思考 | 美国中选前瞻：特朗普“大败局”？（申万宏观·赵伟团队）,https://www.163.com/dy/article/KT77SCS20519BD5M.html,full_mirror,clean,verified_from_publisher_or_team_citation,23,5191,,2026-05-18
cicc_perspective-2026-05-18-中金宏观-内外需分化程度上升-4月经济数据点评,cicc_perspective,中金点睛,中金宏观,team_channel,中金宏观 | 内外需分化程度上升——4月经济数据点评,https://www.10100.com/article/148028889,full_mirror,clean,verified_from_configured_author_id,2,3911,,2026-05-18
xuetao_macro-2026-05-17-宋雪涛-硅基通胀-碳基通缩,xuetao_macro,雪涛宏观笔记,雪涛宏观笔记,exact,宋雪涛：硅基通胀，碳基通缩,https://finance.sina.com.cn/wm/2026-05-17/doc-inhyezxk1446790.shtml,full_mirror,clean,verified_from_source,12,3623,,2026-05-17
sws_macro-2026-05-12-数据点评-通胀超预期-被忽视的因素-申万宏观-赵伟团队,sws_macro,申万宏源宏观,申万宏源宏观,team_research_stream,数据点评 | 通胀超预期：被忽视的因素（申万宏观·赵伟团队）,https://finance.sina.com.cn/wm/2026-05-12/doc-inhxqeev1641105.shtml,full_mirror,clean,verified_from_publisher_or_team_citation,29,4208,,2026-05-12
cicc_perspective-2026-05-10-中金宏观-劳动力市场企稳-降息门槛抬升,cicc_perspective,中金点睛,中金宏观,team_channel,中金宏观 | 劳动力市场企稳，降息门槛抬升,https://www.10100.com/article/148029093,full_mirror,clean,verified_from_configured_author_id,7,3645,,2026-05-10
cicc_perspective-2026-05-10-中金宏观-AI拉动作用进一步上升-2026年4月进出口点评,cicc_perspective,中金点睛,中金宏观,team_channel,中金宏观 | AI拉动作用进一步上升——2026年4月进出口点评,https://www.10100.com/article/148035321,full_mirror,clean,verified_from_configured_author_id,9,6524,,2026-05-10
sws_macro-2026-05-07-热点思考-中东地缘的尾部风险-或存-低估-地缘压力测试-系列之五-申万宏观-赵伟团队,sws_macro,申万宏源宏观,申万宏源宏观,team_research_stream,热点思考 | 中东地缘的尾部风险，或存“低估”—“地缘压力测试”系列之五（申万宏观·赵伟团队）,https://finance.sina.com.cn/wm/2026-05-07/doc-inhxaaii2864360.shtml,full_mirror,clean,verified_from_publisher_or_team_citation,38,5606,,2026-05-07
cicc_perspective-2026-05-07-中金宏观-AI一枝独秀-美国增长分化加剧,cicc_perspective,中金点睛,中金宏观,team_channel,中金宏观 | AI一枝独秀，美国增长分化加剧,https://www.10100.com/article/148041930,full_mirror,clean,verified_from_configured_author_id,3,3634,,2026-05-07
macrofans-2026-05-06-宏观-芦哲-五一假期海外市场的三条主线-海外周报20260505,macrofans,宏观fans哲,宏观fans哲,author_research_stream,【宏观*芦哲】五一假期海外市场的三条主线——海外周报20260505,https://www.sohu.com/a/1018680032_121123903,abstract_only,flagged,verified_from_author_byline,0,1448,mirror_is_abstract,2026-05-06
cicc_perspective-2026-05-06-中金宏观-PPI同比或继续上升-4月经济数据前瞻,cicc_perspective,中金点睛,中金宏观,team_channel,中金宏观 | PPI同比或继续上升——4月经济数据前瞻,https://www.10100.com/article/148028734,full_mirror,clean,verified_from_configured_author_id,1,4941,,2026-05-06
cicc_perspective-2026-04-30-中金宏观-外需和库存支撑-4月PMI点评,cicc_perspective,中金点睛,中金宏观,team_channel,中金宏观 | 外需和库存支撑——4月PMI点评,https://www.10100.com/article/148029245,full_mirror,clean,verified_from_configured_author_id,10,3925,,2026-04-30
cicc_perspective-2026-04-27-中金宏观-三条主线提升利润-能源-有色-AI-2026年3月工业企业利润点评,cicc_perspective,中金点睛,中金宏观,team_channel,中金宏观 | 三条主线提升利润：能源+有色+AI——2026年3月工业企业利润点评,https://www.10100.com/article/148041914,full_mirror,clean,verified_from_configured_author_id,10,4202,,2026-04-27
sws_macro-2026-04-22-申万宏源宏观赵伟-油价飙升下的-供给冲击,sws_macro,申万宏源宏观,申万宏源宏观,team_research_stream,申万宏源宏观赵伟：油价飙升下的“供给冲击”？,https://www.163.com/dy/article/KR44COM905568W0A.html,full_mirror,clean,verified_from_publisher_or_team_citation,37,5719,,2026-04-22
sws_macro-2026-04-22-海外高频-TACO交易延续-科技股领涨全球-申万宏观-赵伟团队,sws_macro,申万宏源宏观,申万宏源宏观,team_research_stream,海外高频 |  TACO交易延续，科技股领涨全球（申万宏观·赵伟团队）,http://finance.sina.com.cn/cj/2026-04-22/doc-inhvhvwy4777843.shtml,full_mirror,clean,verified_from_publisher_or_team_citation,53,4410,,2026-04-22
cicc_perspective-2026-04-16-中金宏观-外需和政策前置支撑一季度经济-3月经济数据点评,cicc_perspective,中金点睛,中金宏观,team_channel,中金宏观 | 外需和政策前置支撑一季度经济——3月经济数据点评,https://www.10100.com/article/148028888,full_mirror,clean,verified_from_configured_author_id,2,4320,,2026-04-16
cicc_perspective-2026-04-15-中金宏观-其实出口韧性仍在-2026年3月进出口点评,cicc_perspective,中金点睛,中金宏观,team_channel,中金宏观 | 其实出口韧性仍在——2026年3月进出口点评,https://www.10100.com/article/148035320,full_mirror,clean,verified_from_configured_author_id,12,3963,,2026-04-15
macrofans-2026-04-14-芦哲-从全球190次衰退看房地产周期如何回升,macrofans,宏观fans哲,宏观fans哲,author_research_stream,芦哲：从全球190次衰退看房地产周期如何回升,https://news.qq.com/rain/a/20260414A064F500?media_id&suid,full_mirror,clean,verified_from_publisher_citation,36,19430,,2026-04-14
cicc_perspective-2026-04-13-中金宏观-理性看待融资变化-3月金融数据点评,cicc_perspective,中金点睛,中金宏观,team_channel,中金宏观｜理性看待融资变化——3月金融数据点评,https://www.10100.com/article/148029246,full_mirror,clean,verified_from_configured_author_id,8,4990,,2026-04-13
cicc_perspective-2026-04-13-中金宏观-从高频数据看油价对经济的影响,cicc_perspective,中金点睛,中金宏观,team_channel,中金宏观 | 从高频数据看油价对经济的影响,https://www.10100.com/article/148041938,full_mirror,clean,verified_from_configured_author_id,11,5365,,2026-04-13
cicc_perspective-2026-04-11-中金宏观-油价冲击推高整体通胀-核心仍温和,cicc_perspective,中金点睛,中金宏观,team_channel,中金宏观 | 油价冲击推高整体通胀，核心仍温和,https://www.10100.com/article/148035319,full_mirror,clean,verified_from_configured_author_id,7,3922,,2026-04-11
cicc_perspective-2026-04-11-中金宏观-中东地缘冲突推动PPI同比转正-2026年3月物价数据点评,cicc_perspective,中金点睛,中金宏观,team_channel,中金宏观 | 中东地缘冲突推动PPI同比转正——2026年3月物价数据点评,https://www.10100.com/article/148028730,full_mirror,clean,verified_from_configured_author_id,9,4775,,2026-04-11
sws_macro-2026-04-09-热点思考-央企-上缴-加码的财政深意-申万宏观-赵伟团队,sws_macro,申万宏源宏观,申万宏源宏观,team_research_stream,热点思考 | 央企“上缴”加码的财政深意？（申万宏观·赵伟团队）,https://news.qq.com/rain/a/20260409A000CC00,full_mirror,clean,verified_from_publisher_or_team_citation,20,5085,,2026-04-09
sws_macro-2026-04-09-月度前瞻-一季度GDP会超预期吗-申万宏观-赵伟团队,sws_macro,申万宏源宏观,申万宏源宏观,team_research_stream,月度前瞻 |  一季度GDP会超预期吗？（申万宏观·赵伟团队）,https://finance.sina.com.cn/wm/2026-04-09/doc-inhtvrtp6133457.shtml?cref=cj,full_mirror,clean,verified_from_publisher_or_team_citation,52,6439,,2026-04-09
sws_macro-2026-04-09-政策高频-领导人地方调研-聚焦能源水利基建等-申万宏观-赵伟团队,sws_macro,申万宏源宏观,申万宏源宏观,team_research_stream,政策高频 | 领导人地方调研，聚焦能源水利基建等（申万宏观·赵伟团队）,https://news.qq.com/rain/a/20260409A000CE00?app=news&id=20260409A000CE00&path=a&redirect_pc=1&suid,full_mirror,clean,verified_from_publisher_or_team_citation,9,2250,,2026-04-09
sws_macro-2026-04-06-海外高频-美国3月非农强于预期-但反弹或是-暂时性-的-申万宏观-赵伟团队,sws_macro,申万宏源宏观,申万宏源宏观,team_research_stream,海外高频 | 美国3月非农强于预期，但反弹或是“暂时性”的（申万宏观·赵伟团队）,https://news.qq.com/rain/a/20260406A05CCL00?media_id&suid,full_mirror,clean,verified_from_publisher_or_team_citation,55,5204,,2026-04-06
cicc_perspective-2026-04-01-中金宏观-油价影响初现-3月PMI点评,cicc_perspective,中金点睛,中金宏观,team_channel,中金宏观 | 油价影响初现——3月PMI点评,https://www.10100.com/article/148041907,full_mirror,clean,verified_from_configured_author_id,10,4235,,2026-04-01
cicc_perspective-2026-04-01-中金-地缘冲突经济学与资产定价,cicc_perspective,中金点睛,中金点睛,exact,中金:地缘冲突经济学与资产定价,https://www.10100.com/article/124254225,full_mirror,clean,verified_from_publisher_label,3,2058,,2026-04-01
sws_macro-2026-03-31-海外高频-油价延续上涨-金银继续下跌-申万宏观-赵伟团队,sws_macro,申万宏源宏观,申万宏源宏观,team_research_stream,海外高频 | 油价延续上涨，金银继续下跌 （申万宏观·赵伟团队）,https://finance.sina.com.cn/stock/stockzmt/2026-03-31/doc-inhswawe2209585.shtml,full_mirror,clean,verified_from_publisher_or_team_citation,58,4621,,2026-03-31
sws_macro-2026-03-31-数据点评-为何3月PMI大幅反弹-申万宏观-赵伟团队,sws_macro,申万宏源宏观,申万宏源宏观,team_research_stream,数据点评 | 为何3月PMI大幅反弹？（申万宏观·赵伟团队）,http://finance.sina.com.cn/wm/2026-04-01/doc-inhsxeis1909983.shtml,full_mirror,clean,verified_from_publisher_or_team_citation,35,4372,,2026-03-31
sws_macro-2026-03-30-热点思考-投资-开门红-可否持续-申万宏观-赵伟团队,sws_macro,申万宏源宏观,申万宏源宏观,team_research_stream,热点思考 | 投资“开门红”可否持续？（申万宏观·赵伟团队）,https://news.qq.com/rain/a/20260330A0011Q00,full_mirror,clean,verified_from_publisher_or_team_citation,49,6842,,2026-03-30
sws_macro-2026-03-30-国内高频-生产走势分化-申万宏观-赵伟团队,sws_macro,申万宏源宏观,申万宏源宏观,exact,国内高频 | 生产走势分化(申万宏观·赵伟团队),https://finance.sina.com.cn/wm/2026-03-31/doc-inhswawa5844473.shtml,full_mirror,clean,verified_from_publisher_label,48,2483,,2026-03-30
macrofans-2026-03-30-芦哲-市场对地缘风险的定价仍然乐观,macrofans,宏观fans哲,宏观fans哲,author_research_stream,芦哲：市场对地缘风险的定价仍然乐观,https://finance.sina.com.cn/wm/2026-03-30/doc-inhsttra9809030.shtml,full_mirror,clean,verified_from_author_byline,10,2589,,2026-03-30
macrofans-2026-03-30-宏观-芦哲-深度-技术帖-美国通胀指标PCE与CPI的走势差异,macrofans,宏观fans哲,宏观fans哲,author_research_stream,【宏观*芦哲】深度：技术帖：美国通胀指标PCE与CPI的走势差异,http://finance.sina.com.cn/wm/2026-03-30/doc-inhsthzk6666326.shtml,full_mirror,clean,verified_from_author_byline,8,1613,,2026-03-30
cicc_perspective-2026-03-30-中金-油价或推高出口份额,cicc_perspective,中金点睛,中金点睛,exact,中金:油价或推高出口份额,https://www.10100.com/article/148028732,full_mirror,clean,verified_from_publisher_label,32,8858,,2026-03-30
cicc_perspective-2026-03-29-中金宏观-利润向上游倾斜-2026年1-2月工业企业利润点评,cicc_perspective,中金点睛,中金宏观,team_channel,中金宏观 | 利润向上游倾斜 --- 2026年1-2月工业企业利润点评,https://www.10100.com/article/148029091,full_mirror,clean,verified_from_configured_author_id,23,6073,,2026-03-29
cicc_perspective-2026-03-27-中金-资产大挪移-重新定义安全资产,cicc_perspective,中金点睛,中金点睛,exact,中金 | 资产大挪移:重新定义安全资产,https://www.10100.com/article/121824064,full_mirror,clean,verified_from_publisher_label,43,5052,,2026-03-27
cicc_perspective-2026-03-26-中金宏观-十五五下的财政-短期支持与财税改革,cicc_perspective,中金点睛,中金宏观,team_channel,中金宏观 | 十五五下的财政：短期支持与财税改革,https://www.10100.com/article/148041898,full_mirror,clean,verified_from_configured_author_id,37,15741,,2026-03-26
xuetao_macro-2026-03-25-巨震之后-黄金还能创新高吗-国金宏观陈瀚学,xuetao_macro,雪涛宏观笔记,雪涛宏观笔记,exact,"巨震之后,黄金还能创新高吗?(国金宏观陈瀚学)",https://finance.sina.com.cn/wm/2026-03-25/doc-inhsffcu3500217.shtml,full_mirror,clean,verified_from_publisher_label,26,3807,,2026-03-25
cicc_perspective-2026-03-25-中金缪延亮-油价冲击会导致央行加息潮吗,cicc_perspective,中金点睛,中金点睛,exact,中金缪延亮:油价冲击会导致央行加息潮吗?,https://www.10100.com/article/120310914,full_mirror,clean,verified_from_publisher_label,13,2362,,2026-03-25
xuetao_macro-2026-03-22-宋雪涛-市场在交易什么,xuetao_macro,雪涛宏观笔记,雪涛宏观笔记,exact,宋雪涛:市场在交易什么?,https://finance.sina.com.cn/wm/2026-03-23/doc-inhryhit7978472.shtml?cref=cj,full_mirror,clean,verified_from_publisher_label,9,2910,,2026-03-22
sws_macro-2026-03-22-热点思考-不降息或是美联储的-底线-流动性笔记-系列之九-申万宏观-赵伟团队,sws_macro,申万宏源宏观,申万宏源宏观,team_research_stream,热点思考 | 不降息或是美联储的“底线”—“流动性笔记”系列之九（申万宏观·赵伟团队）,https://news.qq.com/rain/a/20260322A03LUE00,full_mirror,clean,verified_from_publisher_or_team_citation,15,5482,,2026-03-22
sws_macro-2026-03-22-数据点评-财政支出再提速-申万宏观-赵伟团队,sws_macro,申万宏源宏观,申万宏源宏观,team_research_stream,数据点评 | 财政支出再提速（申万宏观·赵伟团队）,https://finance.sina.com.cn/wm/2026-03-24/doc-inhsarqt3390516.shtml,full_mirror,clean,verified_from_publisher_or_team_citation,27,4108,,2026-03-22
cicc_perspective-2026-03-21-中金研究-本周精选-宏观-策略,cicc_perspective,中金点睛,中金点睛,exact,中金研究 | 本周精选:宏观、策略,https://www.10100.com/article/149301780,full_mirror,clean,verified_from_publisher_label,10,3065,,2026-03-21
huatai_macro-2026-03-20-华泰宏观-1-2月财政数据-如期宽松支持-开门红,huatai_macro,华泰宏观,华泰证券宏观研究,configured_alias,【华泰宏观】1-2月财政数据:如期宽松支持“开门红”,https://finance.sina.cn/2026-03-20/detail-inhrqtyz8140326.d.html?oid=33,full_mirror,clean,verified_from_publisher_label,16,3646,,2026-03-20
cicc_perspective-2026-03-19-中金-美联储还能再降息吗,cicc_perspective,中金点睛,中金点睛,exact,中金:美联储还能再降息吗?,https://finance.sina.cn/stock/ggyj/2025-03-20/detail-ineqhfmw0801403.d.html?vt=4&cid=76601&node_id=76601&cref=cj,full_mirror,clean,verified_from_publisher_label,29,4975,,2026-03-19
cicc_perspective-2026-03-19-中金-美联储在-类滞胀-下降息空间有限,cicc_perspective,中金点睛,中金点睛,exact,中金:美联储在“类滞胀”下降息空间有限,https://www.10100.com/article/118225806,full_mirror,clean,verified_from_publisher_label,8,1494,,2026-03-19
cicc_perspective-2026-03-18-中金-美国Robotaxi更新-Waymo扩张与网约车平台价值审视,cicc_perspective,中金点睛,中金点睛,exact,中金 | 美国Robotaxi更新:Waymo扩张与网约车平台价值审视,https://finance.sina.com.cn/stock/stockzmt/2026-03-18/doc-inhrknau1615828.shtml,full_mirror,clean,verified_from_publisher_label,24,8849,,2026-03-18
yiyuzhongde-2026-03-17-多方部署-反内卷-政策周观察第71期,yiyuzhongde,一瑜中的,一瑜中的,exact,多方部署“反内卷”——政策周观察第71期,https://stock.finance.sina.com.cn/stock/go.php/vReport_Show/kind/lastest/rptid/826997819796/index.phtml,abstract_only,flagged,verified_from_publisher_label,0,974,mirror_is_abstract,2026-03-17
xuetao_macro-2026-03-17-经济开门红-国金宏观孙永乐,xuetao_macro,雪涛宏观笔记,雪涛宏观笔记,exact,经济开门红(国金宏观孙永乐),https://finance.sina.com.cn/wm/2026-03-17/doc-inhrikrn3806309.shtml,full_mirror,clean,verified_from_publisher_label,12,1984,,2026-03-17
cicc_perspective-2026-03-17-中金-以-渔-代-鱼-从美国困境看中国选择,cicc_perspective,中金点睛,中金点睛,exact,中金:以“渔”代“鱼”——从美国困境看中国选择,https://www.10100.com/article/117201875,full_mirror,flagged,verified_from_publisher_label,26,2579,figure_count_mismatch,2026-03-17
huatai_macro-2026-03-16-华泰宏观-1-2月经济数据-2026开局良好,huatai_macro,华泰宏观,华泰证券宏观研究,configured_alias,【华泰宏观】1-2月经济数据:2026开局良好,http://stock.finance.sina.com.cn/stock/go.php/vReport_Show/kind/macro/rptid/827493203848/index.phtml,abstract_only,flagged,verified_from_publisher_label,0,1405,mirror_is_abstract,2026-03-16
guolei_macro-2026-03-16-广发宏观郭磊-经济开年数据简析,guolei_macro,郭磊宏观茶座,郭磊宏观茶座,exact,【广发宏观郭磊】经济开年数据简析,https://www.10100.com/article/119089736,full_mirror,clean,verified_from_publisher_label,6,6918,,2026-03-16
cicc_perspective-2026-03-16-中金宏观-年初数据季节性改善-1-2月经济数据点评,cicc_perspective,中金点睛,中金宏观,team_channel,中金宏观 | 年初数据季节性改善 ——1-2月经济数据点评,https://www.10100.com/article/148028886,full_mirror,clean,verified_from_configured_author_id,1,3886,,2026-03-16
cicc_perspective-2026-03-16-中金-两会定调碳双控-供给约束再升级,cicc_perspective,中金点睛,中金点睛,exact,"中金:两会定调碳双控,供给约束再升级",https://finance.sina.com.cn/stock/stockzmt/2026-03-16/doc-inhrctqw6063328.shtml,full_mirror,flagged,verified_from_publisher_label,15,7059,figure_count_mismatch,2026-03-16
cicc_perspective-2026-03-15-中金宏观-名义周期前置的含义-2月金融数据点评,cicc_perspective,中金点睛,中金宏观,team_channel,中金宏观 | 名义周期前置的含义——2月金融数据点评,https://www.10100.com/article/148035299,full_mirror,clean,verified_from_configured_author_id,12,4574,,2026-03-15
sws_macro-2026-03-14-每周推荐-财政-新思路-2026年财政预算报告深度解读-申万宏观-赵伟团队,sws_macro,申万宏源宏观,申万宏源宏观,team_research_stream,每周推荐 | 财政“新思路”——2026年财政预算报告深度解读（申万宏观·赵伟团队）,https://news.qq.com/rain/a/20260314A07EFR00?media_id&suid,full_mirror,clean,verified_from_publisher_or_team_citation,18,3104,,2026-03-14
sws_macro-2026-03-13-热点思考-财政-新思路-2026年财政预算报告深度解读-申万宏观-赵伟团队,sws_macro,申万宏源宏观,申万宏源宏观,exact,热点思考 | 财政“新思路”——2026年财政预算报告深度解读(申万宏观·赵伟团队),https://news.qq.com/rain/a/20260313A000QQ00,full_mirror,clean,verified_from_publisher_label,35,7740,,2026-03-13
sws_macro-2026-03-12-数据点评-风暴将至-2026年2月美国CPI数据点评-申万宏观-赵伟团队,sws_macro,申万宏源宏观,申万宏源宏观,team_research_stream,数据点评 | 风暴将至——2026年2月美国CPI数据点评（申万宏观·赵伟团队）,http://finance.sina.com.cn/cj/2026-03-13/doc-inhqufha1472082.shtml,full_mirror,clean,verified_from_publisher_or_team_citation,11,2738,,2026-03-12
huatai_macro-2026-03-12-华泰宏观-美国2月CPI-整体平淡-后续关注中东局势,huatai_macro,华泰宏观,华泰证券宏观研究,team_channel,"【华泰宏观】美国2月CPI:整体平淡,后续关注中东局势",https://www.163.com/dy/article/KNQ8N5JB05568W0A.html,abstract_only,flagged,verified_from_publisher_label,2,1375,mirror_is_abstract,2026-03-12
cicc_perspective-2026-03-12-中金-宏观探市3月报-AI-地缘与A股韧性,cicc_perspective,中金点睛,中金点睛,exact,"中金 | 宏观探市3月报:AI,地缘与A股韧性",https://www.10100.com/article/115851191,full_mirror,flagged,verified_from_publisher_label,32,4561,figure_count_mismatch,2026-03-12
sws_macro-2026-03-11-月度前瞻-春节错位-如何影响经济开门红-申万宏观-赵伟团队,sws_macro,申万宏源宏观,申万宏源宏观,exact,月度前瞻 | “春节错位” 如何影响经济开门红?(申万宏观·赵伟团队),https://news.qq.com/rain/a/20260311A000LW00,full_mirror,clean,verified_from_publisher_label,44,6328,,2026-03-11
sws_macro-2026-03-11-国内高频-节后复工偏慢-申万宏观-赵伟团队,sws_macro,申万宏源宏观,申万宏源宏观,exact,国内高频 | 节后复工偏慢(申万宏观·赵伟团队),https://news.qq.com/rain/a/20260311A000M200,full_mirror,clean,verified_from_publisher_label,45,2911,,2026-03-11
huatai_macro-2026-03-11-华泰宏观-1-2月出口-季节性因素加持趋势高增长,huatai_macro,华泰宏观,华泰证券宏观研究,team_channel,【华泰宏观】1-2月出口:季节性因素加持趋势高增长,http://stock.finance.sina.com.cn/stock/go.php/vReport_Show/kind/lastest/rptid/826544179027/index.phtml,abstract_only,flagged,verified_from_publisher_label,0,1474,mirror_is_abstract,2026-03-11
cicc_perspective-2026-03-11-中金宏观-春节效应以外-出口动能仍强-2026年1-2月进出口点评,cicc_perspective,中金点睛,中金宏观,team_channel,中金宏观 | 春节效应以外，出口动能仍强——2026年1-2月进出口点评,https://www.10100.com/article/148029092,full_mirror,clean,verified_from_configured_author_id,13,4940,,2026-03-11
cicc_perspective-2026-03-11-中金-伊朗局势如何影响全球资产,cicc_perspective,中金点睛,中金点睛,exact,中金:伊朗局势如何影响全球资产,https://finance.sina.com.cn/stock/marketresearch/2026-03-11/doc-inhqqqfu2714296.shtml,full_mirror,clean,verified_from_publisher_label,25,5391,,2026-03-11
cicc_perspective-2026-03-10-中金宏观-输入性通胀风险升温-2026年2月物价数据点评,cicc_perspective,中金点睛,中金宏观,team_channel,中金宏观 | 输入性通胀风险升温——2026年2月物价数据点评,https://www.10100.com/article/148041949,full_mirror,clean,verified_from_configured_author_id,12,5234,,2026-03-10
cicc_perspective-2026-03-10-中金-美国私募信贷-风险不可低估,cicc_perspective,中金点睛,中金点睛,exact,"中金:美国私募信贷,风险不可低估",https://finance.sina.cn/2026-03-10/detail-inhqmysw6464132.d.html?oid=5_muovv,full_mirror,clean,verified_from_publisher_label,18,8776,,2026-03-10
cicc_perspective-2026-03-10-中金-美国-类滞胀-风险进一步升温,cicc_perspective,中金点睛,中金点睛,exact,中金:美国“类滞胀”风险进一步升温,https://finance.sina.cn/2026-03-10/detail-inhqmysy3500698.d.html?oid=3791010024681287,full_mirror,clean,verified_from_publisher_label,16,5066,,2026-03-10
cicc_perspective-2026-03-10-中金-从-现金-到-存款-数字人民币迈入2-0时代,cicc_perspective,中金点睛,中金点睛,exact,"中金:从“现金”到“存款”,数字人民币迈入2.0时代",https://finance.sina.com.cn/stock/stockzmt/2026-03-10/doc-inhqmysw6464057.shtml,full_mirror,clean,verified_from_publisher_label,10,4953,,2026-03-10
huatai_macro-2026-03-07-华泰宏观-1-2月预览-通胀指标显著上行,huatai_macro,华泰宏观,华泰证券宏观研究,team_channel,【华泰宏观】1-2月预览:通胀指标显著上行,https://finance.sina.com.cn/wm/2026-03-07/doc-inhqeeti8417280.shtml,full_mirror,clean,verified_from_publisher_label,6,1525,,2026-03-07
cicc_perspective-2026-03-07-中金研究-本周精选-宏观-策略-房地产,cicc_perspective,中金点睛,中金点睛,exact,中金研究 | 本周精选:宏观、策略、房地产,http://finance.sina.com.cn/stock/stockzmt/2026-05-30/doc-inhzrrew0434312.shtml,full_mirror,clean,verified_from_publisher_label,5,1665,,2026-03-07
yiyuzhongde-2026-03-06-张瑜-向前看-顺势而为-政府工作报告学习,yiyuzhongde,一瑜中的,一瑜中的,exact,"张瑜:向前看,顺势而为——政府工作报告学习",https://news.qq.com/rain/a/20260312A08RFU00,full_mirror,clean,verified_from_publisher_label,7,4621,,2026-03-06
sws_macro-2026-03-05-两会-精神学习-区间目标的双重内涵-申万宏观-赵伟团队,sws_macro,申万宏源宏观,申万宏源宏观,team_research_stream,“两会”精神学习 | 区间目标的双重内涵（申万宏观·赵伟团队）,https://news.qq.com/rain/a/20260305A04RB500,full_mirror,clean,verified_from_publisher_or_team_citation,7,2092,,2026-03-05
cicc_perspective-2026-03-05-中金宏观-春节因素扰动-3月面临油价影响-2月PMI点评,cicc_perspective,中金点睛,中金宏观,team_channel,中金宏观 | 春节因素扰动，3月面临油价影响——2月PMI点评,https://www.10100.com/article/148029300,full_mirror,clean,verified_from_configured_author_id,11,4478,,2026-03-05
cicc_perspective-2026-03-03-中金-如何从地产视角解读香港2026-2027财政预算,cicc_perspective,中金点睛,中金点睛,exact,中金:如何从地产视角解读香港2026-2027财政预算?,https://www.fxbaogao.com/detail/5282534,full_mirror,clean,verified_from_publisher_label,1,2107,,2026-03-03
huatai_macro-2026-03-02-华泰-宏观-2026两会前瞻-扩内需与促创新,huatai_macro,华泰宏观,华泰睿思,configured_alias,华泰 | 宏观:2026两会前瞻 - 扩内需与促创新,https://finance.sina.com.cn/wm/2026-03-02/doc-inhppxww8388260.shtml,full_mirror,clean,verified_from_publisher_label,5,4278,,2026-03-02
cicc_perspective-2026-02-28-中金研究-本周精选-宏观-策略-食品饮料,cicc_perspective,中金点睛,中金点睛,exact,中金研究 | 本周精选:宏观、策略、食品饮料,https://finance.sina.com.cn/stock/stockzmt/2026-02-28/doc-inhpiryq3019994.shtml,full_mirror,clean,verified_from_publisher_label,7,1265,,2026-02-28
cicc_perspective-2026-02-26-中金-2026年两会前瞻-五大看点,cicc_perspective,中金点睛,中金点睛,exact,中金 | 2026年两会前瞻:五大看点,https://www.10100.com/article/107019272,full_mirror,clean,verified_from_publisher_label,10,2353,,2026-02-26
cicc_perspective-2026-02-25-中金宏观-中国经验与沃什路径,cicc_perspective,中金点睛,中金宏观,team_channel,中金宏观｜中国经验与沃什路径,https://www.163.com/dy/article/KMJM8J6C0519QIKK.html,full_mirror,clean,verified_from_configured_author_id,15,9105,,2026-02-25
macrofans-2026-02-23-春节海外市场回顾-IEEPA违法后特朗普的Plan-B,macrofans,宏观fans哲,宏观fans哲,author_research_stream,春节海外市场回顾：IEEPA违法后特朗普的Plan B,https://business.sohu.com/a/989184498_114984,full_mirror,clean,verified_from_publisher_citation,0,5738,,2026-02-23
sws_macro-2026-02-13-数据点评-强复苏-还是-弱平衡-2026年1月美国就业数据点评-申万宏观-赵伟团队,sws_macro,申万宏源宏观,申万宏源宏观,team_research_stream,数据点评 | “强复苏”还是“弱平衡”？——2026年1月美国就业数据点评（申万宏观·赵伟团队）,https://finance.sina.com.cn/roll/2026-02-13/doc-inhmrxrm3187666.shtml,full_mirror,clean,verified_from_publisher_or_team_citation,27,4148,,2026-02-13
sws_macro-2026-02-13-国内高频-生产走弱-需求改善-申万宏观-赵伟团队,sws_macro,申万宏源宏观,申万宏源宏观,team_research_stream,国内高频 | 生产走弱，需求改善（申万宏观·赵伟团队）,https://news.qq.com/rain/a/20260213A0021R00?media_id&suid,full_mirror,clean,verified_from_publisher_or_team_citation,44,3011,,2026-02-13
cicc_perspective-2026-02-13-中金-另眼看消费,cicc_perspective,中金点睛,中金点睛,exact,中金:另眼看消费,https://finance.sina.com.cn/roll/2026-03-02/doc-inhppxwv1575944.shtml,full_mirror,clean,verified_from_publisher_label,11,3490,,2026-02-13
xuetao_macro-2026-02-12-输入性通胀-物价口径修正-AI传导-PPI何时转正-国金宏观孙永乐,xuetao_macro,雪涛宏观笔记,雪涛宏观笔记,exact,输入性通胀、物价口径修正、AI传导、PPI何时转正(国金宏观孙永乐),https://finance.sina.com.cn/stock/bxjj/2026-02-12/doc-inhmpusf9759292.shtml,full_mirror,clean,verified_from_publisher_label,12,2434,,2026-02-12
sws_macro-2026-02-12-数据点评-如何理解1月通胀分化-申万宏观-赵伟团队,sws_macro,申万宏源宏观,申万宏源宏观,team_research_stream,数据点评 | 如何理解1月通胀分化？（申万宏观·赵伟团队）,https://news.qq.com/rain/a/20260212A001CQ00,full_mirror,clean,verified_from_publisher_or_team_citation,27,4327,,2026-02-12
cicc_perspective-2026-02-12-中金宏观-非农企稳-降息时点或将推迟,cicc_perspective,中金点睛,中金宏观,team_channel,中金宏观 | 非农企稳，降息时点或将推迟,https://www.10100.com/article/148035327,full_mirror,clean,verified_from_configured_author_id,7,3802,,2026-02-12
cicc_perspective-2026-02-12-中金-行业景气再考察-从五维指数看行业景气度,cicc_perspective,中金点睛,中金宏观,team_channel,中金：行业景气再考察 ——从五维指数看行业景气度,https://www.10100.com/article/148035309,full_mirror,clean,verified_from_configured_author_id,10,4104,,2026-02-12
sws_macro-2026-02-11-热点思考-积极因素正在累积-申万宏观-赵伟团队,sws_macro,申万宏源宏观,申万宏源宏观,team_research_stream,热点思考 | 积极因素正在累积（申万宏观·赵伟团队）,https://finance.sina.com.cn/cj/2026-02-12/doc-inhmnnww0225392.shtml?cref=cj,full_mirror,clean,verified_from_publisher_or_team_citation,18,4725,,2026-02-11
cicc_perspective-2026-02-10-中金宏观-防风险-会成为利率下行的限制么,cicc_perspective,中金点睛,中金宏观,team_channel,中金宏观 | “防风险”会成为利率下行的限制么？,https://www.10100.com/article/148041977,full_mirror,clean,verified_from_configured_author_id,12,6240,,2026-02-10
cicc_perspective-2026-02-06-中金深度-沃什冲击-如何改变全球市场,cicc_perspective,中金点睛,中金点睛,exact,中金深度:“沃什冲击”如何改变全球市场?,https://finance.sina.com.cn/money/forex/2026-02-06/doc-inhkvret2335108.shtml,full_mirror,clean,verified_from_publisher_label,29,6958,,2026-02-06
cicc_perspective-2026-02-06-中金宏观-地方两会的亮点,cicc_perspective,中金点睛,中金宏观,team_channel,中金宏观 | 地方两会的亮点,https://www.10100.com/article/148028896,full_mirror,clean,verified_from_configured_author_id,7,5313,,2026-02-06
cicc_perspective-2026-02-05-中金-日本众议院选举在即-资本市场走向何方,cicc_perspective,中金点睛,中金点睛,exact,"中金:日本众议院选举在即,资本市场走向何方?",https://finance.sina.com.cn/stock/stockzmt/2026-02-05/doc-inhktnfp9065831.shtml?cref=cj,full_mirror,clean,verified_from_publisher_label,12,6955,,2026-02-05
cicc_perspective-2026-02-04-中金-沃什难撼扩表,cicc_perspective,中金点睛,中金点睛,exact,中金:沃什难撼扩表,https://finance.sina.com.cn/stock/stockzmt/2026-02-04/doc-inhkrayt6713629.shtml,full_mirror,clean,verified_from_publisher_label,10,3503,,2026-02-04
cicc_perspective-2026-02-04-中金-上海推进二手房收储-地产积极信号再增加,cicc_perspective,中金点睛,中金点睛,exact,"中金:上海推进二手房收储,地产积极信号再增加",https://finance.sina.com.cn/stock/stockzmt/2026-02-04/doc-inhkrayt6713645.shtml,full_mirror,clean,verified_from_publisher_label,11,1463,,2026-02-04
sws_macro-2026-02-03-深度专题-QE时代的终结-美联储资产负债表分析框架-申万宏观-赵伟团队,sws_macro,申万宏源宏观,申万宏源宏观,team_research_stream,深度专题 | QE时代的终结——美联储资产负债表分析框架（申万宏观·赵伟团队）,https://news.qq.com/rain/a/20260203A0012100,full_mirror,clean,verified_from_publisher_or_team_citation,55,15733,,2026-02-03
macrofans-2026-02-03-东吴证券-新美联储主席沃什真的鹰派吗,macrofans,宏观fans哲,宏观fans哲,author_research_stream,东吴证券：新美联储主席沃什真的鹰派吗？,https://finance.sina.cn/stock/ggyj/2026-02-03/detail-inhknxzm0273055.d.html,full_mirror,clean,verified_from_publisher_citation,6,2370,,2026-02-03
sws_macro-2026-02-01-申万宏观赵伟-旧制度的复兴-沃什时代-的美联储,sws_macro,申万宏源宏观,申万宏源宏观,team_research_stream,申万宏观赵伟：旧制度的复兴，“沃什时代”的美联储,https://news.qq.com/rain/a/20260201A032W600,full_mirror,clean,verified_from_publisher_or_team_citation,27,5830,,2026-02-01
lichao_macro-2026-02-01-浙商宏观-李超-1月PMI-生产蓄力开门红,lichao_macro,李超宏观研究与资产配置,李超宏观研究与资产配置,exact,【浙商宏观||李超】1月PMI:生产蓄力开门红,https://www.163.com/dy/article/KKMMIG0J05568W0A.html,abstract_only,flagged,verified_from_publisher_label,1,1153,mirror_is_abstract,2026-02-01
cicc_perspective-2026-02-01-中金宏观-季节性扰动之外-数据仍偏弱-1月PMI点评,cicc_perspective,中金点睛,中金宏观,team_channel,中金宏观 | 季节性扰动之外，数据仍偏弱——1月PMI点评,https://www.10100.com/article/148035325,full_mirror,clean,verified_from_configured_author_id,10,5019,,2026-02-01
cicc_perspective-2026-01-31-中金研究-本周精选-宏观-策略-量化及ESG,cicc_perspective,中金点睛,中金点睛,exact,中金研究 | 本周精选:宏观、策略、量化及ESG,https://finance.sina.com.cn/stock/stockzmt/2026-01-31/doc-inhkeaqt0038960.shtml,full_mirror,clean,verified_from_publisher_label,6,1203,,2026-01-31
macrofans-2026-01-29-芦哲-公积金改革可以撬动多少消费,macrofans,宏观fans哲,宏观fans哲,author_research_stream,芦哲：公积金改革可以撬动多少消费？,https://finance.sina.cn/2026-01-29/detail-inhiyfha5323456.d.html?cre=wappage&loc=2&mod=r&r=0&rfunc=47&tj=cx_wap_news_relate,full_mirror,clean,verified_from_publisher_citation,26,7903,,2026-01-29
cicc_perspective-2026-01-28-中金-宏观视角下的存款搬家与股市定价-存款到期的股债汇影响-一,cicc_perspective,中金点睛,中金点睛,exact,中金:宏观视角下的存款搬家与股市定价——存款到期的股债汇影响(一),https://finance.sina.com.cn/stock/marketresearch/2026-01-28/doc-inhivfcf7626605.shtml,full_mirror,clean,verified_from_publisher_label,34,7614,,2026-01-28
cicc_perspective-2026-01-27-中金宏观-毛利润仍然偏弱-2025年12月工业企业利润点评,cicc_perspective,中金点睛,中金宏观,team_channel,中金宏观 | 毛利润仍然偏弱 --- 2025年12月工业企业利润点评,https://www.10100.com/article/148029251,full_mirror,clean,verified_from_configured_author_id,9,4158,,2026-01-27
macrofans-2026-01-22-芦哲-中国出口-惧怕-人民币升值吗,macrofans,宏观fans哲,宏观fans哲,author_research_stream,芦哲：中国出口“惧怕”人民币升值吗,https://finance.sina.cn/2026-01-22/detail-inhieikx5780194.d.html?oid=3775510955557550,full_mirror,clean,verified_from_author_byline,4,3415,,2026-01-22
sws_macro-2026-01-21-热点思考-财政金融协同-助力-开门红-申万宏观-赵伟团队,sws_macro,申万宏源宏观,申万宏源宏观,team_research_stream,热点思考 | 财政金融协同，助力“开门红”（申万宏观·赵伟团队）,https://news.qq.com/rain/a/20260121A05X0700,full_mirror,clean,verified_from_publisher_or_team_citation,20,4850,,2026-01-21
sws_macro-2026-01-21-政策高频-部署实施财政金融协同促内需一揽子政策-申万宏观-赵伟团队,sws_macro,申万宏源宏观,申万宏源宏观,team_research_stream,政策高频 | 部署实施财政金融协同促内需一揽子政策（申万宏观·赵伟团队）,https://news.qq.com/rain/a/20260121A05X0C00,full_mirror,clean,verified_from_publisher_or_team_citation,7,2023,,2026-01-21
cicc_perspective-2026-01-21-中金-选举的另一面-行政干预-资本让利与政策风险,cicc_perspective,中金点睛,中金点睛,exact,中金 | 选举的另一面:行政干预、资本让利与政策风险,https://finance.sina.com.cn/stock/stockzmt/2026-01-21/doc-inhhzihi6882248.shtml,full_mirror,clean,verified_from_publisher_label,15,8179,,2026-01-21
cicc_perspective-2026-01-19-中金宏观-分化中收官-12月经济数据点评,cicc_perspective,中金点睛,中金宏观,team_channel,中金宏观 | 分化中收官——12月经济数据点评,https://www.10100.com/article/148041942,full_mirror,clean,verified_from_configured_author_id,2,3879,,2026-01-19
guolei_macro-2026-01-16-广发宏观-五年规划首年名义增长易出现反弹,guolei_macro,郭磊宏观茶座,广发证券,institutional_archive,【广发宏观】五年规划首年名义增长易出现反弹？,https://www.10100.com/article/76701185,full_mirror,clean,verified_from_configured_author_id_and_title_signature,23,12967,,2026-01-16
guolei_macro-2026-01-16-广发宏观-2025年最后一份金融数据及结构性工具降息简评,guolei_macro,郭磊宏观茶座,广发证券,institutional_archive,【广发宏观】2025年最后一份金融数据及结构性工具降息简评,https://www.10100.com/article/77168264,full_mirror,clean,verified_from_configured_author_id_and_title_signature,0,10623,,2026-01-16
cicc_perspective-2026-01-15-中金宏观-外需平稳和节前赶工带动出口-2025年12月进出口点评,cicc_perspective,中金点睛,中金宏观,team_channel,中金宏观 | 外需平稳和节前赶工带动出口——2025年12月进出口点评,https://www.10100.com/article/148028890,full_mirror,clean,verified_from_configured_author_id,13,4135,,2026-01-15
sws_macro-2026-01-11-申万宏观赵伟团队-居者有其屋-昂贵的-美国梦,sws_macro,申万宏源宏观,申万宏源宏观,team_research_stream,申万宏观赵伟团队：居者有其屋，昂贵的“美国梦”,https://news.qq.com/rain/a/20260111A02O0J00,full_mirror,clean,verified_from_publisher_or_team_citation,35,5525,,2026-01-11
cicc_perspective-2026-01-10-中金宏观-美国就业弱平衡-1月降息概率低,cicc_perspective,中金点睛,中金宏观,team_channel,中金宏观 | 美国就业弱平衡，1月降息概率低,https://www.10100.com/article/148035308,full_mirror,clean,verified_from_configured_author_id,8,3836,,2026-01-10
cicc_perspective-2026-01-10-中金宏观-剔除外生扰动-核心CPI放缓-2025年12月物价数据点评,cicc_perspective,中金点睛,中金宏观,team_channel,中金宏观 | 剔除外生扰动，核心CPI放缓——2025年12月物价数据点评,https://www.10100.com/article/148029253,full_mirror,clean,verified_from_configured_author_id,11,4914,,2026-01-10
guolei_macro-2026-01-09-广发宏观-中美制造业为何呈现周期熨平特征,guolei_macro,郭磊宏观茶座,广发证券,institutional_archive,【广发宏观】中美制造业为何呈现周期熨平特征,https://www.10100.com/article/76475833,full_mirror,clean,verified_from_configured_author_id_and_title_signature,14,12217,,2026-01-09
guolei_macro-2026-01-09-广发宏观-12月PMI反季节性回升的中观线索,guolei_macro,郭磊宏观茶座,广发证券,institutional_archive,【广发宏观】12月PMI反季节性回升的中观线索,https://www.10100.com/article/76701157,full_mirror,clean,verified_from_configured_author_id_and_title_signature,3,6621,,2026-01-09
sws_macro-2026-01-06-国内高频-假期提振下人流出行走强-申万宏观-赵伟团队,sws_macro,申万宏源宏观,申万宏源宏观,team_research_stream,国内高频 | 假期提振下人流出行走强（申万宏观·赵伟团队）,https://news.qq.com/rain/a/20260106A06PIY00,full_mirror,clean,verified_from_publisher_or_team_citation,44,3066,,2026-01-06
cicc_perspective-2026-01-06-中金-AI拉动了多少出口,cicc_perspective,中金点睛,中金宏观,team_channel,中金：AI拉动了多少出口,https://www.10100.com/article/148041974,full_mirror,clean,verified_from_configured_author_id,18,4768,,2026-01-06
cicc_perspective-2026-01-05-中金宏观-增减并行-节奏或更平滑-2026年以旧换新政策点评,cicc_perspective,中金点睛,中金宏观,team_channel,中金宏观 | 增减并行，节奏或更平滑——2026年以旧换新政策点评,https://www.10100.com/article/148028894,full_mirror,clean,verified_from_configured_author_id,1,2980,,2026-01-05
cicc_perspective-2026-01-01-高技术制造业带动PMI上升-12月PMI点评,cicc_perspective,中金点睛,中金宏观,team_channel,高技术制造业带动PMI上升——12月PMI点评,https://www.10100.com/article/148035323,full_mirror,clean,verified_from_configured_author_id,8,3529,,2026-01-01
huatai_macro-2025-12-30-华泰宏观-图说美国宏观月报-12月美国金融条件进一步放松,huatai_macro,华泰宏观,华泰证券宏观研究,configured_public_index,【华泰宏观 | 图说美国宏观月报】12月美国金融条件进一步放松,https://www.10100.com/article/65958485,full_mirror,clean,verified_from_configured_author_id,21,3584,,2025-12-30
guolei_macro-2025-12-30-广发宏观-贵金属和有色金属继续上行背后,guolei_macro,郭磊宏观茶座,广发证券,institutional_archive,【广发宏观】贵金属和有色金属继续上行背后,https://www.10100.com/article/76475943,full_mirror,clean,verified_from_configured_author_id_and_title_signature,15,14580,,2025-12-30
guolei_macro-2025-12-30-广发宏观-前11个月工业企业利润结构分析-领跑和拖累行业,guolei_macro,郭磊宏观茶座,广发证券,institutional_archive,【广发宏观】前11个月工业企业利润结构分析：领跑和拖累行业,https://www.10100.com/article/76701192,full_mirror,clean,verified_from_configured_author_id_and_title_signature,3,8301,,2025-12-30
huatai_macro-2025-12-29-华泰宏观-图解国内周报-出口再度走强但内外需温差犹存,huatai_macro,华泰宏观,华泰证券宏观研究,configured_public_index,【华泰宏观 | 图解国内周报】出口再度走强但内外需温差犹存,https://www.10100.com/article/65958488,full_mirror,clean,verified_from_configured_author_id,31,10002,,2025-12-29
sws_macro-2025-12-28-热点思考-美联储扩表与QE时代的终结-流动性笔记-系列之七-申万宏观-赵伟团队,sws_macro,申万宏源宏观,申万宏源宏观,team_research_stream,热点思考 | 美联储扩表与QE时代的终结——“流动性笔记”系列之七（申万宏观·赵伟团队）,http://finance.sina.com.cn/stock/stockzmt/2025-12-30/doc-inhepvcp7392767.shtml,full_mirror,clean,verified_from_publisher_or_team_citation,36,6538,,2025-12-28
sws_macro-2025-12-28-海外高频-COMEX银刷新历史新高-申万宏观-赵伟团队,sws_macro,申万宏源宏观,申万宏源宏观,team_research_stream,海外高频 | COMEX银刷新历史新高  （申万宏观·赵伟团队）,https://news.qq.com/rain/a/20251228A00A7500,full_mirror,clean,verified_from_publisher_or_team_citation,43,4053,,2025-12-28
cicc_perspective-2025-12-27-中金宏观-投资收益错位计入-工企利润增速回落-2025年11月工业企业利润点评,cicc_perspective,中金点睛,中金宏观,team_channel,中金宏观 | 投资收益错位计入，工企利润增速回落 --- 2025年11月工业企业利润点评,https://www.10100.com/article/148029098,full_mirror,clean,verified_from_configured_author_id,7,4143,,2025-12-27
huatai_macro-2025-12-26-华泰宏观-人民币破7之后,huatai_macro,华泰宏观,华泰证券宏观研究,configured_public_index,【华泰宏观】人民币破7之后,https://www.10100.com/article/65862691,full_mirror,clean,verified_from_configured_author_id,8,4374,,2025-12-26
guolei_macro-2025-12-25-广发宏观-延续必要强度-优化发力路径-2026年财政政策展望,guolei_macro,郭磊宏观茶座,广发证券,institutional_archive,【广发宏观】延续必要强度，优化发力路径：2026年财政政策展望,https://www.10100.com/article/76490521,full_mirror,clean,verified_from_configured_author_id_and_title_signature,23,23857,,2025-12-25
guolei_macro-2025-12-25-广发宏观-居民消费率-初探,guolei_macro,郭磊宏观茶座,广发证券,institutional_archive,【广发宏观】“居民消费率”初探,https://www.10100.com/article/76475831,full_mirror,clean,verified_from_configured_author_id_and_title_signature,0,12653,,2025-12-25
cicc_perspective-2025-12-25-中金-供给侧促消费的路径,cicc_perspective,中金点睛,中金宏观,team_channel,中金：供给侧促消费的路径,https://www.10100.com/article/148041945,full_mirror,clean,verified_from_configured_author_id,4,8411,,2025-12-25
huatai_macro-2025-12-24-华泰宏观-美国政府关门如何影响CPI统计及读数,huatai_macro,华泰宏观,华泰证券宏观研究,configured_public_index,【华泰宏观】美国政府关门如何影响CPI统计及读数?,https://www.10100.com/article/65864548,full_mirror,clean,verified_from_configured_author_id,7,8818,,2025-12-24
huatai_macro-2025-12-24-华泰宏观-美国三季度GDP折年增速反弹至4-3,huatai_macro,华泰宏观,华泰证券宏观研究,configured_public_index,【华泰宏观】美国三季度GDP折年增速反弹至4.3%,https://www.10100.com/article/65958725,full_mirror,clean,verified_from_configured_author_id,7,3005,,2025-12-24
guolei_macro-2025-12-24-广发宏观-如何看美国三季度GDP,guolei_macro,郭磊宏观茶座,广发证券,institutional_archive,【广发宏观】如何看美国三季度GDP,https://www.10100.com/article/76475830,full_mirror,clean,verified_from_configured_author_id_and_title_signature,0,5936,,2025-12-24
guolei_macro-2025-12-24-广发宏观-12月经济初窥,guolei_macro,郭磊宏观茶座,广发证券,institutional_archive,【广发宏观】12月经济初窥,https://www.10100.com/article/76491618,full_mirror,clean,verified_from_configured_author_id_and_title_signature,5,8608,,2025-12-24
cicc_perspective-2025-12-24-中金宏观-消费与AI投资推升美国经济增长,cicc_perspective,中金点睛,中金宏观,team_channel,中金宏观 | 消费与AI投资推升美国经济增长,https://www.10100.com/article/148041952,full_mirror,clean,verified_from_configured_author_id,3,3726,,2025-12-24
sws_macro-2025-12-23-海外高频-日央行如期加息-美国11月非农-CPI弱于预期-申万宏观-赵伟团队,sws_macro,申万宏源宏观,申万宏源宏观,team_research_stream,海外高频 | 日央行如期加息，美国11月非农、CPI弱于预期（申万宏观·赵伟团队）,http://finance.sina.com.cn/cj/2025-12-23/doc-inhctaaw8896183.shtml,full_mirror,clean,verified_from_publisher_or_team_citation,41,4369,,2025-12-23
sws_macro-2025-12-22-热点思考-人民币升值-结汇潮-的助推-申万宏观-赵伟团队,sws_macro,申万宏源宏观,申万宏源宏观,team_research_stream,热点思考 | 人民币升值，“结汇潮”的助推？（申万宏观·赵伟团队）,https://news.qq.com/rain/a/20251222A07CSJ00,full_mirror,clean,verified_from_publisher_or_team_citation,38,6858,,2025-12-22
cicc_perspective-2025-12-22-中金-展望2026-增减-之间-读懂国内经济新逻辑与资产配置,cicc_perspective,中金点睛,中金宏观,team_channel,中金｜展望2026：“增减”之间，读懂国内经济新逻辑与资产配置,https://www.10100.com/article/148028900,full_mirror,clean,verified_from_configured_author_id,20,4698,,2025-12-22
sws_macro-2025-12-20-每周推荐-流动性-顺风-申万宏观-赵伟团队,sws_macro,申万宏源宏观,申万宏源宏观,team_research_stream,每周推荐 | 流动性“顺风”（申万宏观·赵伟团队）,https://news.qq.com/rain/a/20251220A03CAH00,full_mirror,clean,verified_from_publisher_or_team_citation,16,2107,,2025-12-20
cicc_perspective-2025-12-19-中金宏观-美国通胀降温-但数据质量成疑,cicc_perspective,中金点睛,中金宏观,team_channel,中金宏观 | 美国通胀降温，但数据质量成疑,https://www.10100.com/article/148035344,full_mirror,clean,verified_from_configured_author_id,2,3549,,2025-12-19
xuetao_macro-2025-12-17-宋雪涛-除掉AI的广义贡献-美国经济基本处于衰退边缘,xuetao_macro,雪涛宏观笔记,雪涛宏观笔记,exact,宋雪涛：除掉AI的广义贡献，美国经济基本处于衰退边缘,https://finance.sina.com.cn/stock/report/2025-12-17/doc-inhcazqf8969093.shtml,full_mirror,clean,verified_from_source,10,2625,,2025-12-17
guolei_macro-2025-12-17-广发宏观-美联储12月降息的关键信息及其影响,guolei_macro,郭磊宏观茶座,广发证券,institutional_archive,【广发宏观】美联储12月降息的关键信息及其影响,https://www.10100.com/article/76476004,full_mirror,clean,verified_from_configured_author_id_and_title_signature,0,9683,,2025-12-17
guolei_macro-2025-12-17-广发宏观-有效需求不足凸显-政策加力空间打开,guolei_macro,郭磊宏观茶座,广发证券,institutional_archive,【广发宏观】有效需求不足凸显，政策加力空间打开,https://www.10100.com/article/76490554,full_mirror,clean,verified_from_configured_author_id_and_title_signature,2,5035,,2025-12-17
sws_macro-2025-12-16-热点思考-存款搬家-市场误解了什么-申万宏观-赵伟团队,sws_macro,申万宏源宏观,申万宏源宏观,team_research_stream,热点思考 |“存款搬家”：市场误解了什么？（申万宏观·赵伟团队）,https://news.qq.com/rain/a/20251216A07DA700?media_id&suid,full_mirror,clean,verified_from_publisher_or_team_citation,33,7359,,2025-12-16
sws_macro-2025-12-15-海外高频-美联储FOMC会议偏鸽-关注下周经济数据-申万宏观-赵伟团队,sws_macro,申万宏源宏观,申万宏源宏观,team_research_stream,海外高频 | 美联储FOMC会议偏鸽，关注下周经济数据（申万宏观·赵伟团队）,https://finance.sina.com.cn/cj/2025-12-15/doc-inhauzhx4695383.shtml?cref=cj,full_mirror,clean,verified_from_publisher_or_team_citation,36,3464,,2025-12-15
huatai_macro-2025-12-14-华泰宏观-图解国内周报-中央经济工作会议持续关注高质量发展,huatai_macro,华泰宏观,华泰证券宏观研究,configured_public_index,【华泰宏观 | 图解国内周报】中央经济工作会议持续关注高质量发展,https://www.10100.com/article/65958707,full_mirror,clean,verified_from_configured_author_id,31,9773,,2025-12-14
huatai_macro-2025-12-12-华泰宏观-稳地产-促投资以支持内需-2025年中央经济工作会议点评,huatai_macro,华泰宏观,华泰证券宏观研究,configured_public_index,【华泰宏观】稳地产、促投资以支持内需——2025年中央经济工作会议点评,https://www.10100.com/article/65864498,full_mirror,clean,verified_from_configured_author_id,3,4998,,2025-12-12
huatai_macro-2025-12-11-华泰宏观-12月FOMC-如期降息并启动扩表,huatai_macro,华泰宏观,华泰证券宏观研究,configured_public_index,【华泰宏观】12月FOMC：如期降息并启动扩表,https://www.10100.com/article/65958708,full_mirror,clean,verified_from_configured_author_id,7,3573,,2025-12-11
cicc_perspective-2025-12-11-中金宏观-短期因素推动物价改善-2025年11月物价数据点评,cicc_perspective,中金点睛,中金宏观,team_channel,中金宏观 | 短期因素推动物价改善——2025年11月物价数据点评,https://www.10100.com/article/148041986,full_mirror,clean,verified_from_configured_author_id,11,4881,,2025-12-11
huatai_macro-2025-12-09-华泰宏观-图说全球PMI第二十九期-11月全球制造业景气度小幅回落,huatai_macro,华泰宏观,华泰证券宏观研究,configured_public_index,【华泰宏观】图说全球PMI第二十九期 | 11月全球制造业景气度小幅回落,https://www.10100.com/article/65864496,full_mirror,clean,verified_from_configured_author_id,22,3540,,2025-12-09
huatai_macro-2025-12-08-华泰宏观-11月出口增长如期反弹,huatai_macro,华泰宏观,华泰证券宏观研究,configured_public_index,【华泰宏观】11月出口增长如期反弹,https://www.10100.com/article/65958701,full_mirror,clean,verified_from_configured_author_id,6,5887,,2025-12-08
cicc_perspective-2025-12-08-中金宏观-内外需差异扩大-2025年11月进出口点评,cicc_perspective,中金点睛,中金宏观,team_channel,中金宏观 | 内外需差异扩大——2025年11月进出口点评,https://www.10100.com/article/148029131,full_mirror,clean,verified_from_configured_author_id,11,3549,,2025-12-08
cicc_perspective-2025-12-07-中金宏观-内外需分化加大-11月经济数据前瞻,cicc_perspective,中金点睛,中金宏观,team_channel,中金宏观 | 内外需分化加大——11月经济数据前瞻,https://www.10100.com/article/148041983,full_mirror,clean,verified_from_configured_author_id,1,4443,,2025-12-07
huatai_macro-2025-12-05-华泰宏观-人民币升值渐入佳境,huatai_macro,华泰宏观,华泰证券宏观研究,configured_public_index,【华泰宏观】人民币升值渐入佳境,https://www.10100.com/article/65958703,full_mirror,clean,verified_from_configured_author_id,11,5103,,2025-12-05
macrofans-2025-12-03-芦哲-明年资本市场将由流动性与科技双重驱动,macrofans,宏观fans哲,宏观fans哲,author_research_stream,芦哲：明年资本市场将由流动性与科技双重驱动,https://news.sina.cn/2025-12-03/detail-infznzqf1734351.d.html,abstract_only,flagged,verified_from_author_byline,0,1468,mirror_is_abstract,2025-12-03
huatai_macro-2025-12-03-华泰宏观-11月预览-物价指标有所改善,huatai_macro,华泰宏观,华泰证券宏观研究,configured_public_index,【华泰宏观】11月预览：物价指标有所改善,https://www.10100.com/article/65958756,full_mirror,clean,verified_from_configured_author_id,2,3113,,2025-12-03
cicc_perspective-2025-11-30-中金宏观-服务业带动综合PMI收缩-11月PMI点评,cicc_perspective,中金点睛,中金宏观,team_channel,中金宏观 | 服务业带动综合PMI收缩——11月PMI点评,https://www.10100.com/article/148028744,full_mirror,clean,verified_from_configured_author_id,10,5256,,2025-11-30
huatai_macro-2025-11-29-华泰宏观-图说美国宏观月报-美国政府重新开门后需求及流动性均有改善,huatai_macro,华泰宏观,华泰证券宏观研究,configured_public_index,【华泰宏观 | 图说美国宏观月报】美国政府重新开门后需求及流动性均有改善,https://www.10100.com/article/65864443,full_mirror,clean,verified_from_configured_author_id,13,3480,,2025-11-29
huatai_macro-2025-11-28-华泰宏观-月度波动不改工业企业盈利修复趋势-10月工企利润数据点评,huatai_macro,华泰宏观,华泰证券宏观研究,configured_public_index,【华泰宏观】月度波动不改工业企业盈利修复趋势——10月工企利润数据点评,https://www.10100.com/article/65864497,full_mirror,clean,verified_from_configured_author_id,9,4569,,2025-11-28
guolei_macro-2025-11-27-广发宏观-经济温差缩小-资产叙事收敛-2026年宏观环境展望,guolei_macro,郭磊宏观茶座,广发证券,institutional_archive,【广发宏观】经济温差缩小，资产叙事收敛：2026年宏观环境展望,https://www.10100.com/article/77168312,full_mirror,clean,verified_from_configured_author_id_and_title_signature,14,35784,,2025-11-27
guolei_macro-2025-11-27-广发宏观-促进房地产市场回稳的政策空间,guolei_macro,郭磊宏观茶座,广发证券,institutional_archive,【广发宏观】促进房地产市场回稳的政策空间,https://www.10100.com/article/76490555,full_mirror,clean,verified_from_configured_author_id_and_title_signature,16,14825,,2025-11-27
cicc_perspective-2025-11-27-中金宏观-利润回落的三个原因-2025年10月工业企业利润点评,cicc_perspective,中金点睛,中金宏观,team_channel,中金宏观 | 利润回落的三个原因 --- 2025年10月工业企业利润点评,https://www.10100.com/article/148035334,full_mirror,clean,verified_from_configured_author_id,7,3738,,2025-11-27
huatai_macro-2025-11-24-华泰宏观-图解海外周报-美国市场回调但增长数据稳健,huatai_macro,华泰宏观,华泰证券宏观研究,configured_public_index,【华泰宏观 | 图解海外周报】美国市场回调但增长数据稳健,https://www.10100.com/article/65864444,full_mirror,clean,verified_from_configured_author_id,27,3669,,2025-11-24
huatai_macro-2025-11-24-华泰宏观-专题-如何理解中观数据-温差,huatai_macro,华泰宏观,华泰证券宏观研究,configured_public_index,【华泰宏观|专题】如何理解中观数据“温差”？,https://www.10100.com/article/65958757,full_mirror,clean,verified_from_configured_author_id,15,7422,,2025-11-24
sws_macro-2025-11-23-热点思考-跟随市场-9月非农点评与12月美联储降息展望-申万宏观-赵伟团队,sws_macro,申万宏源宏观,申万宏源宏观,team_research_stream,热点思考 | 跟随市场——9月非农点评与12月美联储降息展望（申万宏观·赵伟团队）,https://finance.sina.com.cn/money/bond/2025-11-23/doc-infykxea4758203.shtml,full_mirror,clean,verified_from_publisher_or_team_citation,38,4960,,2025-11-23
macrofans-2025-11-21-宏观-芦哲-经济扩张与AI投资的双响-2026年度展望-海外宏观,macrofans,宏观fans哲,宏观fans哲,author_research_stream,【宏观*芦哲】经济扩张与AI投资的双响——2026年度展望：海外宏观,https://www.163.com/dy/article/KETJD8MR0519IGF7.html,full_mirror,clean,verified_from_author_byline,26,8205,,2025-11-21
huatai_macro-2025-11-21-华泰宏观-9月非农偏强印证增长加速,huatai_macro,华泰宏观,华泰证券宏观研究,configured_public_index,【华泰宏观】9月非农偏强印证增长加速,https://www.10100.com/article/65958761,full_mirror,clean,verified_from_configured_author_id,6,2695,,2025-11-21
guolei_macro-2025-11-21-广发宏观-明年通胀中枢会有所回升吗,guolei_macro,郭磊宏观茶座,广发证券,institutional_archive,【广发宏观】明年通胀中枢会有所回升吗？,https://www.10100.com/article/77168313,full_mirror,clean,verified_from_configured_author_id_and_title_signature,18,13192,,2025-11-21
guolei_macro-2025-11-21-广发宏观-11月经济初窥,guolei_macro,郭磊宏观茶座,广发证券,institutional_archive,【广发宏观】11月经济初窥,https://www.10100.com/article/76490556,full_mirror,clean,verified_from_configured_author_id_and_title_signature,3,6420,,2025-11-21
macrofans-2025-11-19-宏观-芦哲-总量增长有限-结构更重-实物-2026年度展望-中国财政,macrofans,宏观fans哲,宏观fans哲,author_research_stream,【宏观*芦哲】总量增长有限、结构更重“实物”——2026年度展望：中国财政,https://www.sohu.com/a/955971044_121123903?scm=10001.325_13-325_13.0.0.5_32,abstract_only,flagged,verified_from_author_byline,0,1362,mirror_is_abstract,2025-11-19
cicc_perspective-2025-11-19-中金宏观-如何看待税收收入修复-前10月财政数据点评,cicc_perspective,中金点睛,中金宏观,team_channel,中金宏观 | 如何看待税收收入修复？——前10月财政数据点评,https://www.10100.com/article/148041988,full_mirror,clean,verified_from_configured_author_id,7,4252,,2025-11-19
huatai_macro-2025-11-16-华泰宏观-图解海外周报-关注美国政府开门后数据发布高峰,huatai_macro,华泰宏观,华泰证券宏观研究,configured_public_index,【华泰宏观 | 图解海外周报】关注美国政府开门后数据发布高峰,https://www.10100.com/article/65864445,full_mirror,clean,verified_from_configured_author_id,27,3724,,2025-11-16
cicc_perspective-2025-11-14-中金宏观-政策加力必要性上升-10月经济数据点评,cicc_perspective,中金点睛,中金宏观,team_channel,中金宏观 | 政策加力必要性上升——10月经济数据点评,https://www.10100.com/article/148035349,full_mirror,clean,verified_from_configured_author_id,2,3733,,2025-11-14
huatai_macro-2025-11-13-华泰宏观-最高法院挑战-特朗普关税-后续如何,huatai_macro,华泰宏观,华泰证券宏观研究,configured_public_index,【华泰宏观】最高法院挑战“特朗普关税”后续如何？,https://www.10100.com/article/65958710,full_mirror,clean,verified_from_configured_author_id,6,5425,,2025-11-13
huatai_macro-2025-11-13-华泰宏观-政策性工具对社融的提振效果尚待显现-10月社融数据点评,huatai_macro,华泰宏观,华泰证券宏观研究,configured_public_index,【华泰宏观】政策性工具对社融的提振效果尚待显现——10月社融数据点评,https://www.10100.com/article/65864503,full_mirror,clean,verified_from_configured_author_id,7,3581,,2025-11-13
cicc_perspective-2025-11-12-中金宏观-由量转价-完善比价-拓宽空间-2025年三季度货币政策执行报告点评,cicc_perspective,中金点睛,中金宏观,team_channel,中金宏观 | 由量转价、完善比价、拓宽空间——2025年三季度货币政策执行报告点评,https://www.10100.com/article/148041989,full_mirror,clean,verified_from_configured_author_id,6,3667,,2025-11-12
macrofans-2025-11-10-芦哲-美国联邦政府停摆时长创历史新高,macrofans,宏观fans哲,宏观fans哲,author_research_stream,芦哲：美国联邦政府停摆时长创历史新高,https://www.163.com/dy/article/KE17M9FN0519IGF7.html,full_mirror,clean,verified_from_author_byline,25,3367,,2025-11-10
huatai_macro-2025-11-10-华泰宏观-图说全球PMI第二十八期-10-月全球制造业景气度继续回暖,huatai_macro,华泰宏观,华泰证券宏观研究,configured_public_index,【华泰宏观】图说全球PMI第二十八期 | 10 月全球制造业景气度继续回暖,https://www.10100.com/article/65864451,full_mirror,clean,verified_from_configured_author_id,22,3501,,2025-11-10
huatai_macro-2025-11-10-华泰宏观-图解国内周报-工业生产及出口景气度回升,huatai_macro,华泰宏观,华泰证券宏观研究,configured_public_index,【华泰宏观 | 图解国内周报】工业生产及出口景气度回升,https://www.10100.com/article/65958765,full_mirror,clean,verified_from_configured_author_id,30,10344,,2025-11-10
guolei_macro-2025-11-10-广发宏观-如何看10月通胀数据及其影响链条,guolei_macro,郭磊宏观茶座,广发证券,institutional_archive,【广发宏观】如何看10月通胀数据及其影响链条,https://www.10100.com/article/76491652,full_mirror,clean,verified_from_configured_author_id_and_title_signature,2,4470,,2025-11-10
guolei_macro-2025-11-10-广发宏观-中国经济增长的五个潜在空间,guolei_macro,郭磊宏观茶座,广发证券,institutional_archive,【广发宏观】中国经济增长的五个潜在空间,https://www.10100.com/article/76475894,full_mirror,clean,verified_from_configured_author_id_and_title_signature,19,13844,,2025-11-10
cicc_perspective-2025-11-10-中金宏观-物价修复基础待巩固-2025年10月物价数据点评,cicc_perspective,中金点睛,中金宏观,team_channel,中金宏观 | 物价修复基础待巩固——2025年10月物价数据点评,https://www.10100.com/article/148028749,full_mirror,clean,verified_from_configured_author_id,11,4976,,2025-11-10
huatai_macro-2025-11-08-华泰宏观-短期扰动暂时压低10月出口,huatai_macro,华泰宏观,华泰证券宏观研究,configured_public_index,【华泰宏观】短期扰动暂时压低10月出口,https://www.10100.com/article/65958772,full_mirror,clean,verified_from_configured_author_id,8,5397,,2025-11-08
cicc_perspective-2025-11-07-中金宏观-剔除基数-出口仍然平稳-2025年10月进出口点评,cicc_perspective,中金点睛,中金宏观,team_channel,中金宏观 | 剔除基数，出口仍然平稳——2025年10月进出口点评,https://www.10100.com/article/148028739,full_mirror,clean,verified_from_configured_author_id,11,3346,,2025-11-07
huatai_macro-2025-11-06-华泰宏观-深度-为何出口增长-将-无惧关税波动,huatai_macro,华泰宏观,华泰证券宏观研究,configured_public_index,【华泰宏观｜深度】为何出口增长（将）无惧关税波动？,https://www.10100.com/article/65958722,full_mirror,clean,verified_from_configured_author_id,21,15242,,2025-11-06
sws_macro-2025-11-05-月度前瞻-短期经济会否-超预期-申万宏观-赵伟团队,sws_macro,申万宏源宏观,申万宏源宏观,team_research_stream,月度前瞻 | 短期经济会否“超预期”？（申万宏观·赵伟团队）,https://finance.sina.com.cn/cj/2025-11-05/doc-infwhksm4933056.shtml,full_mirror,clean,verified_from_publisher_or_team_citation,37,5762,,2025-11-05
cicc_perspective-2025-11-04-中金宏观-经济增速或放缓-10月经济数据前瞻,cicc_perspective,中金点睛,中金宏观,team_channel,中金宏观 | 经济增速或放缓 ——10月经济数据前瞻,https://www.10100.com/article/148035324,full_mirror,clean,verified_from_configured_author_id,1,4615,,2025-11-04
huatai_macro-2025-11-03-华泰宏观-深度-不均衡的经济-再加速-2026美国宏观展望,huatai_macro,华泰宏观,华泰证券宏观研究,configured_public_index,【华泰宏观|深度】不均衡的经济“再加速”——2026美国宏观展望,https://www.10100.com/article/65864446,full_mirror,clean,verified_from_configured_author_id,24,16671,,2025-11-03
cicc_perspective-2025-10-31-中金宏观-季节性因素以外-供需皆走弱-10月PMI点评,cicc_perspective,中金点睛,中金宏观,team_channel,中金宏观 | 季节性因素以外，供需皆走弱——10月PMI点评,https://www.10100.com/article/148029097,full_mirror,clean,verified_from_configured_author_id,10,3925,,2025-10-31
macrofans-2025-10-30-宏观-芦哲-技术帖-美联储是如何决策加息降息的,macrofans,宏观fans哲,宏观fans哲,author_research_stream,【宏观*芦哲】技术帖：美联储是如何决策加息降息的？,https://www.sohu.com/a/948978050_121123903?scm=10001.325_13-325_13.0.0.5_32,abstract_only,flagged,verified_from_author_byline,0,1550,mirror_is_abstract,2025-10-30
guolei_macro-2025-10-28-广发宏观丨美国通胀数据巩固10月降息预期,guolei_macro,郭磊宏观茶座,广发证券,institutional_archive,广发宏观丨美国通胀数据巩固10月降息预期,https://www.10100.com/article/76475897,full_mirror,clean,verified_from_configured_author_id_and_title_signature,3,8233,,2025-10-28
guolei_macro-2025-10-28-广发宏观丨投资补短板-观测四季度和明年经济的关键线索,guolei_macro,郭磊宏观茶座,广发证券,institutional_archive,广发宏观丨投资补短板：观测四季度和明年经济的关键线索,https://www.10100.com/article/76490557,full_mirror,clean,verified_from_configured_author_id_and_title_signature,23,15037,,2025-10-28
huatai_macro-2025-10-27-华泰宏观-工业企业现金流有所改善-9月工企利润数据点评,huatai_macro,华泰宏观,华泰证券宏观研究,configured_public_index,【华泰宏观】工业企业现金流有所改善——9月工企利润数据点评,https://www.10100.com/article/65958762,full_mirror,clean,verified_from_configured_author_id,7,4221,,2025-10-27
cicc_perspective-2025-10-27-中金宏观-两个因素支撑利润-2025年9月工业企业利润点评,cicc_perspective,中金点睛,中金宏观,team_channel,中金宏观 | 两个因素支撑利润 --- 2025年9月工业企业利润点评,https://www.10100.com/article/148041946,full_mirror,clean,verified_from_configured_author_id,9,3947,,2025-10-27
guolei_macro-2025-10-24-广发宏观-四中全会公报关键细节研读,guolei_macro,郭磊宏观茶座,广发证券,institutional_archive,【广发宏观】四中全会公报关键细节研读,https://www.10100.com/article/76490588,full_mirror,clean,verified_from_configured_author_id_and_title_signature,0,10213,,2025-10-24
huatai_macro-2025-10-22-华泰宏观-深度-美国的-双速经济-格局及其资产价格含义,huatai_macro,华泰宏观,华泰证券宏观研究,configured_public_index,【华泰宏观|深度】美国的“双速经济”格局及其资产价格含义,https://www.10100.com/article/65864559,full_mirror,clean,verified_from_configured_author_id,13,7415,,2025-10-22
cicc_perspective-2025-10-20-内需走弱-政策待加码-9月经济数据点评,cicc_perspective,中金点睛,中金宏观,team_channel,内需走弱，政策待加码——9月经济数据点评,https://www.10100.com/article/148028741,full_mirror,clean,verified_from_configured_author_id,1,3816,,2025-10-20
huatai_macro-2025-10-18-华泰宏观-9月财政支出增速边际放缓,huatai_macro,华泰宏观,华泰证券宏观研究,configured_public_index,【华泰宏观】9月财政支出增速边际放缓,https://www.10100.com/article/65864560,full_mirror,clean,verified_from_configured_author_id,7,3992,,2025-10-18
cicc_perspective-2025-10-16-中金宏观-核心CPI改善持续性待观察-2025年9月物价数据点评,cicc_perspective,中金点睛,中金宏观,team_channel,中金宏观 | 核心CPI改善持续性待观察——2025年9月物价数据点评,https://www.10100.com/article/148028913,full_mirror,clean,verified_from_configured_author_id,13,4881,,2025-10-16
macrofans-2025-10-15-芦哲-每周宏观经济和资产配置研判,macrofans,宏观fans哲,宏观fans哲,author_research_stream,芦哲：每周宏观经济和资产配置研判,https://finance.sina.com.cn/stock/stockzmt/2025-10-15/doc-inftxuqp1254415.shtml,full_mirror,clean,verified_from_author_byline,6,1808,,2025-10-15
cicc_perspective-2025-10-14-中金宏观-剔除扰动-出口仍显韧性-2025年9月进出口点评,cicc_perspective,中金点睛,中金宏观,team_channel,中金宏观 | 剔除扰动，出口仍显韧性——2025年9月进出口点评,https://www.10100.com/article/148035346,full_mirror,clean,verified_from_configured_author_id,9,3250,,2025-10-14
guolei_macro-2025-10-13-广发宏观-关于外部关税扰动-三点历史经验,guolei_macro,郭磊宏观茶座,广发证券,institutional_archive,【广发宏观】关于外部关税扰动：三点历史经验,https://www.10100.com/article/76701286,full_mirror,clean,verified_from_configured_author_id_and_title_signature,21,11993,,2025-10-13
guolei_macro-2025-10-13-广发宏观-9月经济的中观面拆解,guolei_macro,郭磊宏观茶座,广发证券,institutional_archive,【广发宏观】9月经济的中观面拆解,https://www.10100.com/article/77169090,full_mirror,clean,verified_from_configured_author_id_and_title_signature,5,7247,,2025-10-13
cicc_perspective-2025-10-08-中金宏观-内需偏弱-社融趋缓-9月经济数据前瞻,cicc_perspective,中金点睛,中金宏观,team_channel,中金宏观 | 内需偏弱，社融趋缓——9月经济数据前瞻,https://www.10100.com/article/148029308,full_mirror,clean,verified_from_configured_author_id,1,4209,,2025-10-08
huatai_macro-2025-10-07-华泰宏观-9-月预览-出口增长反弹-内需仍偏弱,huatai_macro,华泰宏观,华泰证券宏观研究,configured_public_index,【华泰宏观】9 月预览：出口增长反弹，内需仍偏弱,https://www.10100.com/article/65864611,full_mirror,clean,verified_from_configured_author_id,2,2938,,2025-10-07
huatai_macro-2025-10-02-华泰宏观-图解国内月报-出口回升-反内卷影响有所减轻,huatai_macro,华泰宏观,华泰证券宏观研究,configured_public_index,【华泰宏观 | 图解国内月报】出口回升，反内卷影响有所减轻,https://www.10100.com/article/65958787,full_mirror,clean,verified_from_configured_author_id,22,3591,,2025-10-02
cicc_perspective-2025-09-30-中金宏观-供需差异继续扩大-9月PMI点评,cicc_perspective,中金点睛,中金宏观,team_channel,中金宏观 | 供需差异继续扩大——9月PMI点评,https://www.10100.com/article/148041965,full_mirror,clean,verified_from_configured_author_id,10,3817,,2025-09-30
huatai_macro-2025-09-29-华泰宏观-若美国政府10月1日暂时关门-影响几何,huatai_macro,华泰宏观,华泰证券宏观研究,configured_public_index,【华泰宏观】若美国政府10月1日暂时关门，影响几何？,https://www.10100.com/article/65958715,full_mirror,clean,verified_from_configured_author_id,8,9833,,2025-09-29
huatai_macro-2025-09-29-华泰宏观-图解海外周报-美国经济动能回升-美元反弹,huatai_macro,华泰宏观,华泰证券宏观研究,configured_public_index,【华泰宏观 | 图解海外周报】美国经济动能回升，美元反弹,https://www.10100.com/article/65864463,full_mirror,clean,verified_from_configured_author_id,30,3918,,2025-09-29
huatai_macro-2025-09-28-华泰宏观-低基数推动8月工企利润同比回升,huatai_macro,华泰宏观,华泰证券宏观研究,configured_public_index,【华泰宏观】低基数推动8月工企利润同比回升,https://www.10100.com/article/65958771,full_mirror,clean,verified_from_configured_author_id,9,4029,,2025-09-28
cicc_perspective-2025-09-28-中金宏观-其他损益推升利润-2025年8月工业企业利润点评,cicc_perspective,中金点睛,中金宏观,team_channel,中金宏观 | 其他损益推升利润 --- 2025年8月工业企业利润点评,https://www.10100.com/article/148028915,full_mirror,clean,verified_from_configured_author_id,31,6793,,2025-09-28
guolei_macro-2025-09-24-广发宏观-9月经济初窥,guolei_macro,郭磊宏观茶座,广发证券,institutional_archive,【广发宏观】9月经济初窥,https://www.10100.com/article/76475966,full_mirror,clean,verified_from_configured_author_id_and_title_signature,3,6957,,2025-09-24
macrofans-2025-09-23-新一轮稳增长-10月中下旬是重要窗口,macrofans,宏观fans哲,宏观fans哲,author_research_stream,新一轮稳增长：10月中下旬是重要窗口,https://finance.sina.com.cn/stock/marketresearch/2025-09-23/doc-infrmtus0777875.shtml,full_mirror,clean,verified_from_publisher_citation,9,2592,,2025-09-23
guolei_macro-2025-09-23-广发宏观-年内第三轮政策集中发力期,guolei_macro,郭磊宏观茶座,广发证券,institutional_archive,【广发宏观】年内第三轮政策集中发力期,https://www.10100.com/article/76475901,full_mirror,clean,verified_from_configured_author_id_and_title_signature,20,13447,,2025-09-23
cicc_perspective-2025-09-23-中金宏观-工企利润修复路径探究,cicc_perspective,中金点睛,中金宏观,team_channel,中金宏观 | 工企利润修复路径探究,https://www.10100.com/article/148029309,full_mirror,clean,verified_from_configured_author_id,8,4979,,2025-09-23
huatai_macro-2025-09-22-华泰宏观-图解国内周报-出口维持韧性-十一长假出行预定火爆,huatai_macro,华泰宏观,华泰证券宏观研究,configured_public_index,"【华泰宏观 | 图解国内周报】出口维持韧性,十一长假出行预定火爆",https://www.10100.com/article/65864465,full_mirror,clean,verified_from_configured_author_id,40,8960,,2025-09-22
macrofans-2025-09-19-芦哲-9月FOMC-重启降息-2025年9月FOMC会议点评,macrofans,宏观fans哲,宏观fans哲,author_research_stream,芦哲：9月FOMC-重启降息——2025年9月FOMC会议点评,https://www.163.com/dy/article/K9RC09HT0519IGF7.html,full_mirror,clean,verified_from_author_byline,14,3206,,2025-09-19
guolei_macro-2025-09-18-广发宏观-美联储9月降息的宏观与资产定价含义,guolei_macro,郭磊宏观茶座,广发证券,institutional_archive,【广发宏观】美联储9月降息的宏观与资产定价含义,https://www.10100.com/article/76475908,full_mirror,clean,verified_from_configured_author_id_and_title_signature,18,13812,,2025-09-18
guolei_macro-2025-09-18-广发宏观-经济数据延续放缓-政策加力概率上升,guolei_macro,郭磊宏观茶座,广发证券,institutional_archive,【广发宏观】经济数据延续放缓，政策加力概率上升,https://www.10100.com/article/76490564,full_mirror,clean,verified_from_configured_author_id_and_title_signature,2,6814,,2025-09-18
cicc_perspective-2025-09-18-中金-美联储在供给症结下克制降息,cicc_perspective,中金点睛,中金宏观,team_channel,中金：美联储在供给症结下克制降息,https://www.10100.com/article/148041998,full_mirror,clean,verified_from_configured_author_id,7,3760,,2025-09-18
huatai_macro-2025-09-17-华泰宏观-8月财政支出力度有所走弱,huatai_macro,华泰宏观,华泰证券宏观研究,configured_public_index,【华泰宏观】8月财政支出力度有所走弱,https://www.10100.com/article/65864448,full_mirror,clean,verified_from_configured_author_id,7,4167,,2025-09-17
huatai_macro-2025-09-15-华泰宏观-图解国内周报-二手房回暖-居民-存款转投资-加速,huatai_macro,华泰宏观,华泰证券宏观研究,configured_public_index,【华泰宏观 | 图解国内周报】二手房回暖，居民“存款转投资”加速,https://www.10100.com/article/65958709,full_mirror,clean,verified_from_configured_author_id,27,9031,,2025-09-15
huatai_macro-2025-09-15-华泰宏观-9月FOMC预览-联储重启降息-关注点阵图,huatai_macro,华泰宏观,华泰证券宏观研究,configured_public_index,【华泰宏观】9月FOMC预览：联储重启降息，关注点阵图,https://www.10100.com/article/65864502,full_mirror,clean,verified_from_configured_author_id,4,2839,,2025-09-15
huatai_macro-2025-09-12-华泰宏观-美国8月CPI-关税传导仍然可控,huatai_macro,华泰宏观,华泰证券宏观研究,configured_public_index,【华泰宏观】美国8月CPI：关税传导仍然可控,https://www.10100.com/article/65864500,full_mirror,clean,verified_from_configured_author_id,5,3021,,2025-09-12
huatai_macro-2025-09-11-华泰宏观-深度-今年财政发力的特点-前景及影响,huatai_macro,华泰宏观,华泰证券宏观研究,configured_public_index,【华泰宏观|深度】今年财政发力的特点、前景及影响,https://www.10100.com/article/65958764,full_mirror,clean,verified_from_configured_author_id,27,15606,,2025-09-11
guolei_macro-2025-09-09-广发宏观-今年经济节奏为何季末高-季初低,guolei_macro,郭磊宏观茶座,广发证券,institutional_archive,广发宏观｜今年经济节奏为何季末高、季初低,https://www.10100.com/article/77169042,full_mirror,clean,verified_from_configured_author_id_and_title_signature,21,12700,,2025-09-09
sws_macro-2025-09-08-热点思考-主权债务-迷你风暴-申万宏观-赵伟团队,sws_macro,申万宏源宏观,申万宏源宏观,team_research_stream,热点思考 | 主权债务“迷你风暴”（申万宏观·赵伟团队）,https://news.qq.com/rain/a/20250908A00B3F00?app=news&id=20250908A00B3F00&path=a&redirect_pc=1&suid,full_mirror,clean,verified_from_publisher_or_team_citation,37,10127,,2025-09-08
huatai_macro-2025-09-08-华泰宏观-图解国内周报-地产预期暂稳-出口再拾升势,huatai_macro,华泰宏观,华泰证券宏观研究,configured_public_index,【华泰宏观 | 图解国内周报】地产预期暂稳，出口再拾升势,https://www.10100.com/article/65958783,full_mirror,clean,verified_from_configured_author_id,30,8802,,2025-09-08
cicc_perspective-2025-09-08-中金宏观-出口前置效应消退-2025年8月进出口点评,cicc_perspective,中金点睛,中金宏观,team_channel,中金宏观 | 出口前置效应消退——2025年8月进出口点评,https://www.10100.com/article/148028908,full_mirror,clean,verified_from_configured_author_id,11,3450,,2025-09-08
xuetao_macro-2025-09-07-国金证券宋雪涛-非农寒烟起-降息秋风急,xuetao_macro,雪涛宏观笔记,雪涛宏观笔记,exact,国金证券宋雪涛：非农寒烟起 降息秋风急,https://finance.sina.com.cn/stock/hkstock/hkstocknews/2025-09-07/doc-infpsaum0745455.shtml,full_mirror,clean,verified_from_source,7,1981,,2025-09-07
cicc_perspective-2025-09-07-中金宏观-经济增速或放缓-8月经济数据前瞻,cicc_perspective,中金点睛,中金宏观,team_channel,中金宏观 | 经济增速或放缓——8月经济数据前瞻,https://www.10100.com/article/148035341,full_mirror,clean,verified_from_configured_author_id,1,4152,,2025-09-07
sws_macro-2025-09-06-申万宏观周度研究成果8-30-9-5,sws_macro,申万宏源宏观,申万宏源宏观,team_research_stream,申万宏观周度研究成果8.30-9.5,https://business.sohu.com/a/932423198_122014422,abstract_only,flagged,verified_from_publisher_or_team_citation,0,713,mirror_is_abstract,2025-09-06
huatai_macro-2025-09-05-华泰宏观-金价再创新高-重温-长牛逻辑,huatai_macro,华泰宏观,华泰证券宏观研究,configured_public_index,【华泰宏观】金价再创新高，重温“长牛逻辑”,https://www.10100.com/article/65864515,full_mirror,clean,verified_from_configured_author_id,8,3846,,2025-09-05
huatai_macro-2025-09-03-华泰宏观-8月预览-低基数助力经济活动同比企稳-PPI降幅收窄,huatai_macro,华泰宏观,华泰证券宏观研究,configured_public_index,【华泰宏观】8月预览：低基数助力经济活动同比企稳，PPI降幅收窄,https://www.10100.com/article/65958780,full_mirror,clean,verified_from_configured_author_id,2,2930,,2025-09-03
huatai_macro-2025-09-02-华泰宏观-图说美国宏观月报-联储立场转鸽支撑债市流动性,huatai_macro,华泰宏观,华泰证券宏观研究,configured_public_index,【华泰宏观 | 图说美国宏观月报】联储立场转鸽支撑债市流动性,https://www.10100.com/article/65958768,full_mirror,clean,verified_from_configured_author_id,22,3651,,2025-09-02
huatai_macro-2025-09-02-华泰宏观-图解国内月报-人民币加速升值-流动性保持宽松,huatai_macro,华泰宏观,华泰证券宏观研究,configured_public_index,【华泰宏观 | 图解国内月报】人民币加速升值，流动性保持宽松,https://www.10100.com/article/65864536,full_mirror,clean,verified_from_configured_author_id,13,3373,,2025-09-02
huatai_macro-2025-09-01-华泰宏观-图解海外周报-特朗普对联储的施压升级,huatai_macro,华泰宏观,华泰证券宏观研究,configured_public_index,【华泰宏观 | 图解海外周报】特朗普对联储的施压升级,https://www.10100.com/article/65958713,full_mirror,clean,verified_from_configured_author_id,26,3757,,2025-09-01
cicc_perspective-2025-08-31-中金宏观-制造业环比降幅收窄-预期改善-8月PMI点评,cicc_perspective,中金点睛,中金宏观,team_channel,中金宏观 | 制造业环比降幅收窄，预期改善——8月PMI点评,https://www.10100.com/article/148029144,full_mirror,clean,verified_from_configured_author_id,12,5935,,2025-08-31
huatai_macro-2025-08-28-华泰宏观-工业企业盈利延续改善态势,huatai_macro,华泰宏观,华泰证券宏观研究,configured_public_index,【华泰宏观】工业企业盈利延续改善态势,https://www.10100.com/article/65864453,full_mirror,clean,verified_from_configured_author_id,11,4127,,2025-08-28
guolei_macro-2025-08-28-广发宏观-资产的高成长叙事一般是在什么样的宏观阶段,guolei_macro,郭磊宏观茶座,广发证券,institutional_archive,【广发宏观】资产的高成长叙事一般是在什么样的宏观阶段？,https://www.10100.com/article/76476032,full_mirror,clean,verified_from_configured_author_id_and_title_signature,21,13665,,2025-08-28
guolei_macro-2025-08-28-广发宏观-地产政策-沪六条-与宏观经济,guolei_macro,郭磊宏观茶座,广发证券,institutional_archive,【广发宏观】地产政策、“沪六条”与宏观经济,https://www.10100.com/article/76701268,full_mirror,clean,verified_from_configured_author_id_and_title_signature,1,6567,,2025-08-28
cicc_perspective-2025-08-27-中金宏观-成本下降-利润改善-2025年7月工业企业利润点评,cicc_perspective,中金点睛,中金宏观,team_channel,中金宏观 | 成本下降，利润改善 --- 2025年7月工业企业利润点评,https://www.10100.com/article/148028901,full_mirror,clean,verified_from_configured_author_id,9,3352,,2025-08-27
huatai_macro-2025-08-26-华泰宏观-关税影响高频跟踪-8月美国进口或有所放缓-8月26日,huatai_macro,华泰宏观,华泰证券宏观研究,configured_public_index,【华泰宏观｜关税影响高频跟踪】8月美国进口或有所放缓（8月26日）,https://www.10100.com/article/65864550,full_mirror,clean,verified_from_configured_author_id,21,3617,,2025-08-26
cicc_perspective-2025-08-26-中金-破解出口好于市场预期的原因,cicc_perspective,中金点睛,中金宏观,team_channel,中金：破解出口好于市场预期的原因,https://www.10100.com/article/148029134,full_mirror,clean,verified_from_configured_author_id,12,4137,,2025-08-26
cicc_perspective-2025-08-26-中金-不宜过度解读鲍威尔的-鸽,cicc_perspective,中金点睛,中金宏观,team_channel,中金：不宜过度解读鲍威尔的“鸽”,https://www.10100.com/article/148035345,full_mirror,clean,verified_from_configured_author_id,6,4565,,2025-08-26
huatai_macro-2025-08-25-华泰宏观-专题-AI发展是否导致美国就业放缓,huatai_macro,华泰宏观,华泰证券宏观研究,configured_public_index,【华泰宏观｜专题】AI发展是否导致美国就业放缓？,https://www.10100.com/article/65958777,full_mirror,clean,verified_from_configured_author_id,23,9895,,2025-08-25
huatai_macro-2025-08-23-华泰宏观-专题-如何理解美国就业数据的大幅修订,huatai_macro,华泰宏观,华泰证券宏观研究,configured_public_index,【华泰宏观｜专题】如何理解美国就业数据的大幅修订？,https://www.10100.com/article/65958778,full_mirror,clean,verified_from_configured_author_id,14,7344,,2025-08-23
guolei_macro-2025-08-19-广发宏观-从国务院第九次全体会议看短期政策重点,guolei_macro,郭磊宏观茶座,广发证券,institutional_archive,【广发宏观】从国务院第九次全体会议看短期政策重点,https://www.10100.com/article/76701227,full_mirror,clean,verified_from_configured_author_id_and_title_signature,0,4366,,2025-08-19
guolei_macro-2025-08-19-广发宏观-8月经济初窥,guolei_macro,郭磊宏观茶座,广发证券,institutional_archive,【广发宏观】8月经济初窥,https://www.10100.com/article/77169044,full_mirror,clean,verified_from_configured_author_id_and_title_signature,5,7616,,2025-08-19
huatai_macro-2025-08-18-华泰宏观-图解海外周报-美国消费维持韧性-通胀分化,huatai_macro,华泰宏观,华泰证券宏观研究,configured_public_index,【华泰宏观 | 图解海外周报】美国消费维持韧性，通胀分化,https://www.10100.com/article/65864624,full_mirror,clean,verified_from_configured_author_id,26,3750,,2025-08-18
huatai_macro-2025-08-17-华泰宏观-2季度货币政策执行报告-下半年或仍以结构性货币政策为主,huatai_macro,华泰宏观,华泰证券宏观研究,configured_public_index,【华泰宏观】2季度货币政策执行报告：下半年或仍以结构性货币政策为主,https://www.10100.com/article/65864572,full_mirror,clean,verified_from_configured_author_id,4,3355,,2025-08-17
huatai_macro-2025-08-16-华泰宏观-多重因素共振-7月经济数据走弱,huatai_macro,华泰宏观,华泰证券宏观研究,configured_public_index,【华泰宏观】多重因素共振，7月经济数据走弱,https://www.10100.com/article/65958739,full_mirror,clean,verified_from_configured_author_id,9,6615,,2025-08-16
cicc_perspective-2025-08-15-中金宏观-内需继续回落-7月经济数据点评,cicc_perspective,中金点睛,中金宏观,team_channel,中金宏观 | 内需继续回落——7月经济数据点评,https://www.10100.com/article/148041987,full_mirror,clean,verified_from_configured_author_id,2,3762,,2025-08-15
huatai_macro-2025-08-14-华泰宏观-7月-货币加速-贷款减速的背后,huatai_macro,华泰宏观,华泰证券宏观研究,configured_public_index,【华泰宏观】7月：货币加速、贷款减速的背后,https://www.10100.com/article/65864625,full_mirror,clean,verified_from_configured_author_id,5,4487,,2025-08-14
guolei_macro-2025-08-14-广发宏观-对个人消费贷款与服务业贷款贴息政策的理解,guolei_macro,郭磊宏观茶座,广发证券,institutional_archive,【广发宏观】对个人消费贷款与服务业贷款贴息政策的理解,https://www.10100.com/article/76476037,full_mirror,clean,verified_from_configured_author_id_and_title_signature,0,9704,,2025-08-14
huatai_macro-2025-08-13-华泰宏观-美国7月CPI-关税对通胀传导较为温和,huatai_macro,华泰宏观,华泰证券宏观研究,configured_public_index,【华泰宏观】美国7月CPI：关税对通胀传导较为温和,https://www.10100.com/article/65958794,full_mirror,clean,verified_from_configured_author_id,6,2987,,2025-08-13
huatai_macro-2025-08-11-华泰宏观-图解海外周报-经济数据趋弱-联储表态转鸽,huatai_macro,华泰宏观,华泰证券宏观研究,configured_public_index,【华泰宏观 | 图解海外周报】经济数据趋弱，联储表态转鸽,https://www.10100.com/article/65958799,full_mirror,clean,verified_from_configured_author_id,26,3668,,2025-08-11
huatai_macro-2025-08-11-华泰宏观-图解国内周报-通胀指标环比改善-北京优化地产限购,huatai_macro,华泰宏观,华泰证券宏观研究,configured_public_index,【华泰宏观 | 图解国内周报】通胀指标环比改善，北京优化地产限购,https://www.10100.com/article/65864573,full_mirror,clean,verified_from_configured_author_id,30,8354,,2025-08-11
guolei_macro-2025-08-11-广发宏观-本轮权益资产定价修复-复盘与展望,guolei_macro,郭磊宏观茶座,广发证券,institutional_archive,【广发宏观】本轮权益资产定价修复：复盘与展望,https://www.10100.com/article/76475932,full_mirror,clean,verified_from_configured_author_id_and_title_signature,0,10605,,2025-08-11
guolei_macro-2025-08-11-广发宏观-展望十五五-把握新线索-2025年中期政策环境展望,guolei_macro,郭磊宏观茶座,广发证券,institutional_archive,【广发宏观】展望十五五，把握新线索：2025年中期政策环境展望,https://www.10100.com/article/76491668,full_mirror,clean,verified_from_configured_author_id_and_title_signature,0,38339,,2025-08-11
huatai_macro-2025-08-08-华泰宏观-多重因素推动-7-月进出口回升,huatai_macro,华泰宏观,华泰证券宏观研究,configured_public_index,【华泰宏观】多重因素推动 7 月进出口回升,https://www.10100.com/article/65864574,full_mirror,clean,verified_from_configured_author_id,6,5546,,2025-08-08
cicc_perspective-2025-08-08-中金宏观-排除基数后出口平稳-2025年7月进出口点评,cicc_perspective,中金点睛,中金宏观,team_channel,中金宏观 | 排除基数后出口平稳——2025年7月进出口点评,https://www.10100.com/article/148028746,full_mirror,clean,verified_from_configured_author_id,11,3580,,2025-08-08
cicc_perspective-2025-08-06-中金-欧盟财政-改革还是革命,cicc_perspective,中金点睛,中金宏观,team_channel,中金 | 欧盟财政：改革还是革命？,https://www.10100.com/article/148029301,full_mirror,clean,verified_from_configured_author_id,28,24597,,2025-08-06
cicc_perspective-2025-08-06-中金-利率底部在哪-漫长的周期系列-二,cicc_perspective,中金点睛,中金宏观,team_channel,中金：利率底部在哪 | 漫长的周期系列（二）,https://www.10100.com/article/148035339,full_mirror,clean,verified_from_configured_author_id,33,18337,,2025-08-06
huatai_macro-2025-08-05-华泰宏观-7-月预览-出口反弹-政府债发力推升社融增长,huatai_macro,华泰宏观,华泰证券宏观研究,configured_public_index,【华泰宏观】7 月预览：出口反弹，政府债发力推升社融增长,https://www.10100.com/article/65958729,full_mirror,clean,verified_from_configured_author_id,2,3196,,2025-08-05
cicc_perspective-2025-08-03-中金宏观-产需增速或分化-2025年7月经济数据前瞻,cicc_perspective,中金点睛,中金宏观,team_channel,中金宏观 | 产需增速或分化——2025年7月经济数据前瞻,https://www.10100.com/article/148035351,full_mirror,clean,verified_from_configured_author_id,1,4116,,2025-08-03
huatai_macro-2025-08-02-华泰宏观-海外宏观月报-全球增长暂时维持韧性-美国关税再度抬升,huatai_macro,华泰宏观,华泰证券宏观研究,configured_public_index,【华泰宏观 | 海外宏观月报】全球增长暂时维持韧性，美国关税再度抬升,https://www.10100.com/article/65958786,full_mirror,clean,verified_from_configured_author_id,15,3510,,2025-08-02
huatai_macro-2025-08-02-华泰宏观-图说美国宏观月报-美国经济数据好于预期-美元低位反弹,huatai_macro,华泰宏观,华泰证券宏观研究,configured_public_index,"【华泰宏观 | 图说美国宏观月报】美国经济数据好于预期,美元低位反弹",https://www.10100.com/article/65864521,full_mirror,clean,verified_from_configured_author_id,30,3966,,2025-08-02
macrofans-2025-08-01-宏观-芦哲-债券ETF还能走多远,macrofans,宏观fans哲,宏观fans哲,author_research_stream,【宏观*芦哲】债券ETF还能走多远？,https://www.sohu.com/a/919666863_121123903?scm=10001.325_13-325_13.0.0.5_32,abstract_only,flagged,verified_from_author_byline,0,1567,mirror_is_abstract,2025-08-01
huatai_macro-2025-08-01-华泰宏观-图解国内月报-反内卷托举商品价格-出口回升,huatai_macro,华泰宏观,华泰证券宏观研究,configured_public_index,【华泰宏观 | 图解国内月报】反内卷托举商品价格，出口回升,https://www.10100.com/article/65864520,full_mirror,clean,verified_from_configured_author_id,13,3347,,2025-08-01
huatai_macro-2025-07-31-华泰宏观-美国二季度GDP增长超预期,huatai_macro,华泰宏观,华泰证券宏观研究,configured_public_index,【华泰宏观】美国二季度GDP增长超预期,https://www.10100.com/article/65864561,full_mirror,clean,verified_from_configured_author_id,9,3057,,2025-07-31
huatai_macro-2025-07-31-华泰宏观-7月PMI-反内卷-效果初显,huatai_macro,华泰宏观,华泰证券宏观研究,configured_public_index,【华泰宏观】7月PMI：“反内卷”效果初显,https://www.10100.com/article/65958726,full_mirror,clean,verified_from_configured_author_id,3,3509,,2025-07-31
cicc_perspective-2025-07-31-中金宏观-量落价升-7月PMI点评,cicc_perspective,中金点睛,中金宏观,team_channel,中金宏观 | 量落价升——7月PMI点评,https://www.10100.com/article/148029136,full_mirror,clean,verified_from_configured_author_id,12,3875,,2025-07-31
huatai_macro-2025-07-29-华泰宏观-育儿补贴的宏观影响,huatai_macro,华泰宏观,华泰证券宏观研究,configured_public_index,【华泰宏观】育儿补贴的宏观影响,https://www.10100.com/article/65958727,full_mirror,clean,verified_from_configured_author_id,6,2699,,2025-07-29
cicc_perspective-2025-07-29-中金宏观-投资于人-迈出坚实一步-育儿补贴政策点评,cicc_perspective,中金点睛,中金宏观,team_channel,中金宏观 | “投资于人”迈出坚实一步 ——育儿补贴政策点评,https://www.10100.com/article/148028904,full_mirror,clean,verified_from_configured_author_id,1,3423,,2025-07-29
huatai_macro-2025-07-28-华泰宏观-关税影响高频跟踪-7月中国对美出口修复较快-7月27日,huatai_macro,华泰宏观,华泰证券宏观研究,configured_public_index,【华泰宏观｜关税影响高频跟踪】7月中国对美出口修复较快（7月27日）,https://www.10100.com/article/65864562,full_mirror,clean,verified_from_configured_author_id,32,4004,,2025-07-28
cicc_perspective-2025-07-28-中金宏观-雅下工程之外-还有哪些项目可期,cicc_perspective,中金点睛,中金宏观,team_channel,中金宏观 | 雅下工程之外，还有哪些项目可期？,https://www.10100.com/article/148029305,full_mirror,clean,verified_from_configured_author_id,10,5841,,2025-07-28
cicc_perspective-2025-07-28-中金宏观-出口支撑工企利润-2025年6月工业企业利润点评,cicc_perspective,中金点睛,中金宏观,team_channel,中金宏观 | 出口支撑工企利润---2025年6月工业企业利润点评,https://www.10100.com/article/148035338,full_mirror,clean,verified_from_configured_author_id,9,3556,,2025-07-28
macrofans-2025-07-25-中国的服务业占比低吗-工资低吗-与43个经济体就业数据比较-我国服务业就业人员占比与服务业工资水平均不算低-但,macrofans,宏观fans哲,宏观fans哲,author_research_stream,中国的服务业占比低吗？工资低吗？与43个经济体就业数据比较，我国服务业就业人员占比与服务业工资水平均不算低，但存在三方面改进空间,https://www.163.com/dy/article/K5A9VT1I0519QIKK.html,full_mirror,clean,verified_from_publisher_citation,10,6642,,2025-07-25
guolei_macro-2025-07-23-广发宏观-浮出水面的两条政策线索,guolei_macro,郭磊宏观茶座,广发证券,institutional_archive,广发宏观 | 浮出水面的两条政策线索,https://www.10100.com/article/76476044,full_mirror,clean,verified_from_configured_author_id_and_title_signature,18,12371,,2025-07-23
macrofans-2025-07-22-宏观-芦哲-宏观量化经济指数周报20250720-科创债ETF扩容加快结构性政策工具投放,macrofans,宏观fans哲,宏观fans哲,author_research_stream,【宏观*芦哲】宏观量化经济指数周报20250720：科创债ETF扩容加快结构性政策工具投放,https://www.163.com/dy/article/K52CE04005568W0A.html,abstract_only,flagged,verified_from_author_byline,1,1429,mirror_is_abstract,2025-07-22
huatai_macro-2025-07-21-华泰宏观-图解海外周报-海外增长维持韧性-关税对通胀部分传导,huatai_macro,华泰宏观,华泰证券宏观研究,configured_public_index,【华泰宏观 | 图解海外周报】海外增长维持韧性，关税对通胀部分传导,https://www.10100.com/article/65958728,full_mirror,clean,verified_from_configured_author_id,26,3608,,2025-07-21
huatai_macro-2025-07-21-华泰宏观-图解国内周报-反内卷政策升温-部分商品价格修复,huatai_macro,华泰宏观,华泰证券宏观研究,configured_public_index,【华泰宏观 | 图解国内周报】反内卷政策升温，部分商品价格修复,https://www.10100.com/article/65864518,full_mirror,clean,verified_from_configured_author_id,23,9065,,2025-07-21
macrofans-2025-07-18-芦哲-关税落地后-美国通胀为何连续不及预期,macrofans,宏观fans哲,宏观fans哲,author_research_stream,芦哲：关税落地后，美国通胀为何连续不及预期？,https://finance.sina.com.cn/stock/stockzmt/2025-07-18/doc-inffwiqr9269206.shtml,full_mirror,clean,verified_from_author_byline,14,4890,,2025-07-18
huatai_macro-2025-07-16-华泰宏观-美国6月CPI-关税传导仅部分显现,huatai_macro,华泰宏观,华泰证券宏观研究,configured_public_index,【华泰宏观】美国6月CPI：关税传导仅部分显现,https://www.10100.com/article/65864519,full_mirror,clean,verified_from_configured_author_id,5,3027,,2025-07-16
huatai_macro-2025-07-15-华泰宏观-政府债-短期贷款推动社融增长超预期,huatai_macro,华泰宏观,华泰证券宏观研究,configured_public_index,【华泰宏观】政府债+短期贷款推动社融增长超预期,https://www.10100.com/article/65864534,full_mirror,clean,verified_from_configured_author_id,6,3461,,2025-07-15
cicc_perspective-2025-07-15-中金宏观-金融数据中的-反内卷-线索-6月金融数据点评,cicc_perspective,中金点睛,中金宏观,team_channel,中金宏观｜金融数据中的“反内卷”线索——6月金融数据点评,https://www.10100.com/article/148035354,full_mirror,clean,verified_from_configured_author_id,10,3625,,2025-07-15
huatai_macro-2025-07-14-华泰宏观-关税再调整-虚虚实实的-对等-关税,huatai_macro,华泰宏观,华泰证券宏观研究,configured_public_index,【华泰宏观】关税再调整：虚虚实实的“对等”关税,https://www.10100.com/article/65958791,full_mirror,clean,verified_from_configured_author_id,6,5451,,2025-07-14
guolei_macro-2025-07-14-广发宏观-如何理解房地产发展-新模式,guolei_macro,郭磊宏观茶座,广发证券,institutional_archive,【广发宏观】如何理解房地产发展“新模式”,https://www.10100.com/article/76475936,full_mirror,clean,verified_from_configured_author_id_and_title_signature,17,11938,,2025-07-14
cicc_perspective-2025-07-14-中金宏观-关税缓和效果进一步显现-2025年6月进出口点评,cicc_perspective,中金点睛,中金宏观,team_channel,中金宏观 | 关税缓和效果进一步显现——2025年6月进出口点评,https://www.10100.com/article/148029307,full_mirror,clean,verified_from_configured_author_id,11,3495,,2025-07-14
huatai_macro-2025-07-11-华泰宏观-关税影响高频跟踪-7月上旬全球贸易仍有韧性-7月10日,huatai_macro,华泰宏观,华泰证券宏观研究,configured_public_index,【华泰宏观 | 关税影响高频跟踪】7月上旬全球贸易仍有韧性（7月10日）,https://www.10100.com/article/65864618,full_mirror,clean,verified_from_configured_author_id,26,3667,,2025-07-11
guolei_macro-2025-07-11-广发宏观-反内卷的三个意义,guolei_macro,郭磊宏观茶座,广发证券,institutional_archive,【广发宏观】反内卷的三个意义,https://www.10100.com/article/76491673,full_mirror,clean,verified_from_configured_author_id_and_title_signature,17,12294,,2025-07-11
guolei_macro-2025-07-11-广发宏观-6月PPI低于预期的原因,guolei_macro,郭磊宏观茶座,广发证券,institutional_archive,【广发宏观】6月PPI低于预期的原因,https://www.10100.com/article/77168347,full_mirror,clean,verified_from_configured_author_id_and_title_signature,3,4813,,2025-07-11
huatai_macro-2025-07-10-华泰宏观-图说全球PMI第二十四期-6月全球PMI-制造业景气度重回荣枯线上,huatai_macro,华泰宏观,华泰证券宏观研究,configured_public_index,【华泰宏观】图说全球PMI第二十四期 | 6月全球PMI：制造业景气度重回荣枯线上,https://www.10100.com/article/65958734,full_mirror,clean,verified_from_configured_author_id,23,3668,,2025-07-10
huatai_macro-2025-07-09-华泰宏观-关税再起风波-影响与展望,huatai_macro,华泰宏观,华泰证券宏观研究,configured_public_index,【华泰宏观】关税再起风波：影响与展望,https://www.10100.com/article/65958792,full_mirror,clean,verified_from_configured_author_id,8,5646,,2025-07-09
huatai_macro-2025-07-09-华泰宏观-6月通胀数据点评-下半年PPI降幅有望收窄,huatai_macro,华泰宏观,华泰证券宏观研究,configured_public_index,【华泰宏观】6月通胀数据点评：下半年PPI降幅有望收窄,https://www.10100.com/article/65864540,full_mirror,clean,verified_from_configured_author_id,5,4325,,2025-07-09
huatai_macro-2025-07-07-华泰宏观-深度-美国-大而美-法案的近忧与远虑,huatai_macro,华泰宏观,华泰证券宏观研究,configured_public_index,【华泰宏观|深度】美国“大而美”法案的近忧与远虑,https://www.10100.com/article/65864621,full_mirror,clean,verified_from_configured_author_id,13,12148,,2025-07-07
cicc_perspective-2025-07-07-中金宏观-提振需求有助于降低-内卷,cicc_perspective,中金点睛,中金宏观,team_channel,中金宏观 | 提振需求有助于降低“内卷”,https://www.10100.com/article/148041996,full_mirror,clean,verified_from_configured_author_id,25,6501,,2025-07-07
huatai_macro-2025-07-04-华泰宏观-6月非农再超预期-7月降息概率回落,huatai_macro,华泰宏观,华泰证券宏观研究,configured_public_index,【华泰宏观】6月非农再超预期，7月降息概率回落,https://www.10100.com/article/65958793,full_mirror,clean,verified_from_configured_author_id,7,2942,,2025-07-04
cicc_perspective-2025-07-04-中金宏观-外需改善-内需回落-2025年6月经济数据前瞻,cicc_perspective,中金点睛,中金宏观,team_channel,中金宏观 | 外需改善、内需回落——2025年6月经济数据前瞻,https://www.10100.com/article/148028758,full_mirror,clean,verified_from_configured_author_id,1,4139,,2025-07-04
huatai_macro-2025-07-03-华泰宏观-6月预览-环比减速-同比稳健,huatai_macro,华泰宏观,华泰证券宏观研究,configured_public_index,【华泰宏观】6月预览：环比减速、同比稳健,https://www.10100.com/article/65864530,full_mirror,clean,verified_from_configured_author_id,2,3032,,2025-07-03
huatai_macro-2025-07-02-华泰宏观-图说美国宏观月报-美国短期增长放缓-但财政货币宽松预期双双升温,huatai_macro,华泰宏观,华泰证券宏观研究,configured_public_index,【华泰宏观 | 图说美国宏观月报】美国短期增长放缓，但财政货币宽松预期双双升温,https://www.10100.com/article/65958732,full_mirror,clean,verified_from_configured_author_id,30,3930,,2025-07-02
guolei_macro-2025-07-02-广发宏观-几个潜在想象空间对冲基本面放缓,guolei_macro,郭磊宏观茶座,广发证券,institutional_archive,【广发宏观】几个潜在想象空间对冲基本面放缓,https://www.10100.com/article/76701228,full_mirror,clean,verified_from_configured_author_id_and_title_signature,16,12809,,2025-07-02
guolei_macro-2025-07-02-广发宏观-6月PMI背后的七个中观线索,guolei_macro,郭磊宏观茶座,广发证券,institutional_archive,【广发宏观】6月PMI背后的七个中观线索,https://www.10100.com/article/77168343,full_mirror,clean,verified_from_configured_author_id_and_title_signature,4,7598,,2025-07-02
huatai_macro-2025-06-30-华泰宏观-图解海外周报-美国消费边际走弱-金融去监管持续推进,huatai_macro,华泰宏观,华泰证券宏观研究,configured_public_index,【华泰宏观 | 图解海外周报】美国消费边际走弱，金融去监管持续推进,https://www.10100.com/article/65958789,full_mirror,clean,verified_from_configured_author_id,29,3850,,2025-06-30
huatai_macro-2025-06-30-华泰宏观-图解国内月报-多重因素推动需求增长环比回落,huatai_macro,华泰宏观,华泰证券宏观研究,configured_public_index,【华泰宏观 | 图解国内月报】多重因素推动需求增长环比回落,https://www.10100.com/article/65958733,full_mirror,clean,verified_from_configured_author_id,13,3406,,2025-06-30
huatai_macro-2025-06-30-华泰宏观-6月制造业PMI边际改善,huatai_macro,华泰宏观,华泰证券宏观研究,configured_public_index,【华泰宏观】6月制造业PMI边际改善,https://www.10100.com/article/65864616,full_mirror,clean,verified_from_configured_author_id,4,3502,,2025-06-30
guolei_macro-2025-06-30-广发宏观-5月企业盈利增速出现调整的原因,guolei_macro,郭磊宏观茶座,广发证券,institutional_archive,广发宏观 | 5月企业盈利增速出现调整的原因,https://www.10100.com/article/76701267,full_mirror,clean,verified_from_configured_author_id_and_title_signature,6,8775,,2025-06-30
cicc_perspective-2025-06-30-中金宏观-两因素支撑制造业改善-但预期回落,cicc_perspective,中金点睛,中金宏观,team_channel,中金宏观 | 两因素支撑制造业改善，但预期回落,https://www.10100.com/article/148035359,full_mirror,clean,verified_from_configured_author_id,12,4214,,2025-06-30
huatai_macro-2025-06-26-华泰宏观-关税影响高频跟踪-关税豁免临近到期扰动全球贸易-6月25日,huatai_macro,华泰宏观,华泰证券宏观研究,configured_public_index,【华泰宏观 | 关税影响高频跟踪】关税豁免临近到期扰动全球贸易（6月25日）,https://www.10100.com/article/65864535,full_mirror,clean,verified_from_configured_author_id,26,3825,,2025-06-26
guolei_macro-2025-06-26-广发宏观-美联储议息会议-审慎决策的背后,guolei_macro,郭磊宏观茶座,广发证券,institutional_archive,【广发宏观】美联储议息会议：审慎决策的背后,https://www.10100.com/article/76701273,full_mirror,clean,verified_from_configured_author_id_and_title_signature,2,8403,,2025-06-26
guolei_macro-2025-06-26-广发宏观-三季度的增长条件,guolei_macro,郭磊宏观茶座,广发证券,institutional_archive,【广发宏观】三季度的增长条件,https://www.10100.com/article/77169053,full_mirror,clean,verified_from_configured_author_id_and_title_signature,18,11681,,2025-06-26
huatai_macro-2025-06-22-华泰宏观-深度-大而美-法案中的899条款影响几何,huatai_macro,华泰宏观,华泰证券宏观研究,configured_public_index,【华泰宏观|深度】“大而美”法案中的899条款影响几何？,https://www.10100.com/article/65958735,full_mirror,clean,verified_from_configured_author_id,8,15185,,2025-06-22
huatai_macro-2025-06-22-华泰宏观-专题-以旧换新的成效评估和后续展望,huatai_macro,华泰宏观,华泰证券宏观研究,configured_public_index,【华泰宏观｜专题】以旧换新的成效评估和后续展望,https://www.10100.com/article/65864584,full_mirror,clean,verified_from_configured_author_id,18,9988,,2025-06-22
huatai_macro-2025-06-21-华泰宏观-5月财政宽松力度环比继续下降,huatai_macro,华泰宏观,华泰证券宏观研究,configured_public_index,【华泰宏观】5月财政宽松力度环比继续下降,https://www.10100.com/article/65958821,full_mirror,clean,verified_from_configured_author_id,7,3919,,2025-06-21
xuetao_macro-2025-06-17-国金宏观宋雪涛-美国发生衰退的速率和潜在深度正在上升,xuetao_macro,雪涛宏观笔记,雪涛宏观笔记,exact,国金宏观宋雪涛：美国发生衰退的速率和潜在深度正在上升,https://finance.sina.cn/stock/ggyj/2025-06-17/detail-infakazh2258892.d.html?cref=cj,full_mirror,clean,verified_from_source,30,3278,,2025-06-17
huatai_macro-2025-06-17-华泰宏观-6月FOMC预览-联储仍有等待的空间,huatai_macro,华泰宏观,华泰证券宏观研究,configured_public_index,【华泰宏观】6月FOMC预览：联储仍有等待的空间,https://www.10100.com/article/65864637,full_mirror,clean,verified_from_configured_author_id,1,2730,,2025-06-17
guolei_macro-2025-06-17-广发宏观-如何评价5月金融数据,guolei_macro,郭磊宏观茶座,广发证券,institutional_archive,【广发宏观】如何评价5月金融数据,https://www.10100.com/article/76491695,full_mirror,clean,verified_from_configured_author_id_and_title_signature,0,5851,,2025-06-17
guolei_macro-2025-06-17-广发宏观-严格账期是-反内卷-的第一步,guolei_macro,郭磊宏观茶座,广发证券,institutional_archive,【广发宏观】严格账期是“反内卷”的第一步,https://www.10100.com/article/76475973,full_mirror,clean,verified_from_configured_author_id_and_title_signature,16,11747,,2025-06-17
cicc_perspective-2025-06-17-中金宏观-外生因素支撑零售-5月经济数据点评,cicc_perspective,中金点睛,中金宏观,team_channel,中金宏观 | 外生因素支撑零售——5月经济数据点评,https://www.10100.com/article/148041997,full_mirror,clean,verified_from_configured_author_id,2,3842,,2025-06-17
huatai_macro-2025-06-14-华泰宏观-5月社融-贷款需求有所走弱,huatai_macro,华泰宏观,华泰证券宏观研究,configured_public_index,【华泰宏观】5月社融：贷款需求有所走弱,https://www.10100.com/article/65864522,full_mirror,clean,verified_from_configured_author_id,6,3509,,2025-06-14
huatai_macro-2025-06-13-华泰宏观-关税影响高频跟踪-关税-脉冲-引起贸易量波动-6月12日,huatai_macro,华泰宏观,华泰证券宏观研究,configured_public_index,【华泰宏观 | 关税影响高频跟踪】关税“脉冲”引起贸易量波动（6月12日）,https://www.10100.com/article/65958782,full_mirror,clean,verified_from_configured_author_id,33,4039,,2025-06-13
cicc_perspective-2025-06-12-供给强需求弱的态势依旧-2025年5月物价数据点评,cicc_perspective,中金点睛,中金宏观,team_channel,供给强需求弱的态势依旧 ——2025年5月物价数据点评,https://www.10100.com/article/148035361,full_mirror,clean,verified_from_configured_author_id,13,4240,,2025-06-12
huatai_macro-2025-06-10-华泰宏观-5月对美外出口增长呈现较强韧性,huatai_macro,华泰宏观,华泰证券宏观研究,configured_public_index,【华泰宏观】5月对美外出口增长呈现较强韧性,https://www.10100.com/article/65958759,full_mirror,clean,verified_from_configured_author_id,7,4525,,2025-06-10
guolei_macro-2025-06-09-广发宏观-如何理解稳定币,guolei_macro,郭磊宏观茶座,广发证券,institutional_archive,【广发宏观】 如何理解稳定币？,https://www.10100.com/article/76476090,full_mirror,clean,verified_from_configured_author_id_and_title_signature,0,15089,,2025-06-09
guolei_macro-2025-06-09-广发宏观-5月以来的宏观交易主线-大类资产配置月度展望,guolei_macro,郭磊宏观茶座,广发证券,institutional_archive,【广发宏观】5月以来的宏观交易主线：大类资产配置月度展望,https://www.10100.com/article/76701297,full_mirror,clean,verified_from_configured_author_id_and_title_signature,62,22918,,2025-06-09
cicc_perspective-2025-06-09-中金宏观-关税缓和的影响未完全反映-2025年5月进出口点评,cicc_perspective,中金点睛,中金宏观,team_channel,中金宏观 | 关税缓和的影响未完全反映——2025年5月进出口点评,https://www.10100.com/article/148029147,full_mirror,clean,verified_from_configured_author_id,11,3360,,2025-06-09
cicc_perspective-2025-06-09-中金-美元之困-当-火星-遇上-水星,cicc_perspective,中金点睛,中金宏观,team_channel,中金 | 美元之困：当“火星”遇上“水星”,https://www.10100.com/article/148041999,full_mirror,clean,verified_from_configured_author_id,11,9774,,2025-06-09
huatai_macro-2025-06-07-华泰宏观-5月非农韧性超预期或推后降息时点,huatai_macro,华泰宏观,华泰证券宏观研究,configured_public_index,【华泰宏观】5月非农韧性超预期或推后降息时点,https://www.10100.com/article/65958822,full_mirror,clean,verified_from_configured_author_id,7,2960,,2025-06-07
sws_macro-2025-06-03-美国经济-消失的-库存-申万宏观-赵伟团队,sws_macro,申万宏源宏观,申万宏源宏观,team_research_stream,美国经济：“消失的”库存？（申万宏观·赵伟团队）,https://m.jrj.com.cn/madapter/stock/2025/06/03073250813512.shtml,full_mirror,clean,verified_from_publisher_or_team_citation,24,4707,,2025-06-03
sws_macro-2025-06-03-申万宏源宏观-5月新出口指数偏低-但内需如消费品-装备制造行业PMI明显改善,sws_macro,申万宏源宏观,申万宏源宏观,team_research_stream,申万宏源宏观：5月新出口指数偏低，但内需如消费品、装备制造行业PMI明显改善,https://www.sohu.com/a/900971132_114984?scm=10001.1492_13-103000-0_8000.0-0.0.0_1929,full_mirror,clean,verified_from_publisher_or_team_citation,0,4397,,2025-06-03
huatai_macro-2025-06-03-华泰宏观-深度-2025下半年美国宏观展望-不轻松的经济-软着陆,huatai_macro,华泰宏观,华泰证券宏观研究,configured_public_index,【华泰宏观｜深度】2025下半年美国宏观展望：不轻松的经济“软着陆”,https://www.10100.com/article/65864642,full_mirror,clean,verified_from_configured_author_id,28,11986,,2025-06-03
huatai_macro-2025-06-03-华泰宏观-专题-美元的衰落-空间及路径,huatai_macro,华泰宏观,华泰证券宏观研究,configured_public_index,【华泰宏观｜专题】美元的衰落：空间及路径,https://www.10100.com/article/65958823,full_mirror,clean,verified_from_configured_author_id,27,14639,,2025-06-03
cicc_perspective-2025-06-03-中金宏观-经济增速或保持平稳-5月经济数据前瞻,cicc_perspective,中金点睛,中金宏观,team_channel,中金宏观 | 经济增速或保持平稳——5月经济数据前瞻,https://www.10100.com/article/148029129,full_mirror,clean,verified_from_configured_author_id,1,4041,,2025-06-03
huatai_macro-2025-06-02-华泰宏观-海外宏观月报-关税-财政不确定性扰动经济与市场,huatai_macro,华泰宏观,华泰证券宏观研究,configured_public_index,【华泰宏观 | 海外宏观月报】关税、财政不确定性扰动经济与市场,https://www.10100.com/article/65864610,full_mirror,clean,verified_from_configured_author_id,13,3403,,2025-06-02
huatai_macro-2025-06-02-华泰宏观-图说美国宏观月报-中美关税降级-美经济动能低位反弹,huatai_macro,华泰宏观,华泰证券宏观研究,configured_public_index,【华泰宏观 | 图说美国宏观月报】中美关税降级，美经济动能低位反弹,https://www.10100.com/article/65958731,full_mirror,clean,verified_from_configured_author_id,20,3590,,2025-06-02
cicc_perspective-2025-05-31-中金宏观-出口短期修复-但楼市走弱影响显现-5月PMI点评,cicc_perspective,中金点睛,中金宏观,team_channel,中金宏观 | 出口短期修复，但楼市走弱影响显现——5月PMI点评,https://www.10100.com/article/148041980,full_mirror,clean,verified_from_configured_author_id,10,3886,,2025-05-31
huatai_macro-2025-05-30-华泰宏观-法院裁决能阻止特朗普加征关税吗,huatai_macro,华泰宏观,华泰证券宏观研究,configured_public_index,【华泰宏观】法院裁决能阻止特朗普加征关税吗？,https://www.10100.com/article/65864528,full_mirror,clean,verified_from_configured_author_id,4,4048,,2025-05-30
huatai_macro-2025-05-29-华泰宏观-专题-美国本轮最终会对全球加征多少关税,huatai_macro,华泰宏观,华泰证券宏观研究,configured_public_index,【华泰宏观|专题】美国本轮最终会对全球加征多少关税？,https://www.10100.com/article/65958788,full_mirror,clean,verified_from_configured_author_id,10,7389,,2025-05-29
guolei_macro-2025-05-29-广发宏观-LPR与存款利率下调的三个细节,guolei_macro,郭磊宏观茶座,广发证券,institutional_archive,【广发宏观】LPR与存款利率下调的三个细节,https://www.10100.com/article/77169118,full_mirror,clean,verified_from_configured_author_id_and_title_signature,0,6828,,2025-05-29
guolei_macro-2025-05-29-广发宏观-5月经济情况到底怎么样-BCI数据分析,guolei_macro,郭磊宏观茶座,广发证券,institutional_archive,【广发宏观】5月经济情况到底怎么样：BCI数据分析,https://www.10100.com/article/76701331,full_mirror,clean,verified_from_configured_author_id_and_title_signature,4,6105,,2025-05-29
cicc_perspective-2025-05-26-中金宏观-企业继续布局出海,cicc_perspective,中金点睛,中金宏观,team_channel,中金宏观 | 企业继续布局出海,https://www.10100.com/article/148028898,full_mirror,clean,verified_from_configured_author_id,9,4602,,2025-05-26
huatai_macro-2025-05-25-华泰宏观-图解国内周报-存贷利率双降-出口继续反弹,huatai_macro,华泰宏观,华泰证券宏观研究,configured_public_index,【华泰宏观 | 图解国内周报】存贷利率双降；出口继续反弹,https://www.10100.com/article/65958730,full_mirror,clean,verified_from_configured_author_id,36,10231,,2025-05-25
huatai_macro-2025-05-25-华泰宏观-专题-如何看待特朗普对欧盟50-的关税威胁,huatai_macro,华泰宏观,华泰证券宏观研究,configured_public_index,【华泰宏观|专题】如何看待特朗普对欧盟50% 的关税威胁？,https://www.10100.com/article/65864604,full_mirror,clean,verified_from_configured_author_id,7,4246,,2025-05-25
macrofans-2025-05-24-芦哲-从国际比较视角对中国消费偏低的分析,macrofans,宏观fans哲,宏观fans哲,author_research_stream,芦哲：从国际比较视角对中国消费偏低的分析,https://news.qq.com/rain/a/20250524A042YM00,full_mirror,clean,verified_from_author_byline,3,4654,,2025-05-24
huatai_macro-2025-05-23-华泰宏观-专题-香港资产相对优势凸显,huatai_macro,华泰宏观,华泰证券宏观研究,configured_public_index,【华泰宏观|专题】香港资产相对优势凸显,https://www.10100.com/article/65864607,full_mirror,clean,verified_from_configured_author_id,8,5268,,2025-05-23
huatai_macro-2025-05-21-华泰宏观-专题-穆迪下调评级确认美债风险上升逻辑,huatai_macro,华泰宏观,华泰证券宏观研究,configured_public_index,【华泰宏观|专题】穆迪下调评级确认美债风险上升逻辑,https://www.10100.com/article/65864525,full_mirror,clean,verified_from_configured_author_id,11,7095,,2025-05-21
huatai_macro-2025-05-20-华泰宏观-关税影响高频跟踪-美国经济软着落概率回升-5月19日,huatai_macro,华泰宏观,华泰证券宏观研究,configured_public_index,【华泰宏观 | 关税影响高频跟踪】美国经济软着落概率回升（5月19日）,https://www.10100.com/article/65864678,full_mirror,clean,verified_from_configured_author_id,31,3889,,2025-05-20
guolei_macro-2025-05-20-广发宏观-如何看中美经贸会谈进展,guolei_macro,郭磊宏观茶座,广发证券,institutional_archive,【广发宏观】如何看中美经贸会谈进展,https://www.10100.com/article/76701335,full_mirror,clean,verified_from_configured_author_id_and_title_signature,0,5398,,2025-05-20
guolei_macro-2025-05-20-广发宏观-如何理解4月信贷社融数据,guolei_macro,郭磊宏观茶座,广发证券,institutional_archive,【广发宏观】如何理解4月信贷社融数据,https://www.10100.com/article/76475977,full_mirror,clean,verified_from_configured_author_id_and_title_signature,0,6520,,2025-05-20
huatai_macro-2025-05-19-华泰宏观-4月数据-内需有所反复-外需扰动加大,huatai_macro,华泰宏观,华泰证券宏观研究,configured_public_index,【华泰宏观】4月数据: 内需有所反复，外需扰动加大,https://www.10100.com/article/65958770,full_mirror,clean,verified_from_configured_author_id,7,4388,,2025-05-19
cicc_perspective-2025-05-19-中金宏观-对美出口回暖,cicc_perspective,中金点睛,中金宏观,team_channel,中金宏观 | 对美出口回暖,https://www.10100.com/article/148029299,full_mirror,clean,verified_from_configured_author_id,32,7553,,2025-05-19
cicc_perspective-2025-05-19-中金宏观-基建和-两新-短期缓冲关税影响-4月经济数据点评,cicc_perspective,中金点睛,中金宏观,team_channel,中金宏观 | 基建和“两新”短期缓冲关税影响——4月经济数据点评,https://www.10100.com/article/148035326,full_mirror,clean,verified_from_configured_author_id,2,3799,,2025-05-19
huatai_macro-2025-05-13-华泰宏观-美中关税降级的缘起-影响和后续,huatai_macro,华泰宏观,华泰证券宏观研究,configured_public_index,【华泰宏观】美中关税降级的缘起、影响和后续,https://www.10100.com/article/65864566,full_mirror,clean,verified_from_configured_author_id,6,5657,,2025-05-13
huatai_macro-2025-05-10-华泰宏观-能源价格下跌拖累PPI降幅走阔-4月通胀数据点评,huatai_macro,华泰宏观,华泰证券宏观研究,configured_public_index,【华泰宏观】能源价格下跌拖累PPI降幅走阔——4月通胀数据点评,https://www.10100.com/article/65864568,full_mirror,clean,verified_from_configured_author_id,5,4064,,2025-05-10
huatai_macro-2025-05-10-华泰宏观-1季度货币政策执行报告-短期重在落实已宣布政策,huatai_macro,华泰宏观,华泰证券宏观研究,configured_public_index,【华泰宏观】1季度货币政策执行报告：短期重在落实已宣布政策,https://www.10100.com/article/65958736,full_mirror,clean,verified_from_configured_author_id,4,3741,,2025-05-10
cicc_perspective-2025-05-10-中金宏观-出口短期逆势改善-2025年4月进出口点评,cicc_perspective,中金点睛,中金宏观,team_channel,中金宏观 | 出口短期逆势改善——2025年4月进出口点评,https://www.10100.com/article/148028782,full_mirror,clean,verified_from_configured_author_id,11,3722,,2025-05-10
huatai_macro-2025-05-09-华泰宏观-图说全球PMI第二十二期-4月全球PMI-关税拖累开始显现,huatai_macro,华泰宏观,华泰证券宏观研究,configured_public_index,【华泰宏观】图说全球PMI第二十二期 | 4月全球PMI：关税拖累开始显现,https://www.10100.com/article/65958766,full_mirror,clean,verified_from_configured_author_id,24,3771,,2025-05-09
huatai_macro-2025-05-09-华泰宏观-4月出口超预期-分流暂时对冲关税冲击,huatai_macro,华泰宏观,华泰证券宏观研究,configured_public_index,【华泰宏观】4月出口超预期，分流暂时对冲关税冲击,https://www.10100.com/article/65864645,full_mirror,clean,verified_from_configured_author_id,8,4877,,2025-05-09
huatai_macro-2025-05-08-PPT-华泰-图说周期第十四期-关税影响-验证期-的投资思路,huatai_macro,华泰宏观,华泰证券宏观研究,configured_public_index,【PPT】华泰 | 图说周期第十四期：关税影响“验证期”的投资思路,https://www.10100.com/article/65864673,full_mirror,clean,verified_from_configured_author_id,55,4766,,2025-05-08
huatai_macro-2025-05-07-华泰宏观-解析一揽子金融政策-总量与结构并重稳市场-稳经济,huatai_macro,华泰宏观,华泰证券宏观研究,configured_public_index,【华泰宏观】解析一揽子金融政策：总量与结构并重稳市场、稳经济,https://www.10100.com/article/65958826,full_mirror,clean,verified_from_configured_author_id,6,4902,,2025-05-07
huatai_macro-2025-05-05-华泰宏观-图解海外周报-4月非农显示就业市场暂时维持韧性,huatai_macro,华泰宏观,华泰证券宏观研究,configured_public_index,【华泰宏观 | 图解海外周报】4月非农显示就业市场暂时维持韧性,https://www.10100.com/article/65958827,full_mirror,clean,verified_from_configured_author_id,25,3678,,2025-05-05
huatai_macro-2025-05-05-华泰宏观-图解国内周报-五一出行活跃-关税降级预期升温,huatai_macro,华泰宏观,华泰证券宏观研究,configured_public_index,【华泰宏观 | 图解国内周报】五一出行活跃，关税降级预期升温,https://www.10100.com/article/65864675,full_mirror,clean,verified_from_configured_author_id,41,9556,,2025-05-05
cicc_perspective-2025-05-05-中金宏观-关税扰动加大-4月经济数据前瞻,cicc_perspective,中金点睛,中金宏观,team_channel,中金宏观 | 关税扰动加大——4月经济数据前瞻,https://www.10100.com/article/148035380,full_mirror,clean,verified_from_configured_author_id,1,3981,,2025-05-05
huatai_macro-2025-05-02-华泰宏观-日央行放缓加息步伐对冲关税冲击,huatai_macro,华泰宏观,华泰证券宏观研究,configured_public_index,【华泰宏观】日央行放缓加息步伐对冲关税冲击,https://www.10100.com/article/65864634,full_mirror,clean,verified_from_configured_author_id,3,2627,,2025-05-02
huatai_macro-2025-05-02-华泰宏观-图说美国宏观月报-静待关税冲击显现,huatai_macro,华泰宏观,华泰证券宏观研究,configured_public_index,【华泰宏观 | 图说美国宏观月报】静待关税冲击显现,https://www.10100.com/article/65958818,full_mirror,clean,verified_from_configured_author_id,30,3904,,2025-05-02
huatai_macro-2025-05-01-华泰宏观-图说海外月报-对等关税大幅扰动全球预期,huatai_macro,华泰宏观,华泰证券宏观研究,configured_public_index,【华泰宏观|图说海外月报】对等关税大幅扰动全球预期,https://www.10100.com/article/65864581,full_mirror,clean,verified_from_configured_author_id,26,3802,,2025-05-01
huatai_macro-2025-05-01-华泰宏观-出口多维监测-更新至4月29日,huatai_macro,华泰宏观,华泰证券宏观研究,configured_public_index,【华泰宏观】出口多维监测（更新至4月29日）,https://www.10100.com/article/65958819,full_mirror,clean,verified_from_configured_author_id,2,1508,,2025-05-01
cicc_perspective-2025-05-01-中金宏观-关税差异化影响显现-4月PMI点评,cicc_perspective,中金点睛,中金宏观,team_channel,中金宏观 | 关税差异化影响显现——4月PMI点评,https://www.10100.com/article/148029155,full_mirror,clean,verified_from_configured_author_id,10,3840,,2025-05-01
huatai_macro-2025-04-28-华泰宏观-图解国内周报-政府债继续多增-外贸加速分流,huatai_macro,华泰宏观,华泰证券宏观研究,configured_public_index,【华泰宏观 | 图解国内周报】政府债继续多增，外贸加速分流,https://www.10100.com/article/65958760,full_mirror,clean,verified_from_configured_author_id,41,9270,,2025-04-28
huatai_macro-2025-04-28-华泰宏观-3月工业企业利润回升-关注4月外需变化,huatai_macro,华泰宏观,华泰证券宏观研究,configured_public_index,【华泰宏观】3月工业企业利润回升，关注4月外需变化,https://www.10100.com/article/65864589,full_mirror,clean,verified_from_configured_author_id,8,4326,,2025-04-28
cicc_perspective-2025-04-27-中金宏观-制造业利润短期改善-但后续压力上升-2025年1-3月工业企业利润点评,cicc_perspective,中金点睛,中金宏观,team_channel,中金宏观 | 制造业利润短期改善，但后续压力上升---2025年1-3月工业企业利润点评,https://www.10100.com/article/148042013,full_mirror,clean,verified_from_configured_author_id,31,7350,,2025-04-27
guolei_macro-2025-04-25-广发宏观-如何理解一季度财政数据,guolei_macro,郭磊宏观茶座,广发证券,institutional_archive,【广发宏观】如何理解一季度财政数据,https://www.10100.com/article/76701291,full_mirror,clean,verified_from_configured_author_id_and_title_signature,12,5757,,2025-04-25
guolei_macro-2025-04-25-广发宏观-4月经济初窥,guolei_macro,郭磊宏观茶座,广发证券,institutional_archive,【广发宏观】4月经济初窥,https://www.10100.com/article/77169107,full_mirror,clean,verified_from_configured_author_id_and_title_signature,4,7196,,2025-04-25
cicc_perspective-2025-04-22-中金宏观-从汇率-利率到风险溢价,cicc_perspective,中金点睛,中金宏观,team_channel,中金宏观｜从汇率、利率到风险溢价,https://www.10100.com/article/148041991,full_mirror,clean,verified_from_configured_author_id,20,15755,,2025-04-22
huatai_macro-2025-04-21-华泰宏观-专题-中国对美关税上升下的进口与替代,huatai_macro,华泰宏观,华泰证券宏观研究,configured_public_index,【华泰宏观|专题】中国对美关税上升下的进口与替代,https://www.10100.com/article/65864590,full_mirror,clean,verified_from_configured_author_id,10,6590,,2025-04-21
guolei_macro-2025-04-18-广发宏观-如何看一季度经济数据,guolei_macro,郭磊宏观茶座,广发证券,institutional_archive,广发宏观 | 如何看一季度经济数据,https://www.10100.com/article/76490594,full_mirror,clean,verified_from_configured_author_id_and_title_signature,4,6258,,2025-04-18
guolei_macro-2025-04-18-广发宏观-3月金融数据简评与二季度货币环境展望,guolei_macro,郭磊宏观茶座,广发证券,institutional_archive,广发宏观 | 3月金融数据简评与二季度货币环境展望,https://www.10100.com/article/77168382,full_mirror,clean,verified_from_configured_author_id_and_title_signature,0,4207,,2025-04-18
huatai_macro-2025-04-16-华泰宏观-大幅上调美国通胀及衰退概率预测,huatai_macro,华泰宏观,华泰证券宏观研究,configured_public_index,【华泰宏观】大幅上调美国通胀及衰退概率预测,https://www.10100.com/article/65958751,full_mirror,clean,verified_from_configured_author_id,11,5260,,2025-04-16
huatai_macro-2025-04-16-华泰宏观-一季度GDP超预期的背后,huatai_macro,华泰宏观,华泰证券宏观研究,configured_public_index,【华泰宏观】一季度GDP超预期的背后,https://www.10100.com/article/65864582,full_mirror,clean,verified_from_configured_author_id,10,5311,,2025-04-16
cicc_perspective-2025-04-16-中金宏观-政策前置发力支撑-关注未来政策-3月经济数据点评,cicc_perspective,中金点睛,中金宏观,team_channel,中金宏观 | 政策前置发力支撑，关注未来政策——3月经济数据点评,https://www.10100.com/article/148028750,full_mirror,clean,verified_from_configured_author_id,2,4043,,2025-04-16
huatai_macro-2025-04-15-华泰宏观-抢出口及春节效应推动三月出口高增,huatai_macro,华泰宏观,华泰证券宏观研究,configured_public_index,【华泰宏观】抢出口及春节效应推动三月出口高增,https://www.10100.com/article/65864635,full_mirror,clean,verified_from_configured_author_id,12,4470,,2025-04-15
huatai_macro-2025-04-14-华泰宏观-图解海外周报-关税反复下-资金加速流出美元资产,huatai_macro,华泰宏观,华泰证券宏观研究,configured_public_index,【华泰宏观 | 图解海外周报】关税反复下，资金加速流出美元资产,https://www.10100.com/article/65864583,full_mirror,clean,verified_from_configured_author_id,33,3798,,2025-04-14
huatai_macro-2025-04-14-华泰宏观-3月新增社融为何超预期,huatai_macro,华泰宏观,华泰证券宏观研究,configured_public_index,【华泰宏观】3月新增社融为何超预期?,https://www.10100.com/article/65958753,full_mirror,clean,verified_from_configured_author_id,6,3424,,2025-04-14
cicc_perspective-2025-04-14-中金宏观-央行资产负债表提供政策空间-3月金融数据点评,cicc_perspective,中金点睛,中金宏观,team_channel,中金宏观｜央行资产负债表提供政策空间——3月金融数据点评,https://www.10100.com/article/148041993,full_mirror,clean,verified_from_configured_author_id,10,4248,,2025-04-14
cicc_perspective-2025-04-14-中金宏观-关税豁免对美国影响多大,cicc_perspective,中金点睛,中金宏观,team_channel,中金宏观｜关税豁免对美国影响多大？,https://www.10100.com/article/148029142,full_mirror,clean,verified_from_configured_author_id,7,5306,,2025-04-14
cicc_perspective-2025-04-14-中金宏观-3月出口季节性改善-2025年3月进出口点评,cicc_perspective,中金点睛,中金宏观,team_channel,中金宏观 | 3月出口季节性改善——2025年3月进出口点评,https://www.10100.com/article/148035340,full_mirror,clean,verified_from_configured_author_id,9,3582,,2025-04-14
huatai_macro-2025-04-11-华泰宏观-快评特朗普对等关税再-变脸,huatai_macro,华泰宏观,华泰证券宏观研究,configured_public_index,【华泰宏观】快评特朗普对等关税再“变脸”,https://www.10100.com/article/65958820,full_mirror,clean,verified_from_configured_author_id,7,4254,,2025-04-11
huatai_macro-2025-04-10-华泰宏观-特朗普行政令追踪-更新至4月9日,huatai_macro,华泰宏观,华泰证券宏观研究,configured_public_index,【华泰宏观】特朗普行政令追踪（更新至4月9日）,https://www.10100.com/article/65958825,full_mirror,clean,verified_from_configured_author_id,3,1683,,2025-04-10
huatai_macro-2025-04-10-PPT-华泰-图说周期第十三期-关税风暴下周期品的危与机,huatai_macro,华泰宏观,华泰证券宏观研究,configured_public_index,【PPT】华泰 | 图说周期第十三期：关税风暴下周期品的危与机,https://www.10100.com/article/65864591,full_mirror,clean,verified_from_configured_author_id,59,4976,,2025-04-10
guolei_macro-2025-04-08-广发宏观-如何看美国本轮加征关税的影响,guolei_macro,郭磊宏观茶座,广发证券,institutional_archive,【广发宏观】如何看美国本轮加征关税的影响,https://finance.sina.com.cn/stock/roll/2025-04-03/doc-inerxarm1353714.shtml,full_mirror,clean,verified_from_configured_author_id_and_title_signature,0,7239,,2025-04-08
huatai_macro-2025-04-07-华泰宏观-图解国内周报-内外需-温差-开始走阔,huatai_macro,华泰宏观,华泰证券宏观研究,configured_public_index,【华泰宏观 | 图解国内周报】内外需“温差”开始走阔,https://www.10100.com/article/65958767,full_mirror,clean,verified_from_configured_author_id,41,10218,,2025-04-07
huatai_macro-2025-04-07-华泰宏观-中国对美出口反制的宏观影响,huatai_macro,华泰宏观,华泰证券宏观研究,configured_public_index,【华泰宏观】中国对美出口反制的宏观影响,https://www.10100.com/article/65864592,full_mirror,clean,verified_from_configured_author_id,5,3105,,2025-04-07
cicc_perspective-2025-04-07-中金宏观-3月经济增速或边际改善-3月经济数据前瞻,cicc_perspective,中金点睛,中金宏观,team_channel,中金宏观 | 3月经济增速或边际改善——3月经济数据前瞻,https://www.10100.com/article/148028905,full_mirror,clean,verified_from_configured_author_id,1,4100,,2025-04-07
sws_macro-2025-04-06-申万宏观-周度研究成果-3-30-4-5,sws_macro,申万宏源宏观,申万宏源宏观,team_research_stream,申万宏观·周度研究成果（3.30-4.5）,https://news.qq.com/rain/a/20250406A001PG00,abstract_only,flagged,verified_from_publisher_or_team_citation,14,1341,mirror_is_abstract,2025-04-06
macrofans-2025-04-06-芦哲-特朗普-对等关税-影响分析-择机降准降息-的时机或正在来临,macrofans,宏观fans哲,宏观fans哲,author_research_stream,芦哲：特朗普“对等关税”影响分析，“择机降准降息”的时机或正在来临,https://news.qq.com/rain/a/20250406A0711900?media_id&suid,full_mirror,clean,verified_from_publisher_citation,6,4775,,2025-04-06
huatai_macro-2025-04-04-华泰宏观-特朗普提出百年未见高关税,huatai_macro,华泰宏观,华泰证券宏观研究,configured_public_index,【华泰宏观】特朗普提出百年未见高关税,https://www.10100.com/article/65958802,full_mirror,clean,verified_from_configured_author_id,11,5726,,2025-04-04
huatai_macro-2025-04-02-华泰宏观-图说海外月报-对美国和欧洲预期-此消彼长,huatai_macro,华泰宏观,华泰证券宏观研究,configured_public_index,【华泰宏观|图说海外月报】对美国和欧洲预期“此消彼长”,https://www.10100.com/article/65864631,full_mirror,clean,verified_from_configured_author_id,26,3767,,2025-04-02
huatai_macro-2025-04-02-华泰宏观-出口多维监测及-抢出口-追踪-更新至3月30日,huatai_macro,华泰宏观,华泰证券宏观研究,configured_public_index,【华泰宏观】出口多维监测及“抢出口”追踪（更新至3月30日）,https://www.10100.com/article/65958805,full_mirror,clean,verified_from_configured_author_id,2,1562,,2025-04-02
huatai_macro-2025-04-01-华泰宏观-对等关税-几点预判和具体分析,huatai_macro,华泰宏观,华泰证券宏观研究,configured_public_index,【华泰宏观】对等关税：几点预判和具体分析,https://www.10100.com/article/65864579,full_mirror,clean,verified_from_configured_author_id,2,1405,,2025-04-01
huatai_macro-2025-04-01-华泰宏观-图解国内月报-生产及投资活动提速-关注关税影响,huatai_macro,华泰宏观,华泰证券宏观研究,configured_public_index,【华泰宏观 | 图解国内月报】生产及投资活动提速，关注关税影响,https://www.10100.com/article/65958749,full_mirror,clean,verified_from_configured_author_id,32,3930,,2025-04-01
huatai_macro-2025-03-31-华泰宏观-图解海外周报-关税进一步加码-美国滞胀担忧上升,huatai_macro,华泰宏观,华泰证券宏观研究,configured_public_index,【华泰宏观|图解海外周报】关税进一步加码，美国滞胀担忧上升,https://www.10100.com/article/65864580,full_mirror,clean,verified_from_configured_author_id,33,3805,,2025-03-31
cicc_perspective-2025-03-31-中金宏观-有色与黑色继续分化,cicc_perspective,中金点睛,中金宏观,team_channel,中金宏观 | 有色与黑色继续分化,https://www.10100.com/article/148029310,full_mirror,clean,verified_from_configured_author_id,30,7158,,2025-03-31
cicc_perspective-2025-03-31-中金宏观-开工推升PMI-但生产预期继续回落-3月PMI点评,cicc_perspective,中金点睛,中金宏观,team_channel,中金宏观 | 开工推升PMI，但生产预期继续回落——3月PMI点评,https://www.10100.com/article/148035348,full_mirror,clean,verified_from_configured_author_id,10,3863,,2025-03-31
macrofans-2025-03-28-芦哲-走出低通胀-去产能-和-促消费-谁更有效,macrofans,宏观fans哲,宏观fans哲,author_research_stream,芦哲：走出低通胀，“去产能”和“促消费”谁更有效？,https://news.qq.com/rain/a/20250327A06PNS00?media_id&suid,full_mirror,clean,verified_from_author_byline,13,8012,,2025-03-28
cicc_perspective-2025-03-27-中金宏观-营收压力仍在-2025年1-2月工业企业利润点评,cicc_perspective,中金点睛,中金宏观,team_channel,中金宏观 | 营收压力仍在 --- 2025年1-2月工业企业利润点评,https://www.10100.com/article/148041967,full_mirror,clean,verified_from_configured_author_id,9,3962,,2025-03-27
huatai_macro-2025-03-25-华泰宏观-深度-论地产调整下半场消费修复的潜力,huatai_macro,华泰宏观,华泰证券宏观研究,configured_public_index,【华泰宏观 | 深度】论地产调整下半场消费修复的潜力,https://www.10100.com/article/65864633,full_mirror,clean,verified_from_configured_author_id,27,12411,,2025-03-25
huatai_macro-2025-03-25-华泰宏观-1-2月广义财政政策保持宽松,huatai_macro,华泰宏观,华泰证券宏观研究,configured_public_index,【华泰宏观】1-2月广义财政政策保持宽松,https://www.10100.com/article/65958750,full_mirror,clean,verified_from_configured_author_id,5,3596,,2025-03-25
guolei_macro-2025-03-25-广发宏观-提振消费专项行动-政策线索下的十个想象空间,guolei_macro,郭磊宏观茶座,广发证券,institutional_archive,广发宏观 | 提振消费专项行动：政策线索下的十个想象空间,https://www.10100.com/article/76701315,full_mirror,clean,verified_from_configured_author_id_and_title_signature,0,10341,,2025-03-25
guolei_macro-2025-03-25-广发宏观-今年经济节奏可能会不同于过去两年,guolei_macro,郭磊宏观茶座,广发证券,institutional_archive,广发宏观 | 今年经济节奏可能会不同于过去两年,https://www.10100.com/article/77169152,full_mirror,clean,verified_from_configured_author_id_and_title_signature,15,7861,,2025-03-25
cicc_perspective-2025-03-25-中金宏观-春节扰动收入-关注财政前置-前2月财政收支数据点评,cicc_perspective,中金点睛,中金宏观,team_channel,中金宏观 | 春节扰动收入，关注财政前置——前2月财政收支数据点评,https://www.10100.com/article/148028777,full_mirror,clean,verified_from_configured_author_id,8,3258,,2025-03-25
huatai_macro-2025-03-24-华泰宏观-图解海外周报-联储表示关注增长-关税预期继续反复,huatai_macro,华泰宏观,华泰证券宏观研究,configured_public_index,【华泰宏观 | 图解海外周报】联储表示关注增长，关税预期继续反复,https://www.10100.com/article/65864605,full_mirror,clean,verified_from_configured_author_id,31,3924,,2025-03-24
huatai_macro-2025-03-24-华泰宏观-专题-中国地产-分化中的积极信号及其宏观涵义,huatai_macro,华泰宏观,华泰证券宏观研究,configured_public_index,【华泰宏观|专题】中国地产：分化中的积极信号及其宏观涵义,https://www.10100.com/article/65958773,full_mirror,clean,verified_from_configured_author_id,24,8317,,2025-03-24
cicc_perspective-2025-03-24-中金宏观-关税影响开始显现,cicc_perspective,中金点睛,中金宏观,team_channel,中金宏观 | 关税影响开始显现,https://www.10100.com/article/148035370,full_mirror,clean,verified_from_configured_author_id,11,5543,,2025-03-24
huatai_macro-2025-03-20-华泰宏观-3月FOMC-联储如期暂停降息但关注经济走势,huatai_macro,华泰宏观,华泰证券宏观研究,configured_public_index,【华泰宏观】3月FOMC：联储如期暂停降息但关注经济走势,https://www.10100.com/article/65958774,full_mirror,clean,verified_from_configured_author_id,5,5193,,2025-03-20
huatai_macro-2025-03-19-华泰宏观-出口多维监测及-抢出口-追踪-截至2025-3-17,huatai_macro,华泰宏观,华泰证券宏观研究,configured_public_index,【华泰宏观】出口多维监测及“抢出口”追踪（截至2025/3/17）,https://www.10100.com/article/65864686,full_mirror,clean,verified_from_configured_author_id,2,1580,,2025-03-19
huatai_macro-2025-03-18-华泰宏观-2025开局较为积极-1-2月经济数据点评,huatai_macro,华泰宏观,华泰证券宏观研究,configured_public_index,【华泰宏观】2025开局较为积极——1-2月经济数据点评,https://www.10100.com/article/65958831,full_mirror,clean,verified_from_configured_author_id,7,4243,,2025-03-18
cicc_perspective-2025-03-18-中金宏观-从供给往需求倾斜-提振消费专项行动方案-点评,cicc_perspective,中金点睛,中金宏观,team_channel,中金宏观 | 从供给往需求倾斜——《提振消费专项行动方案》点评,https://www.10100.com/article/148035369,full_mirror,clean,verified_from_configured_author_id,1,3546,,2025-03-18
huatai_macro-2025-03-17-华泰宏观-图解海外周报-德国财政扩张计划推进-美国增长预期继续下调,huatai_macro,华泰宏观,华泰证券宏观研究,configured_public_index,【华泰宏观 | 图解海外周报】德国财政扩张计划推进，美国增长预期继续下调,https://www.10100.com/article/65864687,full_mirror,clean,verified_from_configured_author_id,32,3926,,2025-03-17
cicc_perspective-2025-03-17-中金宏观-政策支撑平稳开局-后续仍需继续发力-1-2月经济数据点评,cicc_perspective,中金点睛,中金宏观,team_channel,中金宏观 | 政策支撑平稳开局，后续仍需继续发力——1-2月经济数据点评,https://www.10100.com/article/148042015,full_mirror,clean,verified_from_configured_author_id,2,3766,,2025-03-17
cicc_perspective-2025-03-17-中金宏观-房地产修复的成色如何,cicc_perspective,中金点睛,中金宏观,team_channel,中金宏观 | 房地产修复的成色如何？,https://www.10100.com/article/148029316,full_mirror,clean,verified_from_configured_author_id,10,5578,,2025-03-17
huatai_macro-2025-03-13-华泰宏观-美国2月通胀暂缓-但未来仍有隐忧,huatai_macro,华泰宏观,华泰证券宏观研究,configured_public_index,【华泰宏观】美国2月通胀暂缓，但未来仍有隐忧,https://www.10100.com/article/65864638,full_mirror,clean,verified_from_configured_author_id,5,2709,,2025-03-13
huatai_macro-2025-03-13-PPT-华泰-图说周期第十二期-中国-周期筑底信号能否-由点及面,huatai_macro,华泰宏观,华泰证券宏观研究,configured_public_index,【PPT】华泰 | 图说周期第十二期：中国：周期筑底信号能否“由点及面”?,https://www.10100.com/article/65958758,full_mirror,clean,verified_from_configured_author_id,56,4899,,2025-03-13
guolei_macro-2025-03-13-广发宏观丨美股本轮调整的原因是什么,guolei_macro,郭磊宏观茶座,广发证券,institutional_archive,广发宏观丨美股本轮调整的原因是什么,https://www.10100.com/article/76490627,full_mirror,clean,verified_from_configured_author_id_and_title_signature,0,8497,,2025-03-13
guolei_macro-2025-03-13-广发宏观丨如何看2月物价及政策对价格问题的最新表述,guolei_macro,郭磊宏观茶座,广发证券,institutional_archive,广发宏观丨如何看2月物价及政策对价格问题的最新表述,https://www.10100.com/article/77169156,full_mirror,clean,verified_from_configured_author_id_and_title_signature,2,4092,,2025-03-13
xuetao_macro-2025-03-11-美国无他-唯-氛围衰退-尔-国金宏观宋雪涛,xuetao_macro,雪涛宏观笔记,雪涛宏观笔记,exact,美国无他，唯“氛围衰退”尔（国金宏观宋雪涛）,https://www.21jingji.com/article/20250311/herald/2cb741f6f60cceff5a9d60b9ed6bd702.html,full_mirror,clean,verified_from_source,8,2689,,2025-03-11
huatai_macro-2025-03-10-华泰宏观-春斗-涨薪超预期助长日元升势,huatai_macro,华泰宏观,华泰证券宏观研究,configured_public_index,【华泰宏观】“春斗”涨薪超预期助长日元升势,https://www.10100.com/article/65864586,full_mirror,clean,verified_from_configured_author_id,7,2847,,2025-03-10
huatai_macro-2025-03-10-华泰宏观-图解海外周报-加墨关税再反复-德国财政有望突破债务刹车约束,huatai_macro,华泰宏观,华泰证券宏观研究,configured_public_index,【华泰宏观|图解海外周报】加墨关税再反复，德国财政有望突破债务刹车约束,https://www.10100.com/article/65864639,full_mirror,clean,verified_from_configured_author_id,31,3978,,2025-03-10
cicc_perspective-2025-03-10-拨开春节扰动-关注核心通胀-2025年2月物价数据点评,cicc_perspective,中金点睛,中金宏观,team_channel,拨开春节扰动，关注核心通胀 ——2025年2月物价数据点评,https://www.10100.com/article/148035390,full_mirror,clean,verified_from_configured_author_id,15,5132,,2025-03-10
cicc_perspective-2025-03-09-中金宏观-出口季节性回落-关注未来不确定性-2025年1-2月进出口点评,cicc_perspective,中金点睛,中金宏观,team_channel,中金宏观 | 出口季节性回落，关注未来不确定性——2025年1-2月进出口点评,https://www.10100.com/article/148028949,full_mirror,clean,verified_from_configured_author_id,9,3954,,2025-03-09
macrofans-2025-03-08-芦哲-宏观政策要更多-投资于人,macrofans,宏观fans哲,宏观fans哲,author_research_stream,芦哲：宏观政策要更多“投资于人”,https://www.yicai.com/news/102502689.html,full_mirror,clean,verified_from_author_byline,9,1950,,2025-03-08
huatai_macro-2025-03-08-华泰宏观-闰年效应放大1-2月出口减速幅度,huatai_macro,华泰宏观,华泰证券宏观研究,configured_public_index,【华泰宏观】闰年效应放大1-2月出口减速幅度,https://www.10100.com/article/65958800,full_mirror,clean,verified_from_configured_author_id,7,4254,,2025-03-08
huatai_macro-2025-03-07-华泰宏观-美联储或在3月会议放缓缩表,huatai_macro,华泰宏观,华泰证券宏观研究,configured_public_index,【华泰宏观】美联储或在3月会议放缓缩表,https://www.10100.com/article/65864577,full_mirror,clean,verified_from_configured_author_id,7,5013,,2025-03-07
huatai_macro-2025-03-06-华泰宏观-专题-2025两会-促消费以扩内需-稳地产以增实效,huatai_macro,华泰宏观,华泰证券宏观研究,configured_public_index,【华泰宏观|专题】2025两会：促消费以扩内需、稳地产以增实效,https://www.10100.com/article/65958748,full_mirror,clean,verified_from_configured_author_id,7,6409,,2025-03-06
macrofans-2025-03-05-东吴芦哲解读2025政府工作报告-宏观政策要-投资于人,macrofans,宏观fans哲,宏观fans哲,author_research_stream,东吴芦哲解读2025政府工作报告：宏观政策要“投资于人”,https://finance.sina.com.cn/stock/report/2025-03-05/doc-inenrcym1749978.shtml,full_mirror,clean,verified_from_publisher_citation,17,8878,,2025-03-05
huatai_macro-2025-03-03-华泰宏观-图说日本宏观月报第十期-日本通胀持续上行-加息预期升温,huatai_macro,华泰宏观,华泰证券宏观研究,configured_public_index,【华泰宏观|图说日本宏观月报第十期】日本通胀持续上行，加息预期升温,https://www.10100.com/article/65958745,full_mirror,clean,verified_from_configured_author_id,26,3707,,2025-03-03
guolei_macro-2025-03-03-广发宏观-对2月PMI数据的几点印象,guolei_macro,郭磊宏观茶座,广发证券,institutional_archive,【广发宏观】对2月PMI数据的几点印象,https://www.10100.com/article/76701353,full_mirror,clean,verified_from_configured_author_id_and_title_signature,3,5262,,2025-03-03
guolei_macro-2025-03-03-广发宏观-2月哪些行业景气度领先,guolei_macro,郭磊宏观茶座,广发证券,institutional_archive,【广发宏观】2月哪些行业景气度领先,https://www.10100.com/article/77169158,full_mirror,clean,verified_from_configured_author_id_and_title_signature,3,6417,,2025-03-03
huatai_macro-2025-03-02-华泰宏观-2月PMI季节性回升-分化加剧,huatai_macro,华泰宏观,华泰证券宏观研究,configured_public_index,【华泰宏观】2月PMI季节性回升、分化加剧,https://www.10100.com/article/65864578,full_mirror,clean,verified_from_configured_author_id,4,2979,,2025-03-02
cicc_perspective-2025-03-02-中金宏观-增长可能边际放缓-1-2月经济数据前瞻,cicc_perspective,中金点睛,中金宏观,team_channel,中金宏观 | 增长可能边际放缓 ——1-2月经济数据前瞻,https://www.10100.com/article/148035397,full_mirror,clean,verified_from_configured_author_id,1,4316,,2025-03-02
cicc_perspective-2025-03-01-中金宏观-整体季节性回升-预期有所回落-2月PMI点评,cicc_perspective,中金点睛,中金宏观,team_channel,中金宏观 | 整体季节性回升，预期有所回落——2月PMI点评,https://www.10100.com/article/148029326,full_mirror,clean,verified_from_configured_author_id,10,3864,,2025-03-01
huatai_macro-2025-02-28-华泰宏观-如何理解特朗普提出的对欧盟加征25-关税,huatai_macro,华泰宏观,华泰证券宏观研究,configured_public_index,【华泰宏观】如何理解特朗普提出的对欧盟加征25%关税？,https://www.10100.com/article/65864699,full_mirror,clean,verified_from_configured_author_id,7,4452,,2025-02-28
guolei_macro-2025-02-28-广发宏观-微观活跃的三个条件,guolei_macro,郭磊宏观茶座,广发证券,institutional_archive,【广发宏观】微观活跃的三个条件,https://www.10100.com/article/76476134,full_mirror,clean,verified_from_configured_author_id_and_title_signature,8,5512,,2025-02-28
huatai_macro-2025-02-27-PPT-华泰-图说周期第十一期-AI-热潮如何影响周期品供需,huatai_macro,华泰宏观,华泰证券宏观研究,configured_public_index,【PPT】华泰 | 图说周期第十一期：AI+热潮如何影响周期品供需？,https://www.10100.com/article/65958779,full_mirror,clean,verified_from_configured_author_id,59,4725,,2025-02-27
guolei_macro-2025-02-25-广发宏观-本轮黄金价格走势-一个理解框架,guolei_macro,郭磊宏观茶座,广发证券,institutional_archive,广发宏观 | 本轮黄金价格走势：一个理解框架,https://www.10100.com/article/76491725,full_mirror,clean,verified_from_configured_author_id_and_title_signature,9,12112,,2025-02-25
guolei_macro-2025-02-25-广发宏观-新公布的1月美联储会议纪要说了什么,guolei_macro,郭磊宏观茶座,广发证券,institutional_archive,广发宏观 | 新公布的1月美联储会议纪要说了什么,https://www.10100.com/article/77168437,full_mirror,clean,verified_from_configured_author_id_and_title_signature,0,7864,,2025-02-25
huatai_macro-2025-02-24-华泰宏观-深度-供给侧政策-哪些行业出清将如虎添翼,huatai_macro,华泰宏观,华泰证券宏观研究,configured_public_index,【华泰宏观|深度】供给侧政策：哪些行业出清将如虎添翼？,https://www.10100.com/article/65958740,full_mirror,clean,verified_from_configured_author_id,25,10614,,2025-02-24
huatai_macro-2025-02-24-华泰宏观-图解海外周报-美国增长预期边际回落,huatai_macro,华泰宏观,华泰证券宏观研究,configured_public_index,【华泰宏观|图解海外周报】美国增长预期边际回落,https://www.10100.com/article/65864627,full_mirror,clean,verified_from_configured_author_id,31,3910,,2025-02-24
cicc_perspective-2025-02-23-中金宏观-对人民币汇率近期走势的理解,cicc_perspective,中金点睛,中金宏观,team_channel,中金宏观 | 对人民币汇率近期走势的理解,https://www.10100.com/article/148042071,full_mirror,clean,verified_from_configured_author_id,19,8968,,2025-02-23
huatai_macro-2025-02-20-华泰宏观-特朗普行政令追踪-更新至2月20日,huatai_macro,华泰宏观,华泰证券宏观研究,configured_public_index,【华泰宏观】特朗普行政令追踪（更新至2月20日）,https://www.10100.com/article/65958744,full_mirror,clean,verified_from_configured_author_id,3,1761,,2025-02-20
huatai_macro-2025-02-20-华泰宏观-出口多维监测及-抢出口-追踪-更新至2月18日,huatai_macro,华泰宏观,华泰证券宏观研究,configured_public_index,【华泰宏观】出口多维监测及“抢出口”追踪（更新至2月18日）,https://www.10100.com/article/65864628,full_mirror,clean,verified_from_configured_author_id,2,1566,,2025-02-20
huatai_macro-2025-02-19-华泰宏观-日本2024Q4-GDP超预期回升,huatai_macro,华泰宏观,华泰证券宏观研究,configured_public_index,【华泰宏观】日本2024Q4 GDP超预期回升,https://www.10100.com/article/65958798,full_mirror,clean,verified_from_configured_author_id,5,2890,,2025-02-19
cicc_perspective-2025-02-19-中金宏观-货币变局重塑市场格局,cicc_perspective,中金点睛,中金宏观,team_channel,中金宏观 | 货币变局重塑市场格局,https://www.10100.com/article/148029328,full_mirror,clean,verified_from_configured_author_id,31,14950,,2025-02-19
cicc_perspective-2025-02-19-中金宏观-宏观眼中的科技股,cicc_perspective,中金点睛,中金宏观,team_channel,中金宏观 | 宏观眼中的科技股,https://www.10100.com/article/148035410,full_mirror,clean,verified_from_configured_author_id,61,23188,,2025-02-19
cicc_perspective-2025-02-19-中金宏观-创新能拉动多少增长,cicc_perspective,中金点睛,中金宏观,team_channel,中金宏观 | 创新能拉动多少增长？,https://www.10100.com/article/148028951,full_mirror,clean,verified_from_configured_author_id,30,16725,,2025-02-19
cicc_perspective-2025-02-19-中金宏观-传统思维或低估潜在增长,cicc_perspective,中金点睛,中金宏观,team_channel,中金宏观 | 传统思维或低估潜在增长,https://www.10100.com/article/148028793,full_mirror,clean,verified_from_configured_author_id,18,13295,,2025-02-19
cicc_perspective-2025-02-19-中金宏观-从金融周期看经济韧性,cicc_perspective,中金点睛,中金宏观,team_channel,中金宏观 | 从金融周期看经济韧性,https://www.10100.com/article/148035407,full_mirror,clean,verified_from_configured_author_id,30,10201,,2025-02-19
cicc_perspective-2025-02-19-中金宏观-从货币变局看金融由-大-而-强,cicc_perspective,中金点睛,中金宏观,team_channel,中金宏观 | 从货币变局看金融由“大”而“强”,https://www.10100.com/article/148042028,full_mirror,clean,verified_from_configured_author_id,11,8124,,2025-02-19
macrofans-2025-02-17-芦哲-关于民营企业座谈的三点理解,macrofans,宏观fans哲,宏观fans哲,author_research_stream,芦哲：关于民营企业座谈的三点理解,https://www.163.com/dy/article/JOKAVL2S05534KO1.html,full_mirror,clean,verified_from_publisher_citation,5,2199,,2025-02-17
huatai_macro-2025-02-17-华泰宏观-图解海外周报-通胀与零售数据超预期扰动降息前景,huatai_macro,华泰宏观,华泰证券宏观研究,configured_public_index,【华泰宏观|图解海外周报】通胀与零售数据超预期扰动降息前景,https://www.10100.com/article/65864630,full_mirror,clean,verified_from_configured_author_id,31,3947,,2025-02-17
cicc_perspective-2025-02-16-中金宏观-政策发力继续支撑短期增长-1月金融数据点评,cicc_perspective,中金点睛,中金宏观,team_channel,中金宏观 | 政策发力继续支撑短期增长——1月金融数据点评,https://www.10100.com/article/148035376,full_mirror,clean,verified_from_configured_author_id,12,4800,,2025-02-16
huatai_macro-2025-02-15-华泰宏观-社融-开门红-背后的信息-1月社融数据点评,huatai_macro,华泰宏观,华泰证券宏观研究,configured_public_index,【华泰宏观】社融“开门红”背后的信息——1月社融数据点评,https://www.10100.com/article/65958832,full_mirror,clean,verified_from_configured_author_id,6,3697,,2025-02-15
guolei_macro-2025-02-14-广发宏观-如何理解美国1月通胀反弹,guolei_macro,郭磊宏观茶座,广发证券,institutional_archive,【广发宏观】如何理解美国1月通胀反弹,https://www.10100.com/article/76490628,full_mirror,clean,verified_from_configured_author_id_and_title_signature,5,5799,,2025-02-14
guolei_macro-2025-02-14-广发宏观-中国资产节后何以迎来-开门红,guolei_macro,郭磊宏观茶座,广发证券,institutional_archive,【广发宏观】中国资产节后何以迎来“开门红”,https://www.10100.com/article/77169185,full_mirror,clean,verified_from_configured_author_id_and_title_signature,9,5062,,2025-02-14
macrofans-2025-02-13-宏观-芦哲-纽约联储消费者通胀预期表现温和,macrofans,宏观fans哲,宏观fans哲,author_research_stream,【宏观*芦哲】纽约联储消费者通胀预期表现温和,https://finance.sina.com.cn/stock/stockzmt/2025-02-13/doc-inekhueq8685568.shtml?cref=cj,full_mirror,clean,verified_from_author_byline,8,947,,2025-02-13
huatai_macro-2025-02-13-华泰宏观-美国1月CPI超预期-降息再添阻力,huatai_macro,华泰宏观,华泰证券宏观研究,configured_public_index,【华泰宏观】美国1月CPI超预期，降息再添阻力,https://www.10100.com/article/65864613,full_mirror,clean,verified_from_configured_author_id,6,2863,,2025-02-13
cicc_perspective-2025-02-13-中金宏观-年初投资新动态-宏观前瞻,cicc_perspective,中金点睛,中金宏观,team_channel,中金宏观 | 年初投资新动态——宏观前瞻,https://www.10100.com/article/148041973,full_mirror,clean,verified_from_configured_author_id,17,5544,,2025-02-13
cicc_perspective-2025-02-13-中金-通胀粘性推迟美联储降息时点,cicc_perspective,中金点睛,中金宏观,team_channel,中金：通胀粘性推迟美联储降息时点,https://www.10100.com/article/148028780,full_mirror,clean,verified_from_configured_author_id,8,4401,,2025-02-13
huatai_macro-2025-02-10-华泰宏观-图说全球PMI第十九期-1月全球制造业PMI重回至荣枯线上方,huatai_macro,华泰宏观,华泰证券宏观研究,configured_public_index,【华泰宏观】图说全球PMI第十九期 |1月全球制造业PMI重回至荣枯线上方,https://www.10100.com/article/65958864,full_mirror,clean,verified_from_configured_author_id,29,3790,,2025-02-10
huatai_macro-2025-02-10-华泰宏观-图解海外周报-美国关税政策反复主导汇率走势,huatai_macro,华泰宏观,华泰证券宏观研究,configured_public_index,【华泰宏观|图解海外周报】美国关税政策反复主导汇率走势,https://www.10100.com/article/65864754,full_mirror,clean,verified_from_configured_author_id,31,3878,,2025-02-10
cicc_perspective-2025-02-10-剔除错位-温和复苏-2025年1月物价数据点评,cicc_perspective,中金点睛,中金宏观,team_channel,剔除错位，温和复苏 ——2025年1月物价数据点评,https://www.10100.com/article/148035365,full_mirror,clean,verified_from_configured_author_id,13,4209,,2025-02-10
cicc_perspective-2025-02-08-中金宏观-非农稳健让美联储保持耐心,cicc_perspective,中金点睛,中金宏观,team_channel,中金宏观 | 非农稳健让美联储保持耐心,https://www.10100.com/article/148029313,full_mirror,clean,verified_from_configured_author_id,9,5949,,2025-02-08
huatai_macro-2025-02-05-华泰宏观-专题-春节消费关键词-文旅-焕新-入境游,huatai_macro,华泰宏观,华泰证券宏观研究,configured_public_index,【华泰宏观|专题】春节消费关键词:文旅、焕新、入境游,https://www.10100.com/article/65864753,full_mirror,clean,verified_from_configured_author_id,10,6561,,2025-02-05
guolei_macro-2025-02-05-广发宏观-春节假期国内宏观线索简评,guolei_macro,郭磊宏观茶座,广发证券,institutional_archive,【广发宏观】春节假期国内宏观线索简评,https://www.10100.com/article/76476143,full_mirror,clean,verified_from_configured_author_id_and_title_signature,2,7537,,2025-02-05
cicc_perspective-2025-02-05-中金宏观-总体平稳增长-文娱好于商品-春节假期消费观察,cicc_perspective,中金点睛,中金宏观,team_channel,中金宏观 | 总体平稳增长，文娱好于商品——春节假期消费观察,https://www.10100.com/article/148028923,full_mirror,clean,verified_from_configured_author_id,11,4521,,2025-02-05
huatai_macro-2025-02-03-华泰宏观-专题-近期中国地产行业的一些积极变化,huatai_macro,华泰宏观,华泰证券宏观研究,configured_public_index,【华泰宏观|专题】近期中国地产行业的一些积极变化,https://www.10100.com/article/65864661,full_mirror,clean,verified_from_configured_author_id,11,4502,,2025-02-03
huatai_macro-2025-02-03-华泰宏观-专题-DeepSeek是否会撼动-星际之门-的投资逻辑,huatai_macro,华泰宏观,华泰证券宏观研究,configured_public_index,【华泰宏观|专题】DeepSeek是否会撼动“星际之门”的投资逻辑？,https://www.10100.com/article/65958784,full_mirror,clean,verified_from_configured_author_id,6,10953,,2025-02-03
huatai_macro-2025-01-30-华泰宏观-特朗普行政令追踪-更新至1月30日,huatai_macro,华泰宏观,华泰证券宏观研究,configured_public_index,【华泰宏观】特朗普行政令追踪（更新至1月30日）,https://www.10100.com/article/65958785,full_mirror,clean,verified_from_configured_author_id,2,1946,,2025-01-30
huatai_macro-2025-01-30-华泰宏观-1月FOMC-如期暂停降息-进入观望模式,huatai_macro,华泰宏观,华泰证券宏观研究,configured_public_index,【华泰宏观】1月FOMC：如期暂停降息，进入观望模式,https://www.10100.com/article/65864705,full_mirror,clean,verified_from_configured_author_id,3,5075,,2025-01-30
huatai_macro-2025-01-28-华泰宏观-图解国内月报-春节错位下出入境高增长-生产投资增长季节性回落,huatai_macro,华泰宏观,华泰证券宏观研究,configured_public_index,【华泰宏观 | 图解国内月报】春节错位下出入境高增长，生产投资增长季节性回落,https://www.10100.com/article/65958842,full_mirror,clean,verified_from_configured_author_id,32,4009,,2025-01-28
huatai_macro-2025-01-27-华泰宏观-图解海外周报-关税忧虑暂缓-美元高位回落,huatai_macro,华泰宏观,华泰证券宏观研究,configured_public_index,【华泰宏观|图解海外周报】关税忧虑暂缓，美元高位回落,https://www.10100.com/article/65958850,full_mirror,clean,verified_from_configured_author_id,31,3902,,2025-01-27
huatai_macro-2025-01-27-华泰宏观-图解国内周报-春运出行较为活跃,huatai_macro,华泰宏观,华泰证券宏观研究,configured_public_index,【华泰宏观 | 图解国内周报】春运出行较为活跃,https://www.10100.com/article/65864664,full_mirror,clean,verified_from_configured_author_id,41,10114,,2025-01-27
cicc_perspective-2025-01-27-中金宏观-有扰动-也有基本面因素-1月PMI点评,cicc_perspective,中金点睛,中金宏观,team_channel,中金宏观 | 有扰动，也有基本面因素——1月PMI点评,https://www.10100.com/article/148035375,full_mirror,clean,verified_from_configured_author_id,10,3901,,2025-01-27
huatai_macro-2025-01-25-华泰宏观-特朗普行政令追踪-更新至1月24日,huatai_macro,华泰宏观,华泰证券宏观研究,configured_public_index,【华泰宏观】特朗普行政令追踪（更新至1月24日）,https://www.10100.com/article/65864713,full_mirror,clean,verified_from_configured_author_id,2,1722,,2025-01-25
huatai_macro-2025-01-23-华泰宏观-出口多维监测及-抢出口-追踪-更新至1月21日,huatai_macro,华泰宏观,华泰证券宏观研究,configured_public_index,【华泰宏观】出口多维监测及“抢出口”追踪（更新至1月21日）,https://www.10100.com/article/65958858,full_mirror,clean,verified_from_configured_author_id,2,1445,,2025-01-23
huatai_macro-2025-01-22-华泰宏观-从地方两会看2025年政策发力点,huatai_macro,华泰宏观,华泰证券宏观研究,configured_public_index,【华泰宏观】从地方两会看2025年政策发力点,https://www.10100.com/article/65864714,full_mirror,clean,verified_from_configured_author_id,4,4480,,2025-01-22
huatai_macro-2025-01-22-PPT-华泰-图说周期第九期-特朗普就职后的变与不变,huatai_macro,华泰宏观,华泰证券宏观研究,configured_public_index,【PPT】华泰 | 图说周期第九期：特朗普就职后的变与不变,https://www.10100.com/article/65958796,full_mirror,clean,verified_from_configured_author_id,57,5272,,2025-01-22
guolei_macro-2025-01-21-广发宏观-如何看2024年经济数据,guolei_macro,郭磊宏观茶座,广发证券,institutional_archive,广发宏观 | 如何看2024年经济数据,https://www.10100.com/article/77168441,full_mirror,clean,verified_from_configured_author_id_and_title_signature,2,6761,,2025-01-21
guolei_macro-2025-01-21-广发宏观-回看2024年出口及其宏观影响,guolei_macro,郭磊宏观茶座,广发证券,institutional_archive,广发宏观 | 回看2024年出口及其宏观影响,https://www.10100.com/article/76701354,full_mirror,clean,verified_from_configured_author_id_and_title_signature,2,3363,,2025-01-21
huatai_macro-2025-01-20-华泰宏观-图解海外周报-美国12月核心CPI回落暂缓美元升值压力,huatai_macro,华泰宏观,华泰证券宏观研究,configured_public_index,【华泰宏观|图解海外周报】美国12月核心CPI回落暂缓美元升值压力,https://www.10100.com/article/65958797,full_mirror,clean,verified_from_configured_author_id,30,3837,,2025-01-20
huatai_macro-2025-01-20-华泰宏观-图解国内周报-流动性边际收紧-出口保持较高增长,huatai_macro,华泰宏观,华泰证券宏观研究,configured_public_index,【华泰宏观 | 图解国内周报】流动性边际收紧，出口保持较高增长,https://www.10100.com/article/65864749,full_mirror,clean,verified_from_configured_author_id,42,10480,,2025-01-20
cicc_perspective-2025-01-20-中金宏观-多数省份增长目标持平-通胀目标更务实-地方两会总结,cicc_perspective,中金点睛,中金宏观,team_channel,中金宏观 | 多数省份增长目标持平，通胀目标更务实——地方两会总结,https://www.10100.com/article/148029152,full_mirror,clean,verified_from_configured_author_id,8,5674,,2025-01-20
cicc_perspective-2025-01-18-中金宏观-稳汇率之后的宽松空间,cicc_perspective,中金点睛,中金宏观,team_channel,中金宏观 | 稳汇率之后的宽松空间,https://www.10100.com/article/148042005,full_mirror,clean,verified_from_configured_author_id,11,5719,,2025-01-18
cicc_perspective-2025-01-17-中金宏观-量价分化-还需政策加力-12月经济数据点评,cicc_perspective,中金点睛,中金宏观,team_channel,中金宏观 | 量价分化，还需政策加力——12月经济数据点评,https://www.10100.com/article/148028924,full_mirror,clean,verified_from_configured_author_id,2,3877,,2025-01-17
huatai_macro-2025-01-16-华泰宏观-美国12月通胀意外放缓,huatai_macro,华泰宏观,华泰证券宏观研究,configured_public_index,【华泰宏观】美国12月通胀意外放缓,https://www.10100.com/article/65864643,full_mirror,clean,verified_from_configured_author_id,5,2878,,2025-01-16
huatai_macro-2025-01-15-华泰宏观-财政发力带动12月金融数据回升,huatai_macro,华泰宏观,华泰证券宏观研究,configured_public_index,【华泰宏观】财政发力带动12月金融数据回升,https://www.10100.com/article/65958763,full_mirror,clean,verified_from_configured_author_id,6,3643,,2025-01-15
cicc_perspective-2025-01-15-中金宏观-财政发力改善金融数据-2024年12月金融数据点评,cicc_perspective,中金点睛,中金宏观,team_channel,中金宏观 | 财政发力改善金融数据-2024年12月金融数据点评,https://www.10100.com/article/148028788,full_mirror,clean,verified_from_configured_author_id,8,3685,,2025-01-15
cicc_perspective-2025-01-15-中金-解码出口新常态,cicc_perspective,中金点睛,中金宏观,team_channel,中金：解码出口新常态,https://www.10100.com/article/148042012,full_mirror,clean,verified_from_configured_author_id,19,13437,,2025-01-15
guolei_macro-2025-01-14-广发宏观-推动价格中枢回升有待于供给端优化,guolei_macro,郭磊宏观茶座,广发证券,institutional_archive,广发宏观 | 推动价格中枢回升有待于供给端优化,https://www.10100.com/article/76701322,full_mirror,clean,verified_from_configured_author_id_and_title_signature,3,3297,,2025-01-14
guolei_macro-2025-01-14-广发宏观-如何理解美国12月非农数据,guolei_macro,郭磊宏观茶座,广发证券,institutional_archive,广发宏观 | 如何理解美国12月非农数据,https://www.10100.com/article/77169191,full_mirror,clean,verified_from_configured_author_id_and_title_signature,7,5798,,2025-01-14
xuetao_macro-2025-01-13-美国失业率下降至4-1-意味着什么,xuetao_macro,雪涛宏观笔记,雪涛宏观笔记,exact,美国失业率下降至4.1%，意味着什么？,https://wallstreetcn.com/articles/3738958,full_mirror,clean,verified_from_source,5,2113,,2025-01-13
huatai_macro-2025-01-13-华泰宏观-图解海外周报-美元美债利率继续向上突破,huatai_macro,华泰宏观,华泰证券宏观研究,configured_public_index,【华泰宏观|图解海外周报】美元美债利率继续向上突破,https://www.10100.com/article/65958824,full_mirror,clean,verified_from_configured_author_id,22,3543,,2025-01-13
huatai_macro-2025-01-13-华泰宏观-图解国内周报-节前以旧换新设备升级,huatai_macro,华泰宏观,华泰证券宏观研究,configured_public_index,【华泰宏观 | 图解国内周报】节前以旧换新设备升级,https://www.10100.com/article/65864644,full_mirror,clean,verified_from_configured_author_id,42,10473,,2025-01-13
guolei_macro-2025-01-13-广发宏观-央行暂停买入国债的政策逻辑与市场影响,guolei_macro,郭磊宏观茶座,广发证券,institutional_archive,【广发宏观】央行暂停买入国债的政策逻辑与市场影响,https://www.10100.com/article/77169063,full_mirror,clean,verified_from_configured_author_id_and_title_signature,0,5033,,2025-01-13
cicc_perspective-2025-01-13-中金宏观-货币政策如何-超常规-漫长的周期系列-一,cicc_perspective,中金点睛,中金宏观,team_channel,中金宏观：货币政策如何“超常规”| 漫长的周期系列（一）,https://www.10100.com/article/148029168,full_mirror,clean,verified_from_configured_author_id,18,16377,,2025-01-13
cicc_perspective-2025-01-13-中金宏观-出口超预期收官-但不确定性上升-12月进出口数据点评,cicc_perspective,中金点睛,中金宏观,team_channel,中金宏观 | 出口超预期收官，但不确定性上升——12月进出口数据点评,https://www.10100.com/article/148035395,full_mirror,clean,verified_from_configured_author_id,9,4020,,2025-01-13
cicc_perspective-2025-01-11-中金宏观-非农强劲凸显美国经济韧性,cicc_perspective,中金点睛,中金宏观,team_channel,中金宏观 | 非农强劲凸显美国经济韧性,https://www.10100.com/article/148042023,full_mirror,clean,verified_from_configured_author_id,6,3715,,2025-01-11
huatai_macro-2025-01-10-华泰宏观-食品价格走弱压低CPI-12月通胀数据点评,huatai_macro,华泰宏观,华泰证券宏观研究,configured_public_index,【华泰宏观】食品价格走弱压低CPI——12月通胀数据点评,https://www.10100.com/article/65958781,full_mirror,clean,verified_from_configured_author_id,5,4139,,2025-01-10
macrofans-2025-01-08-芦哲-美国关税政策对我国出口的影响及应对策略,macrofans,宏观fans哲,宏观fans哲,author_research_stream,芦哲：美国关税政策对我国出口的影响及应对策略,https://news.qq.com/rain/a/20250108A02OE300,full_mirror,clean,verified_from_author_byline,3,4379,,2025-01-08
huatai_macro-2025-01-07-PPT-华泰-图说周期第八期-特朗普-百日新政-的扰动及应对,huatai_macro,华泰宏观,华泰证券宏观研究,configured_public_index,【PPT】华泰 | 图说周期第八期：特朗普“百日新政”的扰动及应对,https://www.10100.com/article/65864703,full_mirror,clean,verified_from_configured_author_id,53,4320,,2025-01-07
huatai_macro-2025-01-06-华泰宏观-图解海外周报-美国12月经济指标总体超预期,huatai_macro,华泰宏观,华泰证券宏观研究,configured_public_index,【华泰宏观|图解海外周报】美国12月经济指标总体超预期,https://www.10100.com/article/65864659,full_mirror,clean,verified_from_configured_author_id,30,3776,,2025-01-06
huatai_macro-2025-01-06-华泰宏观-专题-特朗普百日新政展望-收紧移民的宏观影响,huatai_macro,华泰宏观,华泰证券宏观研究,configured_public_index,【华泰宏观|专题】特朗普百日新政展望 ：收紧移民的宏观影响,https://www.10100.com/article/65958836,full_mirror,clean,verified_from_configured_author_id,15,14053,,2025-01-06
guolei_macro-2025-01-06-广发宏观-四季度货币政策委员会例会的五点增量信息,guolei_macro,郭磊宏观茶座,广发证券,institutional_archive,【广发宏观】四季度货币政策委员会例会的五点增量信息,https://www.10100.com/article/76490579,full_mirror,clean,verified_from_configured_author_id_and_title_signature,0,4500,,2025-01-06
guolei_macro-2025-01-06-广发宏观-从中观角度看PMI,guolei_macro,郭磊宏观茶座,广发证券,institutional_archive,【广发宏观】从中观角度看PMI,https://www.10100.com/article/76476060,full_mirror,clean,verified_from_configured_author_id_and_title_signature,2,4474,,2025-01-06
cicc_perspective-2025-01-06-中金宏观-冷热分化延续-12-月经济数据前瞻,cicc_perspective,中金点睛,中金宏观,team_channel,中金宏观 | 冷热分化延续——12 月经济数据前瞻,https://www.10100.com/article/148035368,full_mirror,clean,verified_from_configured_author_id,1,3647,,2025-01-06
huatai_macro-2025-01-03-华泰宏观-财政支出加速及抢出口推升4季度GDP-12月经济活动数据预览,huatai_macro,华泰宏观,华泰证券宏观研究,configured_public_index,【华泰宏观】财政支出加速及抢出口推升4季度GDP——12月经济活动数据预览,https://www.10100.com/article/65958840,full_mirror,clean,verified_from_configured_author_id,2,3087,,2025-01-03
huatai_macro-2025-01-01-华泰宏观-图说中国月报-外需短期偏强-内需走势分化,huatai_macro,华泰宏观,华泰证券宏观研究,configured_public_index,【华泰宏观 | 图说中国月报】外需短期偏强，内需走势分化,https://www.10100.com/article/65958860,full_mirror,clean,verified_from_configured_author_id,22,3670,,2025-01-01
huatai_macro-2025-01-01-华泰宏观-制造业PMI略回落-建筑活动边际回暖,huatai_macro,华泰宏观,华泰证券宏观研究,configured_public_index,【华泰宏观】制造业PMI略回落，建筑活动边际回暖,https://www.10100.com/article/65864679,full_mirror,clean,verified_from_configured_author_id,4,3301,,2025-01-01
macrofans-2024-12-31-挖掘消费空间-有多少资金可以用于居民增收,macrofans,宏观fans哲,宏观fans哲,author_research_stream,挖掘消费空间：有多少资金可以用于居民增收,https://www.163.com/dy/article/JKO235I305198ETO.html?spss=dy_author,full_mirror,clean,verified_from_publisher_citation,2,2149,,2024-12-31
cicc_perspective-2024-12-31-中金宏观-价格待改善-12月PMI点评,cicc_perspective,中金点睛,中金宏观,team_channel,中金宏观 | 价格待改善——12月PMI点评,https://www.10100.com/article/148029156,full_mirror,clean,verified_from_configured_author_id,12,3744,,2024-12-31
huatai_macro-2024-12-30-华泰宏观-图解海外周报-美国假日消费整体偏强,huatai_macro,华泰宏观,华泰证券宏观研究,configured_public_index,【华泰宏观|图解海外周报】美国假日消费整体偏强,https://www.10100.com/article/65958862,full_mirror,clean,verified_from_configured_author_id,30,3811,,2024-12-30
huatai_macro-2024-12-30-华泰宏观-图解国内周报-出口继续领跑-专项债用途进一步优化,huatai_macro,华泰宏观,华泰证券宏观研究,configured_public_index,"【华泰宏观 | 图解国内周报】出口继续领跑,专项债用途进一步优化",https://www.10100.com/article/65864750,full_mirror,clean,verified_from_configured_author_id,43,10135,,2024-12-30
guolei_macro-2024-12-30-广发宏观-专项债管理机制优化有何影响,guolei_macro,郭磊宏观茶座,广发证券,institutional_archive,【广发宏观】专项债管理机制优化有何影响,https://www.10100.com/article/76475946,full_mirror,clean,verified_from_configured_author_id_and_title_signature,4,5881,,2024-12-30
guolei_macro-2024-12-30-广发宏观-11月企业盈利表现的三大线索,guolei_macro,郭磊宏观茶座,广发证券,institutional_archive,【广发宏观】11月企业盈利表现的三大线索,https://www.10100.com/article/76701243,full_mirror,clean,verified_from_configured_author_id_and_title_signature,5,7703,,2024-12-30
huatai_macro-2024-12-28-华泰宏观-11月工业企业利润降幅再度收窄,huatai_macro,华泰宏观,华泰证券宏观研究,configured_public_index,【华泰宏观】11月工业企业利润降幅再度收窄,https://www.10100.com/article/65958828,full_mirror,clean,verified_from_configured_author_id,11,4041,,2024-12-28
cicc_perspective-2024-12-27-费用下降-利润降幅收窄-2024年1-11月工业企业利润点评,cicc_perspective,中金点睛,中金宏观,team_channel,费用下降，利润降幅收窄 --- 2024年1-11月工业企业利润点评,https://www.10100.com/article/148041979,full_mirror,clean,verified_from_configured_author_id,10,3870,,2024-12-27
huatai_macro-2024-12-26-华泰宏观-地产景气度面面观-更新至12月24日,huatai_macro,华泰宏观,华泰证券宏观研究,configured_public_index,【华泰宏观】地产景气度面面观（更新至12月24日）,https://www.10100.com/article/65864599,full_mirror,clean,verified_from_configured_author_id,2,1296,,2024-12-26
macrofans-2024-12-25-宏观-芦哲-深度-利润周期重启-库存周期弱化-2025年度展望-十一-中观行业,macrofans,宏观fans哲,宏观fans哲,author_research_stream,【宏观*芦哲】深度：利润周期重启，库存周期弱化——2025年度展望（十一）：中观行业,https://www.sohu.com/a/841516280_121123903?scm=10001.325_13-109000.0.0.5_32,derived_text,clean,verified_from_author_byline,0,2571,,2024-12-25
huatai_macro-2024-12-23-华泰宏观-化债观察双周报-第25期-今年置换债发行完毕-淡季基建项目落地放缓,huatai_macro,华泰宏观,华泰证券宏观研究,configured_public_index,【华泰宏观】化债观察双周报|第25期: 今年置换债发行完毕，淡季基建项目落地放缓,https://www.10100.com/article/65958829,full_mirror,clean,verified_from_configured_author_id,37,9298,,2024-12-23
huatai_macro-2024-12-22-华泰宏观-美国政府最后一刻避免关门,huatai_macro,华泰宏观,华泰证券宏观研究,configured_public_index,【华泰宏观】美国政府最后一刻避免关门,https://www.10100.com/article/65864685,full_mirror,clean,verified_from_configured_author_id,1,3180,,2024-12-22
huatai_macro-2024-12-20-华泰宏观-地产景气度面面观-更新至12月18日,huatai_macro,华泰宏观,华泰证券宏观研究,configured_public_index,【华泰宏观】地产景气度面面观（更新至12月18日）,https://www.10100.com/article/65864602,full_mirror,clean,verified_from_configured_author_id,2,1295,,2024-12-20
cicc_perspective-2024-12-18-中金-量价视角看消费复苏,cicc_perspective,中金点睛,中金宏观,team_channel,中金：量价视角看消费复苏,https://www.10100.com/article/148028932,full_mirror,clean,verified_from_configured_author_id,12,4298,,2024-12-18
huatai_macro-2024-12-17-华泰宏观-11月经济数据-抢出口及消费补贴短期提振效果明显,huatai_macro,华泰宏观,华泰证券宏观研究,configured_public_index,【华泰宏观】11月经济数据：抢出口及消费补贴短期提振效果明显,https://www.10100.com/article/65864681,full_mirror,clean,verified_from_configured_author_id,9,4998,,2024-12-17
huatai_macro-2024-12-17-华泰宏观-11月广义财政支出增长高位回调-11月财政数据点评,huatai_macro,华泰宏观,华泰证券宏观研究,configured_public_index,【华泰宏观】11月广义财政支出增长高位回调——11月财政数据点评,https://www.10100.com/article/65958801,full_mirror,clean,verified_from_configured_author_id,5,3867,,2024-12-17
guolei_macro-2024-12-17-广发宏观-如何理解中央经济工作会议,guolei_macro,郭磊宏观茶座,广发证券,institutional_archive,【广发宏观】如何理解中央经济工作会议,https://www.10100.com/article/76701364,full_mirror,clean,verified_from_configured_author_id_and_title_signature,0,4263,,2024-12-17
cicc_perspective-2024-12-16-中金宏观-内生动能待改观-11月经济数据点评,cicc_perspective,中金点睛,中金宏观,team_channel,中金宏观 | 内生动能待改观——11月经济数据点评,https://www.10100.com/article/148029317,full_mirror,clean,verified_from_configured_author_id,2,3722,,2024-12-16
huatai_macro-2024-12-14-华泰宏观-化债提振M1-但技术性压低贷款-11月社融数据点评,huatai_macro,华泰宏观,华泰证券宏观研究,configured_public_index,【华泰宏观】化债提振M1，但技术性压低贷款——11月社融数据点评,https://www.10100.com/article/65958803,full_mirror,clean,verified_from_configured_author_id,6,3744,,2024-12-14
huatai_macro-2024-12-12-华泰宏观-美国11月通胀温和回升-符合预期,huatai_macro,华泰宏观,华泰证券宏观研究,configured_public_index,【华泰宏观】美国11月通胀温和回升，符合预期,https://www.10100.com/article/65864718,full_mirror,clean,verified_from_configured_author_id,5,2812,,2024-12-12
macrofans-2024-12-11-东吴证券芦哲2025年中国财政展望-总量力度增加-节奏靠前发力,macrofans,宏观fans哲,宏观fans哲,author_research_stream,东吴证券芦哲2025年中国财政展望：总量力度增加、节奏靠前发力,https://finance.sina.com.cn/jjxw/2024-12-11/doc-inczcarm0560153.shtml,full_mirror,clean,verified_from_publisher_citation,37,11261,,2024-12-11
huatai_macro-2024-12-11-华泰宏观-出口增速仍具韧性-抢出口效应初现,huatai_macro,华泰宏观,华泰证券宏观研究,configured_public_index,【华泰宏观】出口增速仍具韧性，抢出口效应初现,https://www.10100.com/article/65958806,full_mirror,clean,verified_from_configured_author_id,10,4694,,2024-12-11
huatai_macro-2024-12-10-华泰宏观-出口多维监测及-抢出口-追踪-更新至12月8日,huatai_macro,华泰宏观,华泰证券宏观研究,configured_public_index,【华泰宏观】出口多维监测及“抢出口”追踪（更新至12月8日）,https://www.10100.com/article/65864760,full_mirror,clean,verified_from_configured_author_id,2,1428,,2024-12-10
cicc_perspective-2024-12-10-中金宏观-排除短期因素后出口保持平稳-2024年11月进出口点评,cicc_perspective,中金点睛,中金宏观,team_channel,中金宏观 | 排除短期因素后出口保持平稳——2024年11月进出口点评,https://www.10100.com/article/148028783,full_mirror,clean,verified_from_configured_author_id,9,3333,,2024-12-10
huatai_macro-2024-12-09-华泰宏观-中央经济工作会议前瞻-提振消费或为主要亮点,huatai_macro,华泰宏观,华泰证券宏观研究,configured_public_index,【华泰宏观】中央经济工作会议前瞻：提振消费或为主要亮点,https://www.10100.com/article/65958867,full_mirror,clean,verified_from_configured_author_id,6,6015,,2024-12-09
guolei_macro-2024-12-09-广发宏观-迎接新联动模式-2025年大类资产展望,guolei_macro,郭磊宏观茶座,广发证券,institutional_archive,【广发宏观】迎接新联动模式：2025年大类资产展望,https://www.10100.com/article/76701365,full_mirror,clean,verified_from_configured_author_id_and_title_signature,54,39751,,2024-12-09
guolei_macro-2024-12-09-广发宏观-如何理解美国11月非农数据,guolei_macro,郭磊宏观茶座,广发证券,institutional_archive,【广发宏观】如何理解美国11月非农数据,https://www.10100.com/article/76476156,full_mirror,clean,verified_from_configured_author_id_and_title_signature,5,6365,,2024-12-09
cicc_perspective-2024-12-07-中金宏观-政策初见效-基本面偏弱-11月经济数据前瞻,cicc_perspective,中金点睛,中金宏观,team_channel,中金宏观 | 政策初见效，基本面偏弱——11月经济数据前瞻,https://www.10100.com/article/148029320,full_mirror,clean,verified_from_configured_author_id,1,4151,,2024-12-07
cicc_perspective-2024-12-05-中金宏观-海外楼市的若干经验事实,cicc_perspective,中金点睛,中金宏观,team_channel,中金宏观｜海外楼市的若干经验事实,https://www.10100.com/article/148028806,full_mirror,clean,verified_from_configured_author_id,10,3796,,2024-12-05
huatai_macro-2024-12-04-华泰宏观-欧元会很快跌至与美元平价吗,huatai_macro,华泰宏观,华泰证券宏观研究,configured_public_index,【华泰宏观】欧元会很快跌至与美元平价吗？,https://www.10100.com/article/65864730,full_mirror,clean,verified_from_configured_author_id,10,5225,,2024-12-04
huatai_macro-2024-12-02-华泰宏观-图说海外月报-美国大选扰动市场-美欧动能分化,huatai_macro,华泰宏观,华泰证券宏观研究,configured_public_index,【华泰宏观|图说海外月报】美国大选扰动市场，美欧动能分化,https://www.10100.com/article/65864776,full_mirror,clean,verified_from_configured_author_id,26,3784,,2024-12-02
huatai_macro-2024-12-02-华泰宏观-图解国内周报-地方置换债发行加速-抢出口效应初显,huatai_macro,华泰宏观,华泰证券宏观研究,configured_public_index,【华泰宏观 | 图解国内周报】地方置换债发行加速，抢出口效应初显,https://www.10100.com/article/65958874,full_mirror,clean,verified_from_configured_author_id,33,10936,,2024-12-02
cicc_perspective-2024-12-02-中金宏观-M1的口径与经济含义,cicc_perspective,中金点睛,中金宏观,team_channel,中金宏观 | M1的口径与经济含义,https://www.10100.com/article/148035431,full_mirror,clean,verified_from_configured_author_id,21,11496,,2024-12-02
huatai_macro-2024-12-01-华泰宏观-图解国内月报-稳增长政策效果上半月更为明显,huatai_macro,华泰宏观,华泰证券宏观研究,configured_public_index,【华泰宏观 | 图解国内月报】稳增长政策效果上半月更为明显,https://www.10100.com/article/65864731,full_mirror,clean,verified_from_configured_author_id,32,3937,,2024-12-01
cicc_perspective-2024-12-01-中金宏观-分化中改善-还需加力扩需求-11月PMI点评,cicc_perspective,中金点睛,中金宏观,team_channel,中金宏观 | 分化中改善，还需加力扩需求——11月PMI点评,https://www.10100.com/article/148029334,full_mirror,clean,verified_from_configured_author_id,12,5723,,2024-12-01
cicc_perspective-2024-11-29-中金-以旧换新的影响有多大,cicc_perspective,中金点睛,中金宏观,team_channel,中金：以旧换新的影响有多大？,https://www.10100.com/article/148042040,full_mirror,clean,verified_from_configured_author_id,15,5692,,2024-11-29
macrofans-2024-11-26-加关税-如何影响我国出口-2018年复盘与2025年展望,macrofans,宏观fans哲,宏观fans哲,author_research_stream,“加关税”如何影响我国出口——2018年复盘与2025年展望,https://www.163.com/dy/article/JHUB3S020519QIKK.html,full_mirror,clean,verified_from_publisher_citation,18,7825,,2024-11-26
huatai_macro-2024-11-25-华泰宏观-政府投融资观察双周报-第23期-地方用于化债的债券发行加速,huatai_macro,华泰宏观,华泰证券宏观研究,configured_public_index,【华泰宏观】政府投融资观察双周报|第23期: 地方用于化债的债券发行加速,https://www.10100.com/article/65864597,full_mirror,clean,verified_from_configured_author_id,39,8571,,2024-11-25
huatai_macro-2024-11-25-华泰宏观-图说美国宏观月报-大选尘埃落定后美国经济活动维持韧性,huatai_macro,华泰宏观,华泰证券宏观研究,configured_public_index,【华泰宏观 | 图说美国宏观月报 】 大选尘埃落定后美国经济活动维持韧性,https://www.10100.com/article/65958769,full_mirror,clean,verified_from_configured_author_id,30,3852,,2024-11-25
cicc_perspective-2024-11-25-中金宏观-减少出口退税-影响几何,cicc_perspective,中金点睛,中金宏观,team_channel,中金宏观 | 减少出口退税，影响几何？,https://www.10100.com/article/148041969,full_mirror,clean,verified_from_configured_author_id,28,7071,,2024-11-25
guolei_macro-2024-11-20-广发宏观-10月金融数据-三点积极变化和一个短板,guolei_macro,郭磊宏观茶座,广发证券,institutional_archive,【广发宏观】10月金融数据：三点积极变化和一个短板,https://www.10100.com/article/76476048,full_mirror,clean,verified_from_configured_author_id_and_title_signature,0,4390,,2024-11-20
huatai_macro-2024-11-19-华泰宏观-10月广义财政支出继续拉升-10月财政数据点评,huatai_macro,华泰宏观,华泰证券宏观研究,configured_public_index,【华泰宏观】10月广义财政支出继续拉升——10月财政数据点评,https://www.10100.com/article/65864598,full_mirror,clean,verified_from_configured_author_id,6,3267,,2024-11-19
cicc_perspective-2024-11-18-中金宏观-周报-增量政策进展如何,cicc_perspective,中金点睛,中金宏观,team_channel,中金宏观 | 周报：增量政策进展如何？,https://www.10100.com/article/148028778,full_mirror,clean,verified_from_configured_author_id,7,5002,,2024-11-18
huatai_macro-2024-11-16-华泰宏观-多项宏观指标回暖-10月经济活动数据点评,huatai_macro,华泰宏观,华泰证券宏观研究,configured_public_index,【华泰宏观】多项宏观指标回暖——10月经济活动数据点评,https://www.10100.com/article/65864620,full_mirror,clean,verified_from_configured_author_id,7,5014,,2024-11-16
cicc_perspective-2024-11-15-中金宏观-短期政策效果初现-弥补缺口仍待政策继续加码-10月经济数据点评,cicc_perspective,中金点睛,中金宏观,team_channel,中金宏观 | 短期政策效果初现，弥补缺口仍待政策继续加码——10月经济数据点评,https://www.10100.com/article/148035356,full_mirror,clean,verified_from_configured_author_id,2,4217,,2024-11-15
cicc_perspective-2024-11-14-中金-通胀温和-为美联储12月降息打开大门,cicc_perspective,中金点睛,中金宏观,team_channel,中金：通胀温和，为美联储12月降息打开大门,https://www.10100.com/article/148029311,full_mirror,clean,verified_from_configured_author_id,8,4072,,2024-11-14
huatai_macro-2024-11-12-华泰宏观-新增社融低于预期但有亮点-10月社融数据点评,huatai_macro,华泰宏观,华泰证券宏观研究,configured_public_index,【华泰宏观】新增社融低于预期但有亮点——10月社融数据点评,https://www.10100.com/article/65958775,full_mirror,clean,verified_from_configured_author_id,6,3799,,2024-11-12
huatai_macro-2024-11-12-PPT-华泰-图说周期第五期-美国大选-中国财政影响及年度展望系列,huatai_macro,华泰宏观,华泰证券宏观研究,configured_public_index,【PPT】华泰 | 图说周期第五期：美国大选、中国财政影响及年度展望系列,https://www.10100.com/article/65864688,full_mirror,clean,verified_from_configured_author_id,85,5705,,2024-11-12
huatai_macro-2024-11-11-华泰宏观-政府投融资观察双周报-第22期-化债方案落地或支持政府债发行再度加速,huatai_macro,华泰宏观,华泰证券宏观研究,configured_public_index,【华泰宏观】政府投融资观察双周报|第22期:化债方案落地或支持政府债发行再度加速,https://www.10100.com/article/65864694,full_mirror,clean,verified_from_configured_author_id,35,8756,,2024-11-11
huatai_macro-2024-11-11-华泰宏观-图解国内周报-地产及出口需求走强-化债政策落地,huatai_macro,华泰宏观,华泰证券宏观研究,configured_public_index,【华泰宏观 | 图解国内周报】地产及出口需求走强，化债政策落地,https://www.10100.com/article/65958776,full_mirror,clean,verified_from_configured_author_id,44,11233,,2024-11-11
guolei_macro-2024-11-11-广发宏观-特朗普第二任期政策及影响推演,guolei_macro,郭磊宏观茶座,广发证券,institutional_archive,【广发宏观】特朗普第二任期政策及影响推演,https://www.10100.com/article/76701478,full_mirror,clean,verified_from_configured_author_id_and_title_signature,2,10750,,2024-11-11
guolei_macro-2024-11-11-广发宏观-2024年三季度货币政策执行报告解读,guolei_macro,郭磊宏观茶座,广发证券,institutional_archive,【广发宏观】2024年三季度货币政策执行报告解读,https://www.10100.com/article/77168569,full_mirror,clean,verified_from_configured_author_id_and_title_signature,0,5879,,2024-11-11
cicc_perspective-2024-11-11-更重视物价走势-2024年3季度货币政策执行报告点评,cicc_perspective,中金点睛,中金宏观,team_channel,更重视物价走势——2024年3季度货币政策执行报告点评,https://www.10100.com/article/148028942,full_mirror,clean,verified_from_configured_author_id,8,4815,,2024-11-11
cicc_perspective-2024-11-09-中金宏观-财政还可如何发力,cicc_perspective,中金点睛,中金宏观,team_channel,中金宏观 | 财政还可如何发力？,https://www.10100.com/article/148035403,full_mirror,clean,verified_from_configured_author_id,21,13169,,2024-11-09
cicc_perspective-2024-11-09-中金宏观-怎么理解财政空间大小,cicc_perspective,中金点睛,中金宏观,team_channel,中金宏观 | 怎么理解财政空间大小？,https://www.10100.com/article/148028948,full_mirror,clean,verified_from_configured_author_id,25,13233,,2024-11-09
cicc_perspective-2024-11-09-中金宏观-加速债务置换或利好消费,cicc_perspective,中金点睛,中金宏观,team_channel,中金宏观 | 加速债务置换或利好消费,https://www.10100.com/article/148042025,full_mirror,clean,verified_from_configured_author_id,24,8682,,2024-11-09
cicc_perspective-2024-11-09-中金宏观-债务置换-腾出资金稳增长,cicc_perspective,中金点睛,中金宏观,team_channel,中金宏观 | 债务置换：腾出资金稳增长,https://www.10100.com/article/148035392,full_mirror,clean,verified_from_configured_author_id,13,7376,,2024-11-09
huatai_macro-2024-11-08-华泰宏观-一次性影响消退-10月出口大超预期,huatai_macro,华泰宏观,华泰证券宏观研究,configured_public_index,【华泰宏观】一次性影响消退，10月出口大超预期,https://www.10100.com/article/65864654,full_mirror,clean,verified_from_configured_author_id,9,5001,,2024-11-08
huatai_macro-2024-11-08-华泰宏观-FOMC-11月如期降息-明年节奏更不确定,huatai_macro,华泰宏观,华泰证券宏观研究,configured_public_index,【华泰宏观】FOMC：11月如期降息，明年节奏更不确定,https://www.10100.com/article/65958834,full_mirror,clean,verified_from_configured_author_id,3,4972,,2024-11-08
cicc_perspective-2024-11-08-中金-加速债务置换或利好消费,cicc_perspective,中金点睛,中金宏观,team_channel,中金：加速债务置换或利好消费,https://www.10100.com/article/148042010,full_mirror,clean,verified_from_configured_author_id,24,8673,,2024-11-08
cicc_perspective-2024-11-07-中金宏观-短期扰动过后-出口改善符合预期-2024年10月进出口点评,cicc_perspective,中金点睛,中金宏观,team_channel,中金宏观 | 短期扰动过后，出口改善符合预期 ——2024年10月进出口点评,https://www.10100.com/article/148028789,full_mirror,clean,verified_from_configured_author_id,9,3414,,2024-11-07
huatai_macro-2024-11-06-华泰宏观-专题-关税预期如何影响-抢出口,huatai_macro,华泰宏观,华泰证券宏观研究,configured_public_index,【华泰宏观|专题】关税预期如何影响“抢出口”,https://www.10100.com/article/65864655,full_mirror,clean,verified_from_configured_author_id,20,8320,,2024-11-06
huatai_macro-2024-11-05-华泰宏观-深度-美国2025年度展望-两种大选结果下美国经济走势,huatai_macro,华泰宏观,华泰证券宏观研究,configured_public_index,【华泰宏观|深度】美国2025年度展望：两种大选结果下美国经济走势,https://www.10100.com/article/65958810,full_mirror,clean,verified_from_configured_author_id,29,15744,,2024-11-05
huatai_macro-2024-11-03-华泰宏观-生产及消费指标有所改善-10月经济活动数据预览,huatai_macro,华泰宏观,华泰证券宏观研究,configured_public_index,【华泰宏观】生产及消费指标有所改善——10月经济活动数据预览,https://www.10100.com/article/65864769,full_mirror,clean,verified_from_configured_author_id,2,2932,,2024-11-03
cicc_perspective-2024-11-03-中金宏观-经济活动或短期企稳-10月经济数据前瞻,cicc_perspective,中金点睛,中金宏观,team_channel,中金宏观 | 经济活动或短期企稳——10月经济数据前瞻,https://www.10100.com/article/148035405,full_mirror,clean,verified_from_configured_author_id,1,4241,,2024-11-03
huatai_macro-2024-11-02-华泰宏观-一次性因素扰动-10月非农爆冷,huatai_macro,华泰宏观,华泰证券宏观研究,configured_public_index,【华泰宏观】一次性因素扰动，10月非农爆冷,https://www.10100.com/article/65958871,full_mirror,clean,verified_from_configured_author_id,7,3178,,2024-11-02
cicc_perspective-2024-11-02-中金宏观-飓风和罢工致美国非农疲软,cicc_perspective,中金点睛,中金宏观,team_channel,中金宏观 | 飓风和罢工致美国非农疲软,https://www.10100.com/article/148029148,full_mirror,clean,verified_from_configured_author_id,8,4137,,2024-11-02
huatai_macro-2024-11-01-华泰宏观-图解国内月报-稳增长政策初见成效,huatai_macro,华泰宏观,华泰证券宏观研究,configured_public_index,【华泰宏观 | 图解国内月报】稳增长政策初见成效,https://www.10100.com/article/65958873,full_mirror,clean,verified_from_configured_author_id,22,3619,,2024-11-01
cicc_perspective-2024-10-31-中金宏观-政策驱动PMI重回扩张-10月PMI点评,cicc_perspective,中金点睛,中金宏观,team_channel,中金宏观 | 政策驱动PMI重回扩张——10月PMI点评,https://www.10100.com/article/148042003,full_mirror,clean,verified_from_configured_author_id,12,3869,,2024-10-31
huatai_macro-2024-10-30-华泰宏观-特朗普优势进一步扩大-美国大选周度跟踪-10月28日,huatai_macro,华泰宏观,华泰证券宏观研究,configured_public_index,【华泰宏观】特朗普优势进一步扩大（美国大选周度跟踪，10月28日）,https://www.10100.com/article/65958816,full_mirror,clean,verified_from_configured_author_id,2,1640,,2024-10-30
huatai_macro-2024-10-29-华泰宏观-图说美国宏观月报-大选交易升温-降息预期回落,huatai_macro,华泰宏观,华泰证券宏观研究,configured_public_index,【华泰宏观 | 图说美国宏观月报】大选交易升温，降息预期回落,https://www.10100.com/article/65864784,full_mirror,clean,verified_from_configured_author_id,30,3864,,2024-10-29
huatai_macro-2024-10-28-华泰宏观-工业企业利润-9月后或有所改善,huatai_macro,华泰宏观,华泰证券宏观研究,configured_public_index,【华泰宏观】工业企业利润：9月后或有所改善,https://www.10100.com/article/65958880,full_mirror,clean,verified_from_configured_author_id,14,4549,,2024-10-28
cicc_perspective-2024-10-28-中金宏观-工企成本缘何上升-2024年1-9月工业企业利润点评,cicc_perspective,中金点睛,中金宏观,team_channel,中金宏观 | 工企成本缘何上升？--- 2024年1-9月工业企业利润点评,https://www.10100.com/article/148028921,full_mirror,clean,verified_from_configured_author_id,10,3837,,2024-10-28
huatai_macro-2024-10-26-华泰宏观-广义财政支出明显提速支撑四季度增长-9月财政数据点评,huatai_macro,华泰宏观,华泰证券宏观研究,configured_public_index,【华泰宏观】广义财政支出明显提速支撑四季度增长——9月财政数据点评,https://www.10100.com/article/65958883,full_mirror,clean,verified_from_configured_author_id,6,3302,,2024-10-26
huatai_macro-2024-10-22-PPT-华泰-图说周期第四期-关注稳增长政策执行和美国大选相关风险,huatai_macro,华泰宏观,华泰证券宏观研究,configured_public_index,【PPT】华泰 | 图说周期第四期：关注稳增长政策执行和美国大选相关风险,https://www.10100.com/article/65958869,full_mirror,clean,verified_from_configured_author_id,67,5597,,2024-10-22
huatai_macro-2024-10-21-华泰宏观-政府投融资观察双周报-第21期-特殊再融资债重启发行-基建投资继续改善,huatai_macro,华泰宏观,华泰证券宏观研究,configured_public_index,"【华泰宏观】政府投融资观察双周报|第21期:特殊再融资债重启发行,基建投资继续改善",https://www.10100.com/article/65958807,full_mirror,clean,verified_from_configured_author_id,35,8624,,2024-10-21
cicc_perspective-2024-10-21-中金宏观-估算9月出口同比下降的大部分或源于非基本面变化,cicc_perspective,中金点睛,中金宏观,team_channel,中金宏观 | 估算9月出口同比下降的大部分或源于非基本面变化,https://www.10100.com/article/148035357,full_mirror,clean,verified_from_configured_author_id,8,5595,,2024-10-21
macrofans-2024-10-19-内需止跌-原因-表现和持续性-9月和三季度经济数据点评,macrofans,宏观fans哲,宏观fans哲,author_research_stream,内需止跌：原因、表现和持续性——9月和三季度经济数据点评,https://www.163.com/dy/article/JESLG2Q90519QIKK.html,full_mirror,clean,verified_from_publisher_citation,5,3049,,2024-10-19
huatai_macro-2024-10-19-华泰宏观-关注四季度稳增长政策成效,huatai_macro,华泰宏观,华泰证券宏观研究,configured_public_index,【华泰宏观】关注四季度稳增长政策成效,https://www.10100.com/article/65864761,full_mirror,clean,verified_from_configured_author_id,9,5236,,2024-10-19
huatai_macro-2024-10-18-华泰宏观-专题-稳地产组合拳-增量温和-重在执行,huatai_macro,华泰宏观,华泰证券宏观研究,configured_public_index,【华泰宏观|专题】稳地产组合拳：增量温和，重在执行,https://www.10100.com/article/65958808,full_mirror,clean,verified_from_configured_author_id,9,4585,,2024-10-18
cicc_perspective-2024-10-18-中金宏观-稳需求-期待政策继续发力-9月经济数据点评,cicc_perspective,中金点睛,中金宏观,team_channel,中金宏观 | 稳需求，期待政策继续发力——9月经济数据点评,https://www.10100.com/article/148029150,full_mirror,clean,verified_from_configured_author_id,2,3852,,2024-10-18
macrofans-2024-10-17-方正证券芦哲点评10月17日国新办发布会-货币化安置如何实现房地产-止跌回稳,macrofans,宏观fans哲,宏观fans哲,author_research_stream,方正证券芦哲点评10月17日国新办发布会：货币化安置如何实现房地产“止跌回稳”？,https://finance.sina.com.cn/stock/report/2024-10-17/doc-incswatz5998534.shtml,full_mirror,clean,verified_from_publisher_citation,10,2950,,2024-10-17
huatai_macro-2024-10-16-华泰宏观-专题-解析美国通胀超预期回升的风险,huatai_macro,华泰宏观,华泰证券宏观研究,configured_public_index,【华泰宏观|专题】解析美国通胀超预期回升的风险,https://www.10100.com/article/65958872,full_mirror,clean,verified_from_configured_author_id,16,6118,,2024-10-16
huatai_macro-2024-10-16-华泰宏观-专题-复盘与展望-地方政府债务置换,huatai_macro,华泰宏观,华泰证券宏观研究,configured_public_index,【华泰宏观｜专题】复盘与展望：地方政府债务置换,https://www.10100.com/article/65864722,full_mirror,clean,verified_from_configured_author_id,12,7806,,2024-10-16
cicc_perspective-2024-10-15-中金宏观-短期因素再度扰动出口-2024年9月进出口点评,cicc_perspective,中金点睛,中金宏观,team_channel,中金宏观 | 短期因素再度扰动出口——2024年9月进出口点评,https://www.10100.com/article/148041982,full_mirror,clean,verified_from_configured_author_id,11,3681,,2024-10-15
huatai_macro-2024-10-14-华泰宏观-9月CPI及PPI均小幅回落,huatai_macro,华泰宏观,华泰证券宏观研究,configured_public_index,【华泰宏观】9月CPI及PPI均小幅回落,https://www.10100.com/article/65958809,full_mirror,clean,verified_from_configured_author_id,5,4206,,2024-10-14
cicc_perspective-2024-10-14-中金宏观-促进公共数据的开发利用,cicc_perspective,中金点睛,中金宏观,team_channel,中金宏观 | 促进公共数据的开发利用,https://www.10100.com/article/148035384,full_mirror,clean,verified_from_configured_author_id,20,6645,,2024-10-14
cicc_perspective-2024-10-14-中金-物价仍弱-走势看政策力度与节奏,cicc_perspective,中金点睛,中金宏观,team_channel,中金：物价仍弱，走势看政策力度与节奏,https://www.10100.com/article/148029321,full_mirror,clean,verified_from_configured_author_id,15,3868,,2024-10-14
huatai_macro-2024-10-13-华泰宏观-专题-增量财政政策有望缓解地方政府现金流压力,huatai_macro,华泰宏观,华泰证券宏观研究,configured_public_index,【华泰宏观|专题】增量财政政策有望缓解地方政府现金流压力,https://www.10100.com/article/65864768,full_mirror,clean,verified_from_configured_author_id,9,6202,,2024-10-13
cicc_perspective-2024-10-13-中金宏观-信号积极-期待落实,cicc_perspective,中金点睛,中金宏观,team_channel,中金宏观 | 信号积极，期待落实,https://www.10100.com/article/148042017,full_mirror,clean,verified_from_configured_author_id,1,3083,,2024-10-13
cicc_perspective-2024-10-12-中金-财政还可如何发力,cicc_perspective,中金点睛,中金宏观,team_channel,中金：财政还可如何发力？,https://www.10100.com/article/148099385,full_mirror,clean,verified_from_configured_author_id,21,13165,,2024-10-12
huatai_macro-2024-10-11-华泰宏观-美国9月CPI再度超预期,huatai_macro,华泰宏观,华泰证券宏观研究,configured_public_index,【华泰宏观】美国9月CPI再度超预期,https://www.10100.com/article/65864652,full_mirror,clean,verified_from_configured_author_id,5,2792,,2024-10-11
huatai_macro-2024-10-09-华泰宏观-美国大选周度情况跟踪-10月8日,huatai_macro,华泰宏观,华泰证券宏观研究,configured_public_index,【华泰宏观】美国大选周度情况跟踪(10月8日),https://www.10100.com/article/65864695,full_mirror,clean,verified_from_configured_author_id,2,1639,,2024-10-09
huatai_macro-2024-10-07-华泰宏观-9月美国新增非农反弹有一定基本面支撑,huatai_macro,华泰宏观,华泰证券宏观研究,configured_public_index,【华泰宏观】9月美国新增非农反弹有一定基本面支撑,https://www.10100.com/article/65958833,full_mirror,clean,verified_from_configured_author_id,4,2765,,2024-10-07
huatai_macro-2024-10-03-华泰宏观-图解国内月报-政策预期高涨-专项债发行提速,huatai_macro,华泰宏观,华泰证券宏观研究,configured_public_index,【华泰宏观 | 图解国内月报】政策预期高涨，专项债发行提速,https://www.10100.com/article/65958790,full_mirror,clean,verified_from_configured_author_id,33,3972,,2024-10-03
huatai_macro-2024-10-01-华泰宏观-美国大选周度情况跟踪-9月30日,huatai_macro,华泰宏观,华泰证券宏观研究,configured_public_index,【华泰宏观】美国大选周度情况跟踪(9月30日),https://www.10100.com/article/65958856,full_mirror,clean,verified_from_configured_author_id,2,1653,,2024-10-01
huatai_macro-2024-10-01-华泰宏观-政府投融资观察双周报-第20期-9月专项债加速发行-基建投资边际改善,huatai_macro,华泰宏观,华泰证券宏观研究,configured_public_index,【华泰宏观】政府投融资观察双周报|第20期：9月专项债加速发行，基建投资边际改善,https://www.10100.com/article/65958795,full_mirror,clean,verified_from_configured_author_id,35,8330,,2024-10-01
huatai_macro-2024-10-01-华泰宏观-9月制造业PMI边际改善,huatai_macro,华泰宏观,华泰证券宏观研究,configured_public_index,【华泰宏观】9月制造业PMI边际改善,https://www.10100.com/article/65864667,full_mirror,clean,verified_from_configured_author_id,4,3350,,2024-10-01
huatai_macro-2024-10-01-华泰宏观-9-24后政策及会议梳理,huatai_macro,华泰宏观,华泰证券宏观研究,configured_public_index,【华泰宏观】9·24后政策及会议梳理,https://www.10100.com/article/65864712,full_mirror,clean,verified_from_configured_author_id,2,1201,,2024-10-01
cicc_perspective-2024-09-30-中金宏观-生产短期波动-需求仍待改善-9月PMI点评,cicc_perspective,中金点睛,中金宏观,team_channel,中金宏观 | 生产短期波动，需求仍待改善——9月PMI点评,https://www.10100.com/article/148028799,full_mirror,clean,verified_from_configured_author_id,12,3740,,2024-09-30
huatai_macro-2024-09-28-华泰宏观-8月工企盈利回落,huatai_macro,华泰宏观,华泰证券宏观研究,configured_public_index,【华泰宏观】8月工企盈利回落,https://www.10100.com/article/65864690,full_mirror,clean,verified_from_configured_author_id,11,4270,,2024-09-28
huatai_macro-2024-09-27-华泰宏观-9月政治局会议确认稳增长紧迫性,huatai_macro,华泰宏观,华泰证券宏观研究,configured_public_index,【华泰宏观】9月政治局会议确认稳增长紧迫性,https://www.10100.com/article/65958866,full_mirror,clean,verified_from_configured_author_id,2,3461,,2024-09-27
huatai_macro-2024-09-26-华泰宏观-专题-人民币汇率会升过7吗,huatai_macro,华泰宏观,华泰证券宏观研究,configured_public_index,【华泰宏观|专题】人民币汇率会升过7吗?,https://www.10100.com/article/65864757,full_mirror,clean,verified_from_configured_author_id,9,5673,,2024-09-26
huatai_macro-2024-09-25-华泰宏观-专题-评估-9-24-货币政策组合拳,huatai_macro,华泰宏观,华泰证券宏观研究,configured_public_index,【华泰宏观|专题】评估“9·24”货币政策组合拳,https://www.10100.com/article/65958804,full_mirror,clean,verified_from_configured_author_id,8,6755,,2024-09-25
cicc_perspective-2024-09-25-金融发力-更待财政加码-9月24日金融政策调整点评,cicc_perspective,中金点睛,中金宏观,team_channel,金融发力，更待财政加码 | 9月24日金融政策调整点评,https://www.10100.com/article/148035404,full_mirror,clean,verified_from_configured_author_id,7,5363,,2024-09-25
cicc_perspective-2024-09-24-中金-降息交易的钟摆与-终局,cicc_perspective,中金点睛,中金点睛,exact,中金:降息交易的钟摆与“终局”,https://finance.sina.com.cn/stock/stockzmt/2024-05-21/doc-inavxtkv5840968.shtml,full_mirror,clean,verified_from_publisher_label,20,5731,,2024-09-24
huatai_macro-2024-09-21-华泰宏观-9月LPR按兵不动-但降息仍有空间,huatai_macro,华泰宏观,华泰证券宏观研究,configured_public_index,【华泰宏观】9月LPR按兵不动、但降息仍有空间,https://www.10100.com/article/65864785,full_mirror,clean,verified_from_configured_author_id,3,3616,,2024-09-21
huatai_macro-2024-09-19-华泰宏观-9月FOMC-联储以50bp开启降息周期,huatai_macro,华泰宏观,华泰证券宏观研究,configured_public_index,【华泰宏观】9月FOMC：联储以50bp开启降息周期,https://www.10100.com/article/65864786,full_mirror,clean,verified_from_configured_author_id,6,6716,,2024-09-19
huatai_macro-2024-09-18-华泰宏观-图解海外周报-美国大选交易扰动下降-降息-步长-悬念犹存,huatai_macro,华泰宏观,华泰证券宏观研究,configured_public_index,【华泰宏观|图解海外周报】美国大选交易扰动下降，降息“步长”悬念犹存,https://www.10100.com/article/65864741,full_mirror,clean,verified_from_configured_author_id,33,3855,,2024-09-18
huatai_macro-2024-09-17-华泰宏观-研究合集-美国大选宏观追踪,huatai_macro,华泰宏观,华泰证券宏观研究,configured_public_index,【华泰宏观】研究合集：美国大选宏观追踪,https://www.10100.com/article/65958838,full_mirror,clean,verified_from_configured_author_id,3,2177,,2024-09-17
xuetao_macro-2024-09-14-美国距离二次通胀只差一次降息,xuetao_macro,雪涛宏观笔记,雪涛宏观笔记,exact,美国距离二次通胀只差一次降息,https://m.yicai.com/news/102274860.html,full_mirror,clean,verified_from_source,12,2652,,2024-09-14
huatai_macro-2024-09-14-华泰宏观-8月社融-政府债和票据仍为主要支撑,huatai_macro,华泰宏观,华泰证券宏观研究,configured_public_index,【华泰宏观】8月社融：政府债和票据仍为主要支撑,https://finance.sina.com.cn/stock/stockzmt/2024-09-14/doc-incpataw5276667.shtml,full_mirror,clean,verified_from_configured_author_id,5,2521,,2024-09-14
guolei_macro-2024-09-11-广发宏观-如何看美国8月非农数据和沃勒讲话,guolei_macro,郭磊宏观茶座,广发证券,institutional_archive,【广发宏观】如何看美国8月非农数据和沃勒讲话,https://www.10100.com/article/76475988,full_mirror,clean,verified_from_configured_author_id_and_title_signature,7,8779,,2024-09-11
guolei_macro-2024-09-11-广发宏观-8月以来的宏观交易主线-大类资产配置月度展望,guolei_macro,郭磊宏观茶座,广发证券,institutional_archive,【广发宏观】8月以来的宏观交易主线：大类资产配置月度展望,https://www.10100.com/article/76701343,full_mirror,clean,verified_from_configured_author_id_and_title_signature,62,29961,,2024-09-11
huatai_macro-2024-09-10-华泰宏观-美国大选周度情况跟踪-更新至9月9日,huatai_macro,华泰宏观,华泰证券宏观研究,configured_public_index,【华泰宏观】美国大选周度情况跟踪（更新至9月9日）,https://www.10100.com/article/65958815,full_mirror,clean,verified_from_configured_author_id,2,1383,,2024-09-10
huatai_macro-2024-09-10-华泰宏观-PPI有所回落,huatai_macro,华泰宏观,华泰证券宏观研究,configured_public_index,【华泰宏观】PPI有所回落,https://www.10100.com/article/65864736,full_mirror,clean,verified_from_configured_author_id,5,4240,,2024-09-10
cicc_perspective-2024-09-10-中金宏观-短期扰动后出口回归稳健增长-2024年8月进出口点评,cicc_perspective,中金点睛,中金宏观,team_channel,中金宏观 | 短期扰动后出口回归稳健增长——2024年8月进出口点评,https://www.10100.com/article/148029322,full_mirror,clean,verified_from_configured_author_id,9,3606,,2024-09-10
huatai_macro-2024-09-09-华泰宏观-图说全球PMI第十四期-8月全球制造业PMI进一步回落,huatai_macro,华泰宏观,华泰证券宏观研究,configured_public_index,【华泰宏观】图说全球PMI第十四期 | 8月全球制造业PMI进一步回落,https://www.10100.com/article/65864783,full_mirror,clean,verified_from_configured_author_id,29,3629,,2024-09-09
cicc_perspective-2024-09-09-需求不足仍是主要矛盾-2024年8月物价点评,cicc_perspective,中金点睛,中金宏观,team_channel,需求不足仍是主要矛盾——2024年8月物价点评,https://www.10100.com/article/148042019,full_mirror,clean,verified_from_configured_author_id,13,3585,,2024-09-09
cicc_perspective-2024-09-08-中金宏观-政府发债加快-支撑社融和基建-8月经济数据前瞻,cicc_perspective,中金点睛,中金宏观,team_channel,中金宏观 | 政府发债加快，支撑社融和基建——8月经济数据前瞻,https://www.10100.com/article/148028939,full_mirror,clean,verified_from_configured_author_id,1,3697,,2024-09-08
huatai_macro-2024-09-06-华泰宏观-深度-美国-信用卡违约率攀升意味着什么,huatai_macro,华泰宏观,华泰证券宏观研究,configured_public_index,【华泰宏观|深度】美国:信用卡违约率攀升意味着什么？,https://www.10100.com/article/65864738,full_mirror,clean,verified_from_configured_author_id,31,10740,,2024-09-06
huatai_macro-2024-09-04-华泰宏观-美国大选周度情况跟踪-更新至9月3日,huatai_macro,华泰宏观,华泰证券宏观研究,configured_public_index,【华泰宏观】美国大选周度情况跟踪（更新至9月3日）,https://www.10100.com/article/65864765,full_mirror,clean,verified_from_configured_author_id,2,1383,,2024-09-04
huatai_macro-2024-09-02-华泰宏观-图说海外月报-Fed-Put-归来为周期托底,huatai_macro,华泰宏观,华泰证券宏观研究,configured_public_index,【华泰宏观 | 图说海外月报】“Fed Put”归来为周期托底,https://www.10100.com/article/65864766,full_mirror,clean,verified_from_configured_author_id,26,3787,,2024-09-02
huatai_macro-2024-09-02-华泰宏观-专题-稳增长-稳预期-窗口期-或将开启,huatai_macro,华泰宏观,华泰证券宏观研究,configured_public_index,【华泰宏观|专题】稳增长、稳预期“窗口期”或将开启,https://www.10100.com/article/65958839,full_mirror,clean,verified_from_configured_author_id,11,5280,,2024-09-02
guolei_macro-2024-09-02-广发宏观王丹-8月中观层面的四个分化,guolei_macro,郭磊宏观茶座,广发证券,institutional_archive,广发宏观王丹 | 8月中观层面的四个分化,https://www.10100.com/article/76476112,full_mirror,clean,verified_from_configured_author_id_and_title_signature,4,8184,,2024-09-02
cicc_perspective-2024-09-01-中金宏观-整体偏弱-结构分化持续-8月PMI点评,cicc_perspective,中金点睛,中金宏观,team_channel,中金宏观 | 整体偏弱，结构分化持续——8月PMI点评,https://www.10100.com/article/148035393,full_mirror,clean,verified_from_configured_author_id,12,5662,,2024-09-01
huatai_macro-2024-08-31-华泰宏观-专题-从近期人民币走强说开去,huatai_macro,华泰宏观,华泰证券宏观研究,configured_public_index,【华泰宏观｜专题】从近期人民币走强说开去,https://www.10100.com/article/65958899,full_mirror,clean,verified_from_configured_author_id,9,5217,,2024-08-31
huatai_macro-2024-08-30-华泰宏观-深度-美国大选宏观追踪之六-财政政策分水岭,huatai_macro,华泰宏观,华泰证券宏观研究,configured_public_index,【华泰宏观|深度】美国大选宏观追踪之六：财政政策分水岭,https://www.10100.com/article/65958817,full_mirror,clean,verified_from_configured_author_id,17,14145,,2024-08-30
guolei_macro-2024-08-29-广发宏观-如何评价7月的工业企业利润增速,guolei_macro,郭磊宏观茶座,广发证券,institutional_archive,广发宏观 | 如何评价7月的工业企业利润增速,https://www.10100.com/article/77168594,full_mirror,clean,verified_from_configured_author_id_and_title_signature,5,7486,,2024-08-29
guolei_macro-2024-08-29-广发宏观-如何理解-房屋养老金-试点,guolei_macro,郭磊宏观茶座,广发证券,institutional_archive,广发宏观 | 如何理解“房屋养老金”试点,https://www.10100.com/article/76701512,full_mirror,clean,verified_from_configured_author_id_and_title_signature,2,7052,,2024-08-29
huatai_macro-2024-08-27-华泰宏观-地产景气度面面观-更新至8月27日,huatai_macro,华泰宏观,华泰证券宏观研究,configured_public_index,【华泰宏观】地产景气度面面观（更新至8月27日）,https://www.10100.com/article/65864742,full_mirror,clean,verified_from_configured_author_id,2,1293,,2024-08-27
huatai_macro-2024-08-27-华泰宏观-出口多维度指标一览-更新至8月26日,huatai_macro,华泰宏观,华泰证券宏观研究,configured_public_index,【华泰宏观】出口多维度指标一览（更新至8月26日）,https://www.10100.com/article/65958830,full_mirror,clean,verified_from_configured_author_id,2,1413,,2024-08-27
huatai_macro-2024-08-26-华泰宏观-图说美国宏观月报-联储鸽派预告降息进一步缓解-衰退焦虑,huatai_macro,华泰宏观,华泰证券宏观研究,configured_public_index,【华泰宏观 | 图说美国宏观月报】联储鸽派预告降息进一步缓解“衰退焦虑”,https://www.10100.com/article/65864789,full_mirror,clean,verified_from_configured_author_id,30,3921,,2024-08-26
cicc_perspective-2024-08-25-中金宏观-鲍威尔提前宣告9月降息,cicc_perspective,中金点睛,中金宏观,team_channel,中金宏观 | 鲍威尔提前宣告9月降息,https://www.10100.com/article/148029166,full_mirror,clean,verified_from_configured_author_id,3,3958,,2024-08-25
huatai_macro-2024-08-20-华泰宏观-专题-深度分析美就业市场现状与前景,huatai_macro,华泰宏观,华泰证券宏观研究,configured_public_index,【华泰宏观|专题】深度分析美就业市场现状与前景,https://www.10100.com/article/65958900,full_mirror,clean,verified_from_configured_author_id,30,10270,,2024-08-20
huatai_macro-2024-08-19-华泰宏观-深度-再论美国不衰退的逻辑,huatai_macro,华泰宏观,华泰证券宏观研究,configured_public_index,【华泰宏观|深度】再论美国不衰退的逻辑,https://www.10100.com/article/65864830,full_mirror,clean,verified_from_configured_author_id,28,13907,,2024-08-19
huatai_macro-2024-08-15-华泰宏观-美国7月CPI喜忧参半,huatai_macro,华泰宏观,华泰证券宏观研究,configured_public_index,【华泰宏观】美国7月CPI喜忧参半,https://www.10100.com/article/65864726,full_mirror,clean,verified_from_configured_author_id,5,2997,,2024-08-15
cicc_perspective-2024-08-15-中金宏观-短期动能仍待改善-7月经济数据点评,cicc_perspective,中金点睛,中金宏观,team_channel,中金宏观 | 短期动能仍待改善——7月经济数据点评,https://www.10100.com/article/148028976,full_mirror,clean,verified_from_configured_author_id,2,3691,,2024-08-15
huatai_macro-2024-08-14-华泰宏观-7月社融-政府债和票据为主要支撑,huatai_macro,华泰宏观,华泰证券宏观研究,configured_public_index,【华泰宏观】7月社融：政府债和票据为主要支撑,https://www.10100.com/article/65958811,full_mirror,clean,verified_from_configured_author_id,6,3758,,2024-08-14
guolei_macro-2024-08-14-广发宏观-二季度货币政策执行报告有哪些信息,guolei_macro,郭磊宏观茶座,广发证券,institutional_archive,【广发宏观】二季度货币政策执行报告有哪些信息,https://www.10100.com/article/77168598,full_mirror,clean,verified_from_configured_author_id_and_title_signature,1,6708,,2024-08-14
cicc_perspective-2024-08-14-中金-融资需求弱-关注财政变化-7月金融数据点评,cicc_perspective,中金点睛,中金宏观,team_channel,中金：融资需求弱，关注财政变化——7月金融数据点评,https://www.10100.com/article/148029186,full_mirror,clean,verified_from_configured_author_id,8,4311,,2024-08-14
cicc_perspective-2024-08-14-中金-从-进得来-到-过得好-新型城镇化五年行动计划解读,cicc_perspective,中金点睛,中金宏观,team_channel,中金：从“进得来”到“过得好”——新型城镇化五年行动计划解读,https://www.10100.com/article/148042038,full_mirror,clean,verified_from_configured_author_id,8,15209,,2024-08-14
huatai_macro-2024-08-12-华泰宏观-图解国内周报-利率债发行明显提速-收益率微升,huatai_macro,华泰宏观,华泰证券宏观研究,configured_public_index,【华泰宏观｜图解国内周报】利率债发行明显提速，收益率微升,https://www.10100.com/article/65958812,full_mirror,clean,verified_from_configured_author_id,33,11063,,2024-08-12
cicc_perspective-2024-08-10-除去菜肉-依然偏弱-2024年7月物价数据点评,cicc_perspective,中金点睛,中金宏观,team_channel,除去菜肉，依然偏弱——2024年7月物价数据点评,https://www.gelonghui.com/p/916922,full_mirror,clean,verified_from_configured_author_id,17,2768,,2024-08-10
huatai_macro-2024-08-09-华泰宏观-深度-出口-还是出海,huatai_macro,华泰宏观,华泰证券宏观研究,configured_public_index,【华泰宏观 | 深度】出口，还是出海？,https://www.10100.com/article/65864744,full_mirror,clean,verified_from_configured_author_id,25,8776,,2024-08-09
huatai_macro-2024-08-09-华泰宏观-图说全球PMI第十三期-全球制造业PMI滑落回荣枯线以下,huatai_macro,华泰宏观,华泰证券宏观研究,configured_public_index,【华泰宏观】图说全球PMI第十三期 | 全球制造业PMI滑落回荣枯线以下,https://www.10100.com/article/65958882,full_mirror,clean,verified_from_configured_author_id,29,3615,,2024-08-09
cicc_perspective-2024-08-08-中金宏观-台风对出口的影响较大-2024年7月进出口点评,cicc_perspective,中金点睛,中金宏观,team_channel,中金宏观 | 台风对出口的影响较大——2024年7月进出口点评,https://www.10100.com/article/148035423,full_mirror,clean,verified_from_configured_author_id,11,3833,,2024-08-08
huatai_macro-2024-08-06-华泰宏观-专题-日元急升下的日股-完美风暴,huatai_macro,华泰宏观,华泰证券宏观研究,configured_public_index,"【华泰宏观｜专题】日元急升下的日股""完美风暴""",https://www.10100.com/article/65864746,full_mirror,clean,verified_from_configured_author_id,16,10008,,2024-08-06
guolei_macro-2024-08-06-广发宏观-如何看本轮海外-套息交易-及其影响,guolei_macro,郭磊宏观茶座,广发证券,institutional_archive,【广发宏观】如何看本轮海外“套息交易”及其影响,https://www.10100.com/article/76476301,full_mirror,clean,verified_from_configured_author_id_and_title_signature,4,5526,,2024-08-06
huatai_macro-2024-08-05-华泰宏观-图解海外周报-美国-从-憧憬降息-切入-担心衰退-模式,huatai_macro,华泰宏观,华泰证券宏观研究,configured_public_index,【华泰宏观 | 图解海外周报】美国：从“憧憬降息”切入“担心衰退”模式,https://www.10100.com/article/65864815,full_mirror,clean,verified_from_configured_author_id,30,3873,,2024-08-05
huatai_macro-2024-08-05-华泰宏观-专题-美国-衰退交易为哪般,huatai_macro,华泰宏观,华泰证券宏观研究,configured_public_index,【华泰宏观｜专题】美国：衰退交易为哪般?,https://www.10100.com/article/65958884,full_mirror,clean,verified_from_configured_author_id,15,8448,,2024-08-05
cicc_perspective-2024-08-05-中金宏观-低基数提振增速-财政支撑社融-7月经济数据前瞻,cicc_perspective,中金点睛,中金宏观,team_channel,中金宏观 | 低基数提振增速，财政支撑社融——7月经济数据前瞻,https://www.10100.com/article/148029187,full_mirror,clean,verified_from_configured_author_id,1,3853,,2024-08-05
cicc_perspective-2024-08-03-中金宏观-就业放缓将使美联储9月降息,cicc_perspective,中金点睛,中金宏观,team_channel,中金宏观 | 就业放缓将使美联储9月降息,https://www.10100.com/article/148099388,full_mirror,clean,verified_from_configured_author_id,7,4568,,2024-08-03
huatai_macro-2024-08-02-华泰宏观-图解国内月报-短期逆周期调节有望加码,huatai_macro,华泰宏观,华泰证券宏观研究,configured_public_index,【华泰宏观 | 图解国内月报】短期逆周期调节有望加码,https://www.10100.com/article/65958903,full_mirror,clean,verified_from_configured_author_id,31,3948,,2024-08-02
huatai_macro-2024-08-02-华泰宏观-内外需分化延续-政府债发行加速-7月经济活动数据预览,huatai_macro,华泰宏观,华泰证券宏观研究,configured_public_index,【华泰宏观】内外需分化延续，政府债发行加速——7月经济活动数据预览,https://www.10100.com/article/65864838,full_mirror,clean,verified_from_configured_author_id,2,3431,,2024-08-02
huatai_macro-2024-08-01-华泰宏观-7月FOMC-联储表示数据已支持-9月-降息,huatai_macro,华泰宏观,华泰证券宏观研究,configured_public_index,【华泰宏观】7月FOMC：联储表示数据已支持（9月）降息,https://www.10100.com/article/65864799,full_mirror,clean,verified_from_configured_author_id,3,5033,,2024-08-01
guolei_macro-2024-07-31-广发宏观-保持战略定力-与-适时推出一批增量政策举措,guolei_macro,郭磊宏观茶座,广发证券,institutional_archive,【广发宏观】“保持战略定力”与“适时推出一批增量政策举措”,https://www.10100.com/article/76476309,full_mirror,clean,verified_from_configured_author_id_and_title_signature,2,6071,,2024-07-31
guolei_macro-2024-07-31-广发宏观-2024年下半年宏观展望及三中全会解读系列,guolei_macro,郭磊宏观茶座,广发证券,institutional_archive,【广发宏观】2024年下半年宏观展望及三中全会解读系列,https://www.10100.com/article/76491801,full_mirror,clean,verified_from_configured_author_id_and_title_signature,15,2918,,2024-07-31
cicc_perspective-2024-07-31-中金宏观-内外需分化加大-建筑业偏弱-7月PMI点评,cicc_perspective,中金点睛,中金宏观,team_channel,中金宏观 | 内外需分化加大，建筑业偏弱——7月PMI点评,https://www.10100.com/article/148042033,full_mirror,clean,verified_from_configured_author_id,12,3836,,2024-07-31
huatai_macro-2024-07-30-华泰宏观-地产景气度面面观-更新至7月29日,huatai_macro,华泰宏观,华泰证券宏观研究,configured_public_index,【华泰宏观】地产景气度面面观（更新至7月29日）,https://www.10100.com/article/65864839,full_mirror,clean,verified_from_configured_author_id,2,1293,,2024-07-30
huatai_macro-2024-07-30-华泰宏观-出口多维度指标一览-更新至7月28日,huatai_macro,华泰宏观,华泰证券宏观研究,configured_public_index,【华泰宏观】出口多维度指标一览（更新至7月28日）,https://www.10100.com/article/65958904,full_mirror,clean,verified_from_configured_author_id,2,1413,,2024-07-30
huatai_macro-2024-07-29-华泰宏观-7月FOMC预览-降息预热,huatai_macro,华泰宏观,华泰证券宏观研究,configured_public_index,【华泰宏观】7月FOMC预览：降息预热,https://www.10100.com/article/65958837,full_mirror,clean,verified_from_configured_author_id,4,2849,,2024-07-29
huatai_macro-2024-07-28-华泰宏观-6月工业企业盈利点评-上下游分化加剧,huatai_macro,华泰宏观,华泰证券宏观研究,configured_public_index,【华泰宏观】6月工业企业盈利点评：上下游分化加剧,https://www.10100.com/article/65864755,full_mirror,clean,verified_from_configured_author_id,17,4416,,2024-07-28
cicc_perspective-2024-07-28-中金宏观-损益拖累减少-上游利润改善-2024年1-6月工业企业利润点评,cicc_perspective,中金点睛,中金宏观,team_channel,中金宏观 | 损益拖累减少，上游利润改善 --- 2024年1-6月工业企业利润点评,https://www.10100.com/article/148028975,full_mirror,clean,verified_from_configured_author_id,40,7963,,2024-07-28
huatai_macro-2024-07-26-华泰宏观-专题-新一轮-以旧换新-的潜在宏观影响,huatai_macro,华泰宏观,华泰证券宏观研究,configured_public_index,【华泰宏观｜专题】新一轮“以旧换新”的潜在宏观影响,https://www.10100.com/article/65958885,full_mirror,clean,verified_from_configured_author_id,5,3882,,2024-07-26
huatai_macro-2024-07-23-华泰宏观-6月财政数据点评-蓄势待发,huatai_macro,华泰宏观,华泰证券宏观研究,configured_public_index,【华泰宏观】6月财政数据点评——“蓄势待发”,https://www.10100.com/article/65864821,full_mirror,clean,verified_from_configured_author_id,6,3626,,2024-07-23
cicc_perspective-2024-07-23-促增长-降风险-货币政策速评,cicc_perspective,中金点睛,中金宏观,team_channel,促增长 降风险——货币政策速评,https://www.10100.com/article/148029183,full_mirror,clean,verified_from_configured_author_id,9,4086,,2024-07-23
huatai_macro-2024-07-22-华泰宏观-政府投融资观察双周报-第15期-过去两周-广义政府投融资均边际改善,huatai_macro,华泰宏观,华泰证券宏观研究,configured_public_index,【华泰宏观】政府投融资观察双周报|第15期：过去两周，广义政府投融资均边际改善,https://www.10100.com/article/65958898,full_mirror,clean,verified_from_configured_author_id,35,8853,,2024-07-22
guolei_macro-2024-07-22-广发宏观-三中全会-决定-的十五项关键细节,guolei_macro,郭磊宏观茶座,广发证券,institutional_archive,【广发宏观】三中全会《决定》的十五项关键细节,https://www.10100.com/article/76476165,full_mirror,clean,verified_from_configured_author_id_and_title_signature,2,8607,,2024-07-22
guolei_macro-2024-07-22-广发宏观-7月经济初窥,guolei_macro,郭磊宏观茶座,广发证券,institutional_archive,【广发宏观】7月经济初窥,https://www.10100.com/article/76701406,full_mirror,clean,verified_from_configured_author_id_and_title_signature,7,7928,,2024-07-22
huatai_macro-2024-07-17-华泰宏观-地产景气度面面观-数据截至7月15日,huatai_macro,华泰宏观,华泰证券宏观研究,configured_public_index,【华泰宏观】地产景气度面面观（数据截至7月15日）,https://www.10100.com/article/65864781,full_mirror,clean,verified_from_configured_author_id,2,1363,,2024-07-17
huatai_macro-2024-07-16-华泰宏观-上半年GDP增长5-外需贡献更为突出,huatai_macro,华泰宏观,华泰证券宏观研究,configured_public_index,【华泰宏观】上半年GDP增长5%，外需贡献更为突出,https://www.10100.com/article/65958878,full_mirror,clean,verified_from_configured_author_id,8,5134,,2024-07-16
huatai_macro-2024-07-15-华泰宏观-图解海外周报-降息预期和-特朗普交易-一起升温,huatai_macro,华泰宏观,华泰证券宏观研究,configured_public_index,【华泰宏观 | 图解海外周报】降息预期和“特朗普交易”一起升温,https://www.10100.com/article/65864734,full_mirror,clean,verified_from_configured_author_id,33,3928,,2024-07-15
cicc_perspective-2024-07-15-中金宏观-短期扰动之外-内需走弱-2024年6月经济数据点评,cicc_perspective,中金点睛,中金宏观,team_channel,中金宏观 | 短期扰动之外，内需走弱——2024年6月经济数据点评,https://www.10100.com/article/148029174,full_mirror,clean,verified_from_configured_author_id,2,4351,,2024-07-15
cicc_perspective-2024-07-15-中金宏观-房价对Q2名义GDP影响或加大,cicc_perspective,中金点睛,中金宏观,team_channel,中金宏观 | 房价对Q2名义GDP影响或加大,https://www.10100.com/article/148042076,full_mirror,clean,verified_from_configured_author_id,7,4906,,2024-07-15
huatai_macro-2024-07-13-华泰宏观-出口增长再超预期-外需对2季度增长形成支撑-6月贸易数据点评,huatai_macro,华泰宏观,华泰证券宏观研究,configured_public_index,【华泰宏观】出口增长再超预期，外需对2季度增长形成支撑——6月贸易数据点评,https://www.10100.com/article/65958879,full_mirror,clean,verified_from_configured_author_id,7,3794,,2024-07-13
cicc_perspective-2024-07-12-中金宏观-内外需差异扩大-2024年6月进出口数据点评,cicc_perspective,中金点睛,中金宏观,team_channel,中金宏观 | 内外需差异扩大——2024年6月进出口数据点评,https://www.10100.com/article/148028958,full_mirror,clean,verified_from_configured_author_id,10,3618,,2024-07-12
macrofans-2024-07-11-消费税调整对行业的影响-重点分析石化-汽车-酒类-免税-航空和基础化工行业,macrofans,宏观fans哲,宏观fans哲,author_research_stream,消费税调整对行业的影响，重点分析石化、汽车、酒类、免税/航空和基础化工行业,https://www.163.com/dy/article/J6QJTK2N0519QIKK.html,full_mirror,clean,verified_from_publisher_citation,12,5446,,2024-07-11
cicc_perspective-2024-07-11-供应端提振-需求端拖累-2024年6月物价数据点评,cicc_perspective,中金点睛,中金宏观,team_channel,供应端提振，需求端拖累——2024年6月物价数据点评,https://www.10100.com/article/148035400,full_mirror,clean,verified_from_configured_author_id,15,4436,,2024-07-11
huatai_macro-2024-07-10-华泰宏观-全球PMI-发达国家制造业扩张边际减速-服务业动能回落,huatai_macro,华泰宏观,华泰证券宏观研究,configured_public_index,【华泰宏观 】全球PMI：发达国家制造业扩张边际减速，服务业动能回落,https://www.10100.com/article/65864763,full_mirror,clean,verified_from_configured_author_id,29,3728,,2024-07-10
huatai_macro-2024-07-09-华泰宏观-专题-简析消费税改革的潜在方向,huatai_macro,华泰宏观,华泰证券宏观研究,configured_public_index,【华泰宏观|专题】简析消费税改革的潜在方向,https://www.10100.com/article/65958870,full_mirror,clean,verified_from_configured_author_id,9,5374,,2024-07-09
huatai_macro-2024-07-08-华泰宏观-政府投融资观察双周报-第14期-广义政府融资持续放缓制约基建需求,huatai_macro,华泰宏观,华泰证券宏观研究,configured_public_index,【华泰宏观】政府投融资观察双周报|第14期：广义政府融资持续放缓制约基建需求,https://www.10100.com/article/65864721,full_mirror,clean,verified_from_configured_author_id,38,8086,,2024-07-08
huatai_macro-2024-07-06-华泰宏观-专题-英国大选尘埃落定-宏观影响如何评估,huatai_macro,华泰宏观,华泰证券宏观研究,configured_public_index,【华泰宏观｜专题】英国大选尘埃落定，宏观影响如何评估？,https://www.10100.com/article/65958875,full_mirror,clean,verified_from_configured_author_id,10,8375,,2024-07-06
huatai_macro-2024-07-03-华泰宏观-地产景气度面面观-更新至7月2日,huatai_macro,华泰宏观,华泰证券宏观研究,configured_public_index,【华泰宏观】地产景气度面面观（更新至7月2日）,https://www.10100.com/article/65864732,full_mirror,clean,verified_from_configured_author_id,2,1361,,2024-07-03
huatai_macro-2024-07-03-华泰宏观-出口多维度指标一览-更新至6月28日,huatai_macro,华泰宏观,华泰证券宏观研究,configured_public_index,【华泰宏观】出口多维度指标一览（更新至6月28日）,https://www.10100.com/article/65958813,full_mirror,clean,verified_from_configured_author_id,2,1412,,2024-07-03
huatai_macro-2024-07-01-华泰宏观-图解海外周报-大选首辩推升特朗普胜率-美国增长通胀趋势总体回落,huatai_macro,华泰宏观,华泰证券宏观研究,configured_public_index,【华泰宏观 | 图解海外周报】大选首辩推升特朗普胜率，美国增长通胀趋势总体回落,https://www.10100.com/article/65864733,full_mirror,clean,verified_from_configured_author_id,33,3980,,2024-07-01
huatai_macro-2024-07-01-华泰宏观-PMI显示需求边际走弱,huatai_macro,华泰宏观,华泰证券宏观研究,configured_public_index,【华泰宏观】PMI显示需求边际走弱,https://www.10100.com/article/65864778,full_mirror,clean,verified_from_configured_author_id,4,3504,,2024-07-01
cicc_perspective-2024-06-30-中金宏观-外需支撑-基建偏弱-6月PMI点评,cicc_perspective,中金点睛,中金宏观,team_channel,中金宏观 | 外需支撑，基建偏弱——6月PMI点评,https://www.10100.com/article/148029329,full_mirror,clean,verified_from_configured_author_id,12,4127,,2024-06-30
huatai_macro-2024-06-29-华泰宏观-美国大选首次辩论-特朗普优势扩大,huatai_macro,华泰宏观,华泰证券宏观研究,configured_public_index,【华泰宏观】美国大选首次辩论：特朗普优势扩大,https://www.10100.com/article/65958814,full_mirror,clean,verified_from_configured_author_id,4,3107,,2024-06-29
huatai_macro-2024-06-28-华泰宏观-专题-警惕近期美元上涨背后的信号,huatai_macro,华泰宏观,华泰证券宏观研究,configured_public_index,【华泰宏观｜专题】警惕近期美元上涨背后的信号,https://www.10100.com/article/65958912,full_mirror,clean,verified_from_configured_author_id,7,4209,,2024-06-28
cicc_perspective-2024-06-28-中金宏观-损益变化拖累利润增速-2024年1-5月工业企业利润点评,cicc_perspective,中金点睛,中金宏观,team_channel,中金宏观 | 损益变化拖累利润增速 --- 2024年1-5月工业企业利润点评,https://www.10100.com/article/148035444,full_mirror,clean,verified_from_configured_author_id,8,3868,,2024-06-28
huatai_macro-2024-06-27-华泰宏观-地产景气度面面观-更新至6月25日,huatai_macro,华泰宏观,华泰证券宏观研究,configured_public_index,【华泰宏观】地产景气度面面观（更新至6月25日）,https://www.10100.com/article/65864857,full_mirror,clean,verified_from_configured_author_id,2,1363,,2024-06-27
huatai_macro-2024-06-27-华泰宏观-出口多维度指标一览-更新至6月24日,huatai_macro,华泰宏观,华泰证券宏观研究,configured_public_index,【华泰宏观】出口多维度指标一览（更新至6月24日）,https://www.10100.com/article/65958913,full_mirror,clean,verified_from_configured_author_id,2,1413,,2024-06-27
guolei_macro-2024-06-26-广发宏观-6月经济初窥,guolei_macro,郭磊宏观茶座,广发证券,institutional_archive,广发宏观 | 6月经济初窥,https://www.10100.com/article/76490646,full_mirror,clean,verified_from_configured_author_id_and_title_signature,7,8223,,2024-06-26
huatai_macro-2024-06-24-华泰宏观-联储降息阻力下行-必要性有所上升,huatai_macro,华泰宏观,华泰证券宏观研究,configured_public_index,【华泰宏观】联储降息阻力下行，必要性有所上升,https://www.10100.com/article/65864858,full_mirror,clean,verified_from_configured_author_id,21,9436,,2024-06-24
huatai_macro-2024-06-24-华泰宏观-政府投融资观察双周报-第13期-6月来广义政府融资放缓-基建投资减速,huatai_macro,华泰宏观,华泰证券宏观研究,configured_public_index,【华泰宏观】政府投融资观察双周报 | 第13期：6月来广义政府融资放缓，基建投资减速,https://www.10100.com/article/65958855,full_mirror,clean,verified_from_configured_author_id,35,8232,,2024-06-24
huatai_macro-2024-06-24-华泰宏观-图解海外周报-法德利差扩大-欧洲资产风险溢价上行,huatai_macro,华泰宏观,华泰证券宏观研究,configured_public_index,【华泰宏观 | 图解海外周报】法德利差扩大，欧洲资产风险溢价上行,https://www.10100.com/article/65864859,full_mirror,clean,verified_from_configured_author_id,30,3906,,2024-06-24
huatai_macro-2024-06-21-华泰宏观-专题-移民放缓或导致美国非农就业回落,huatai_macro,华泰宏观,华泰证券宏观研究,configured_public_index,【华泰宏观|专题】移民放缓或导致美国非农就业回落,https://www.10100.com/article/65958857,full_mirror,clean,verified_from_configured_author_id,6,7994,,2024-06-21
huatai_macro-2024-06-18-华泰宏观-假日错位下消费和工业增速-此消彼长,huatai_macro,华泰宏观,华泰证券宏观研究,configured_public_index,【华泰宏观】假日错位下消费和工业增速“此消彼长”,https://www.10100.com/article/65958841,full_mirror,clean,verified_from_configured_author_id,7,4688,,2024-06-18
guolei_macro-2024-06-18-广发宏观-如何看5月的社融数据,guolei_macro,郭磊宏观茶座,广发证券,institutional_archive,【广发宏观】如何看5月的社融数据,https://www.10100.com/article/77168447,full_mirror,clean,verified_from_configured_author_id_and_title_signature,2,4687,,2024-06-18
cicc_perspective-2024-06-17-中金宏观-继续分化-总体偏弱-2024年5月经济数据点评,cicc_perspective,中金点睛,中金宏观,team_channel,中金宏观 | 继续分化，总体偏弱——2024年5月经济数据点评,https://www.10100.com/article/148029374,full_mirror,clean,verified_from_configured_author_id,2,4266,,2024-06-17
cicc_perspective-2024-06-17-中金宏观-供给端的几个边际变化,cicc_perspective,中金点睛,中金宏观,team_channel,中金宏观 | 供给端的几个边际变化,https://www.10100.com/article/148042094,full_mirror,clean,verified_from_configured_author_id,37,7544,,2024-06-17
huatai_macro-2024-06-15-华泰宏观-5月财政边际宽松-但-挤水分-仍扰动金融数据,huatai_macro,华泰宏观,华泰证券宏观研究,configured_public_index,【华泰宏观】5月财政边际宽松，但“挤水分”仍扰动金融数据,https://www.10100.com/article/65864792,full_mirror,clean,verified_from_configured_author_id,6,3743,,2024-06-15
huatai_macro-2024-06-13-华泰宏观-5月PPI环比回正-同比降幅明显收窄,huatai_macro,华泰宏观,华泰证券宏观研究,configured_public_index,"【华泰宏观】5月PPI环比回正,同比降幅明显收窄",https://www.10100.com/article/65864833,full_mirror,clean,verified_from_configured_author_id,5,4473,,2024-06-13
cicc_perspective-2024-06-13-中金宏观-投资改善-消费仍弱-2024年5月物价数据点评,cicc_perspective,中金点睛,中金宏观,team_channel,中金宏观 | 投资改善，消费仍弱——2024年5月物价数据点评,https://www.10100.com/article/148035437,full_mirror,clean,verified_from_configured_author_id,13,4246,,2024-06-13
cicc_perspective-2024-06-13-中金-美联储下调降息预测-中性利率或上升,cicc_perspective,中金点睛,中金宏观,team_channel,中金：美联储下调降息预测，中性利率或上升,https://www.10100.com/article/148029376,full_mirror,clean,verified_from_configured_author_id,7,4053,,2024-06-13
huatai_macro-2024-06-12-华泰宏观-联储短期保持耐心-关注点阵图和降息终点指引,huatai_macro,华泰宏观,华泰证券宏观研究,configured_public_index,【华泰宏观】联储短期保持耐心，关注点阵图和降息终点指引,https://www.10100.com/article/65864807,full_mirror,clean,verified_from_configured_author_id,5,3522,,2024-06-12
huatai_macro-2024-06-11-华泰宏观-政府投融资观察双周报-第12期-5月来广义财政发力-基建持续提速,huatai_macro,华泰宏观,华泰证券宏观研究,configured_public_index,【华泰宏观】政府投融资观察双周报 | 第12期：5月来广义财政发力，基建持续提速,https://www.10100.com/article/65958849,full_mirror,clean,verified_from_configured_author_id,35,8008,,2024-06-11
cicc_perspective-2024-06-11-中金宏观-换个口径看M1,cicc_perspective,中金点睛,中金宏观,team_channel,中金宏观 | 换个口径看M1,https://www.10100.com/article/148042095,full_mirror,clean,verified_from_configured_author_id,7,5099,,2024-06-11
huatai_macro-2024-06-08-华泰宏观-出口增长继续加速且价格呈回升态势,huatai_macro,华泰宏观,华泰证券宏观研究,configured_public_index,【华泰宏观】出口增长继续加速且价格呈回升态势,https://www.10100.com/article/65864808,full_mirror,clean,verified_from_configured_author_id,6,3909,,2024-06-08
huatai_macro-2024-06-08-华泰宏观-5月非农超预期-但广谱就业数据继续降温,huatai_macro,华泰宏观,华泰证券宏观研究,configured_public_index,【华泰宏观】5月非农超预期，但广谱就业数据继续降温,https://www.10100.com/article/65958907,full_mirror,clean,verified_from_configured_author_id,4,2943,,2024-06-08
cicc_perspective-2024-06-07-中金宏观-未来出口或仍将稳步增长-2024年5月进出口数据点评,cicc_perspective,中金点睛,中金宏观,team_channel,中金宏观 | 未来出口或仍将稳步增长——2024年5月进出口数据点评,https://www.10100.com/article/148042030,full_mirror,clean,verified_from_configured_author_id,11,3978,,2024-06-07
xuetao_macro-2024-06-05-美国这次真的要衰退了吗,xuetao_macro,雪涛宏观笔记,雪涛宏观笔记,exact,美国这次真的要衰退了吗？,https://www.yicai.com/news/102138505.html,full_mirror,clean,verified_from_source,17,2781,,2024-06-05
guolei_macro-2024-06-05-广发宏观-如何理解-耐心资本,guolei_macro,郭磊宏观茶座,广发证券,institutional_archive,【广发宏观】如何理解“耐心资本”,https://www.10100.com/article/77168459,full_mirror,clean,verified_from_configured_author_id_and_title_signature,4,16768,,2024-06-05
guolei_macro-2024-06-05-广发宏观-5月产业链景气变化线索的详细剖析,guolei_macro,郭磊宏观茶座,广发证券,institutional_archive,【广发宏观】5月产业链景气变化线索的详细剖析,https://www.10100.com/article/76491735,full_mirror,clean,verified_from_configured_author_id_and_title_signature,6,7552,,2024-06-05
huatai_macro-2024-06-03-华泰宏观-深度-2024下半年美国宏观展望-增长通胀-正常化-降息悬念犹存,huatai_macro,华泰宏观,华泰证券宏观研究,configured_public_index,【华泰宏观|深度】2024下半年美国宏观展望：增长通胀“正常化”，降息悬念犹存,https://www.10100.com/article/65958908,full_mirror,clean,verified_from_configured_author_id,23,9442,,2024-06-03
huatai_macro-2024-06-03-华泰宏观-深度-2024下半年中国宏观展望-名义增长或将温和修复,huatai_macro,华泰宏观,华泰证券宏观研究,configured_public_index,【华泰宏观 | 深度】2024下半年中国宏观展望：名义增长或将温和修复,https://www.10100.com/article/65864852,full_mirror,clean,verified_from_configured_author_id,49,19339,,2024-06-03
cicc_perspective-2024-06-02-中金宏观-外需和消费或边际改善-5月经济数据前瞻,cicc_perspective,中金点睛,中金宏观,team_channel,中金宏观 | 外需和消费或边际改善——5月经济数据前瞻,https://www.10100.com/article/148028963,full_mirror,clean,verified_from_configured_author_id,1,4003,,2024-06-02
cicc_perspective-2024-06-01-中金宏观-外需可能好于出口订单指数显示的情况-5月PMI点评,cicc_perspective,中金点睛,中金宏观,team_channel,中金宏观 | 外需可能好于出口订单指数显示的情况——5月PMI点评,https://www.10100.com/article/148035401,full_mirror,clean,verified_from_configured_author_id,10,4011,,2024-06-01
guolei_macro-2024-05-29-广发宏观-5月美联储会议纪要的关键信息,guolei_macro,郭磊宏观茶座,广发证券,institutional_archive,【广发宏观】5月美联储会议纪要的关键信息,https://www.10100.com/article/76490639,full_mirror,clean,verified_from_configured_author_id_and_title_signature,0,6536,,2024-05-29
huatai_macro-2024-05-28-华泰宏观-工业企业盈利能力继续修复,huatai_macro,华泰宏观,华泰证券宏观研究,configured_public_index,【华泰宏观】工业企业盈利能力继续修复,https://www.10100.com/article/65864850,full_mirror,clean,verified_from_configured_author_id,11,4117,,2024-05-28
huatai_macro-2024-05-28-华泰宏观-出口多维度指标一览-更新至5月26日,huatai_macro,华泰宏观,华泰证券宏观研究,configured_public_index,【华泰宏观】出口多维度指标一览（更新至5月26日）,https://www.10100.com/article/65958863,full_mirror,clean,verified_from_configured_author_id,2,1413,,2024-05-28
cicc_perspective-2024-05-27-中金宏观-外需和公用事业提升利润增速-2024年1-4月工业企业利润点评,cicc_perspective,中金点睛,中金宏观,team_channel,中金宏观 | 外需和公用事业提升利润增速 --- 2024年1-4月工业企业利润点评,https://www.10100.com/article/148029331,full_mirror,clean,verified_from_configured_author_id,8,3852,,2024-05-27
huatai_macro-2024-05-23-华泰宏观-图说日本宏观月报第二期-日本一季度增长回落但4月边际改善,huatai_macro,华泰宏观,华泰证券宏观研究,configured_public_index,【华泰宏观】图说日本宏观月报第二期|日本一季度增长回落但4月边际改善,https://www.10100.com/article/65864882,full_mirror,clean,verified_from_configured_author_id,25,3749,,2024-05-23
huatai_macro-2024-05-21-华泰宏观-地产景气度面面观-更新至5月19日,huatai_macro,华泰宏观,华泰证券宏观研究,configured_public_index,【华泰宏观】地产景气度面面观（更新至5月19日）,https://www.10100.com/article/65958914,full_mirror,clean,verified_from_configured_author_id,2,1361,,2024-05-21
huatai_macro-2024-05-21-华泰宏观-出口多维度指标一览-更新至5月19日,huatai_macro,华泰宏观,华泰证券宏观研究,configured_public_index,【华泰宏观】出口多维度指标一览（更新至5月19日）,https://www.10100.com/article/65864869,full_mirror,clean,verified_from_configured_author_id,2,1412,,2024-05-21
guolei_macro-2024-05-20-广发宏观-4月通胀数据温和好转,guolei_macro,郭磊宏观茶座,广发证券,institutional_archive,【广发宏观】4月通胀数据温和好转,https://www.10100.com/article/76491773,full_mirror,clean,verified_from_configured_author_id_and_title_signature,4,4538,,2024-05-20
huatai_macro-2024-05-19-华泰宏观-综合评估5-17地产政策-组合拳,huatai_macro,华泰宏观,华泰证券宏观研究,configured_public_index,【华泰宏观】综合评估5.17地产政策“组合拳”,https://www.10100.com/article/65864827,full_mirror,clean,verified_from_configured_author_id,7,5224,,2024-05-19
huatai_macro-2024-05-18-华泰宏观-更显著的季节性特征推动4月消费和生产剪刀差走阔,huatai_macro,华泰宏观,华泰证券宏观研究,configured_public_index,【华泰宏观】更显著的季节性特征推动4月消费和生产剪刀差走阔,https://www.10100.com/article/65958915,full_mirror,clean,verified_from_configured_author_id,6,4570,,2024-05-18
cicc_perspective-2024-05-18-中金宏观-临时因素和内需偏弱加大供需背离-2024年4月经济数据点评,cicc_perspective,中金点睛,中金宏观,team_channel,中金宏观 | 临时因素和内需偏弱加大供需背离——2024年4月经济数据点评,https://www.10100.com/article/148042031,full_mirror,clean,verified_from_configured_author_id,2,4212,,2024-05-18
lichao_macro-2024-05-17-浙商宏观-李超-2024年4月宏观经济-基本面回稳向好-供给强于需求,lichao_macro,李超宏观研究与资产配置,李超宏观研究与资产配置,exact,"【浙商宏观||李超】2024年4月宏观经济:基本面回稳向好,供给强于需求",https://m.yicai.com/news/102097241.html,full_mirror,clean,verified_from_publisher_label,7,3067,,2024-05-17
guolei_macro-2024-05-17-广发宏观郭磊-如何看4月经济数据,guolei_macro,郭磊宏观茶座,郭磊宏观茶座,exact,【广发宏观郭磊】如何看4月经济数据,https://finance.sina.com.cn/stock/stockzmt/2024-05-19/doc-inavunym2122025.shtml,full_mirror,clean,verified_from_publisher_label,3,5762,,2024-05-17
zhongzhengsheng-2024-05-16-追赶-失去的进展-美国2024年4月通胀数据解读,zhongzhengsheng,钟正生经济分析,钟正生经济分析,exact,追赶“失去的进展”——美国2024年4月通胀数据解读,https://finance.sina.cn/2024-05-17/detail-inavpunf0791129.d.html?cref=cj,full_mirror,clean,verified_from_publisher_label,14,2050,,2024-05-16
cicc_perspective-2024-05-16-中金-通胀放缓让金融条件更加宽松,cicc_perspective,中金点睛,中金宏观,team_channel,中金：通胀放缓让金融条件更加宽松,https://www.10100.com/article/148042034,full_mirror,clean,verified_from_configured_author_id,8,3887,,2024-05-16
huatai_macro-2024-05-14-华泰宏观-图说全球PMI第十期-美欧边际走弱暂未逆转全球制造业扩张,huatai_macro,华泰宏观,华泰证券宏观研究,configured_public_index,【华泰宏观】图说全球PMI第十期 | 美欧边际走弱暂未逆转全球制造业扩张,https://www.10100.com/article/65864861,full_mirror,clean,verified_from_configured_author_id,28,3643,,2024-05-14
huatai_macro-2024-05-14-华泰宏观-出口多维度指标一览-更新至5月10日,huatai_macro,华泰宏观,华泰证券宏观研究,configured_public_index,【华泰宏观】出口多维度指标一览（更新至5月10日）,https://www.10100.com/article/65958868,full_mirror,clean,verified_from_configured_author_id,2,1413,,2024-05-14
huatai_macro-2024-05-13-华泰宏观-化债观察双周报-第10期-5月来广义财政部门净融资明显提速,huatai_macro,华泰宏观,华泰证券宏观研究,configured_public_index,【华泰宏观】化债观察双周报 | 第10期：5月来广义财政部门净融资明显提速,https://www.10100.com/article/65864884,full_mirror,clean,verified_from_configured_author_id,35,8288,,2024-05-13
guolei_macro-2024-05-13-广发宏观-新一轮供给侧有助于名义增长中枢好转,guolei_macro,郭磊宏观茶座,广发证券,institutional_archive,【广发宏观】新一轮供给侧有助于名义增长中枢好转,https://www.10100.com/article/76476225,full_mirror,clean,verified_from_configured_author_id_and_title_signature,2,5701,,2024-05-13
guolei_macro-2024-05-13-广发宏观-4月以来的宏观交易主线-大类资产配置月度展望,guolei_macro,郭磊宏观茶座,广发证券,institutional_archive,【广发宏观】4月以来的宏观交易主线：大类资产配置月度展望,https://www.10100.com/article/76490677,full_mirror,clean,verified_from_configured_author_id_and_title_signature,50,28598,,2024-05-13
huatai_macro-2024-05-12-华泰宏观-4月CPI-核心通胀回升值得关注,huatai_macro,华泰宏观,华泰证券宏观研究,configured_public_index,【华泰宏观】4月CPI：核心通胀回升值得关注,https://www.10100.com/article/65864863,full_mirror,clean,verified_from_configured_author_id,5,3667,,2024-05-12
huatai_macro-2024-05-12-华泰宏观-1季度货币政策执行报告-强调信贷质量-关注长端利率区间,huatai_macro,华泰宏观,华泰证券宏观研究,configured_public_index,【华泰宏观】1季度货币政策执行报告：强调信贷质量、关注长端利率区间,https://www.10100.com/article/65958876,full_mirror,clean,verified_from_configured_author_id,4,3774,,2024-05-12
cicc_perspective-2024-05-12-中金宏观-低物价显示稳消费仍需加力-2024年4月物价数据点评,cicc_perspective,中金点睛,中金宏观,team_channel,中金宏观 | 低物价显示稳消费仍需加力——2024年4月物价数据点评,https://www.10100.com/article/148028802,full_mirror,clean,verified_from_configured_author_id,13,4581,,2024-05-12
huatai_macro-2024-05-10-华泰宏观-4月出口回升-但进口更超预期-4月贸易数据点评,huatai_macro,华泰宏观,华泰证券宏观研究,configured_public_index,【华泰宏观】4月出口回升，但进口更超预期——4月贸易数据点评,https://www.10100.com/article/65864797,full_mirror,clean,verified_from_configured_author_id,9,3984,,2024-05-10
cicc_perspective-2024-05-10-中金宏观-出口复苏-也部分带动进口-2024年4月进出口数据点评,cicc_perspective,中金点睛,中金宏观,team_channel,中金宏观 | 出口复苏，也部分带动进口——2024年4月进出口数据点评,https://www.10100.com/article/148035420,full_mirror,clean,verified_from_configured_author_id,11,3665,,2024-05-10
guolei_macro-2024-05-09-广发宏观郭磊-出口保持平稳,guolei_macro,郭磊宏观茶座,郭磊宏观茶座,exact,【广发宏观郭磊】出口保持平稳,https://m.yicai.com/news/102104830.html,full_mirror,clean,verified_from_publisher_label,9,4716,,2024-05-09
macrofans-2024-05-07-基建投资-两个预期差背后的结构变动,macrofans,宏观fans哲,宏观fans哲,author_research_stream,基建投资：两个预期差背后的结构变动,https://www.gelonghui.com/p/727161,full_mirror,clean,verified_from_publisher_citation,14,8239,,2024-05-07
huatai_macro-2024-05-07-华泰宏观-专题-日元干预-顺势而为-时较为有效,huatai_macro,华泰宏观,华泰证券宏观研究,configured_public_index,【华泰宏观 | 专题】日元干预：“顺势而为”时较为有效,https://www.10100.com/article/65958844,full_mirror,clean,verified_from_configured_author_id,5,5023,,2024-05-07
guolei_macro-2024-05-07-广发宏观-如何看5月FOMC声明及鲍威尔的表态,guolei_macro,郭磊宏观茶座,广发证券,institutional_archive,【广发宏观】 如何看5月FOMC声明及鲍威尔的表态,https://www.10100.com/article/76476106,full_mirror,clean,verified_from_configured_author_id_and_title_signature,2,6650,,2024-05-07
huatai_macro-2024-05-06-华泰宏观-图解国内周报-政治局会议定调积极-五一出行活跃,huatai_macro,华泰宏观,华泰证券宏观研究,configured_public_index,【华泰宏观 | 图解国内周报】政治局会议定调积极，五一出行活跃,https://www.10100.com/article/65864798,full_mirror,clean,verified_from_configured_author_id,44,9620,,2024-05-06
cicc_perspective-2024-05-06-中金宏观-在分化中延续改善-4月经济数据前瞻,cicc_perspective,中金点睛,中金宏观,team_channel,中金宏观 | 在分化中延续改善——4月经济数据前瞻,https://www.10100.com/article/148029182,full_mirror,clean,verified_from_configured_author_id,1,3826,,2024-05-06
huatai_macro-2024-05-05-华泰宏观-五一假期海外宏观报告合集,huatai_macro,华泰宏观,华泰证券宏观研究,configured_public_index,【华泰宏观】五一假期海外宏观报告合集,https://www.10100.com/article/65864837,full_mirror,clean,verified_from_configured_author_id,3,2634,,2024-05-05
huatai_macro-2024-05-04-华泰宏观-美国4月非农-非农就业明显回落再度推升降息概率,huatai_macro,华泰宏观,华泰证券宏观研究,configured_public_index,【华泰宏观】美国4月非农：非农就业明显回落再度推升降息概率,https://www.10100.com/article/65958845,full_mirror,clean,verified_from_configured_author_id,7,3060,,2024-05-04
cicc_perspective-2024-05-04-中金宏观-非农降温缓解加息担忧-有利风险偏好,cicc_perspective,中金点睛,中金宏观,team_channel,中金宏观 | 非农降温缓解加息担忧，有利风险偏好,https://www.10100.com/article/148042084,full_mirror,clean,verified_from_configured_author_id,5,3521,,2024-05-04
xuetao_macro-2024-05-03-鲍威尔注定是-二十一世纪的伯恩斯-天风宏观宋雪涛,xuetao_macro,雪涛宏观笔记,雪涛宏观笔记,exact,鲍威尔注定是“二十一世纪的伯恩斯”(天风宏观宋雪涛),https://www.yicai.com/news/102100225.html,full_mirror,clean,verified_from_publisher_label,14,3116,,2024-05-03
xuetao_macro-2024-05-02-天风宏观-每月热门文章-2024年4月,xuetao_macro,雪涛宏观笔记,雪涛宏观笔记,exact,天风宏观 | 每月热门文章 | 2024年4月,https://finance.sina.cn/bond/zsyj/2024-06-30/detail-incarnkh2966119.d.html?cref=cj,abstract_only,flagged,verified_from_publisher_label,2,1654,duplicate_content|mirror_is_abstract,2024-05-02
huatai_macro-2024-05-01-华泰宏观-图解海外月报-海外通胀预期攀升-降息不确定性再度增加,huatai_macro,华泰宏观,华泰证券宏观研究,configured_public_index,【华泰宏观|图解海外月报】海外通胀预期攀升，降息不确定性再度增加,https://www.10100.com/article/65864805,full_mirror,clean,verified_from_configured_author_id,26,3821,,2024-05-01
huatai_macro-2024-05-01-华泰宏观-PMI边际回落但外需保持较强动能,huatai_macro,华泰宏观,华泰证券宏观研究,configured_public_index,【华泰宏观】PMI边际回落但外需保持较强动能,https://www.10100.com/article/65958905,full_mirror,clean,verified_from_configured_author_id,4,3149,,2024-05-01
huatai_macro-2024-04-30-华泰宏观-专题-日元急速贬值撞-南墙-了吗,huatai_macro,华泰宏观,华泰证券宏观研究,configured_public_index,【华泰宏观 | 专题】日元急速贬值撞“南墙”了吗？,https://www.10100.com/article/65958906,full_mirror,clean,verified_from_configured_author_id,7,5266,,2024-04-30
cicc_perspective-2024-04-30-中金宏观-需求复苏弱于供给-4月PMI点评,cicc_perspective,中金点睛,中金宏观,team_channel,中金宏观 | 需求复苏弱于供给——4月PMI点评,https://www.10100.com/article/148042125,full_mirror,clean,verified_from_configured_author_id,10,3697,,2024-04-30
huatai_macro-2024-04-29-华泰宏观-图解国内周报-能源金属价格上行-出口链延续高景气,huatai_macro,华泰宏观,华泰证券宏观研究,configured_public_index,"【华泰宏观 | 图解国内周报】能源金属价格上行,出口链延续高景气",https://www.10100.com/article/65958848,full_mirror,clean,verified_from_configured_author_id,44,10680,,2024-04-29
huatai_macro-2024-04-29-华泰宏观-5月FOMC预览-降息仍需观察-但或宣布Taper,huatai_macro,华泰宏观,华泰证券宏观研究,configured_public_index,【华泰宏观】5月FOMC预览：降息仍需观察，但或宣布Taper,https://www.10100.com/article/65864806,full_mirror,clean,verified_from_configured_author_id,4,2946,,2024-04-29
cicc_perspective-2024-04-28-中金宏观-利润增速放缓-内外分化-2024年1-3月工业企业利润点评,cicc_perspective,中金点睛,中金宏观,team_channel,中金宏观 | 利润增速放缓，内外分化 --- 2024年1-3月工业企业利润点评,https://www.10100.com/article/148028835,full_mirror,clean,verified_from_configured_author_id,38,7699,,2024-04-28
guolei_macro-2024-04-26-广发宏观-一季度财政特征与后续展望,guolei_macro,郭磊宏观茶座,广发证券,institutional_archive,【广发宏观】一季度财政特征与后续展望,https://www.10100.com/article/76491775,full_mirror,clean,verified_from_configured_author_id_and_title_signature,8,8649,,2024-04-26
cicc_perspective-2024-04-26-中金-美国经济仍缺供给-通胀才是最大隐患,cicc_perspective,中金点睛,中金宏观,team_channel,中金：美国经济仍缺供给，通胀才是最大隐患,https://www.10100.com/article/148035467,full_mirror,clean,verified_from_configured_author_id,11,4065,,2024-04-26
huatai_macro-2024-04-24-华泰宏观-专题-四月出口量可能重拾高增速,huatai_macro,华泰宏观,华泰证券宏观研究,configured_public_index,【华泰宏观 | 专题】四月出口量可能重拾高增速,https://www.10100.com/article/65958835,full_mirror,clean,verified_from_configured_author_id,8,3316,,2024-04-24
huatai_macro-2024-04-23-华泰宏观-出口多维度指标一览-更新至4月19日,huatai_macro,华泰宏观,华泰证券宏观研究,configured_public_index,【华泰宏观】出口多维度指标一览（更新至4月19日）,https://www.10100.com/article/65864751,full_mirror,clean,verified_from_configured_author_id,2,1413,,2024-04-23
cicc_perspective-2024-04-23-中金宏观-规模经济助力快递下沉,cicc_perspective,中金点睛,中金宏观,team_channel,中金宏观 | 规模经济助力快递下沉,https://www.10100.com/article/148042101,full_mirror,clean,verified_from_configured_author_id,7,4064,,2024-04-23
cicc_perspective-2024-04-23-中金-从金融周期看经济韧性,cicc_perspective,中金点睛,中金宏观,team_channel,中金：从金融周期看经济韧性,https://www.10100.com/article/148028991,full_mirror,clean,verified_from_configured_author_id,30,10197,,2024-04-23
huatai_macro-2024-04-22-华泰宏观-深度-美国-人口流入的宏观影响不容小觑,huatai_macro,华泰宏观,华泰证券宏观研究,configured_public_index,【华泰宏观|深度】美国：人口流入的宏观影响不容小觑,https://www.10100.com/article/65958911,full_mirror,clean,verified_from_configured_author_id,25,17757,,2024-04-22
huatai_macro-2024-04-22-华泰宏观-图解海外周报-多重因素推动金融条件快速收紧,huatai_macro,华泰宏观,华泰证券宏观研究,configured_public_index,【华泰宏观｜图解海外周报】多重因素推动金融条件快速收紧,https://www.10100.com/article/65864855,full_mirror,clean,verified_from_configured_author_id,30,3838,,2024-04-22
guolei_macro-2024-04-18-广发宏观-如何看过去两年的黄金定价,guolei_macro,郭磊宏观茶座,广发证券,institutional_archive,广发宏观 | 如何看过去两年的黄金定价,https://www.10100.com/article/77168536,full_mirror,clean,verified_from_configured_author_id_and_title_signature,3,4726,,2024-04-18
huatai_macro-2024-04-17-华泰宏观-一季度实际GDP为何超预期,huatai_macro,华泰宏观,华泰证券宏观研究,configured_public_index,【华泰宏观】一季度实际GDP为何超预期?,https://www.10100.com/article/65958853,full_mirror,clean,verified_from_configured_author_id,10,5527,,2024-04-17
lichao_macro-2024-04-16-浙商宏观-李超-2024年一季度宏观经济-GDP稳中有进-制造业延续挑大梁,lichao_macro,李超宏观研究与资产配置,李超宏观研究与资产配置,exact,"【浙商宏观||李超】2024年一季度宏观经济:GDP稳中有进,制造业延续挑大梁",https://download.csdn.net/download/qq_42985051/89221262,index_only,flagged,verified_from_publisher_label,6,8817,mirror_is_index,2024-04-16
huatai_macro-2024-04-16-华泰宏观-出口多维度指标一览-更新至4月13日,huatai_macro,华泰宏观,华泰证券宏观研究,configured_public_index,【华泰宏观】出口多维度指标一览（更新至4月13日）,https://www.10100.com/article/65864856,full_mirror,clean,verified_from_configured_author_id,2,1413,,2024-04-16
cicc_perspective-2024-04-16-中金宏观-外需改善相对更明确-3月经济数据点评,cicc_perspective,中金点睛,中金宏观,team_channel,中金宏观 | 外需改善相对更明确——3月经济数据点评,https://www.10100.com/article/148035459,full_mirror,clean,verified_from_configured_author_id,1,3740,,2024-04-16
huatai_macro-2024-04-15-华泰宏观-首发-图说日本宏观月报第一期-日本再通胀趋势向好-日元贬至较低水平,huatai_macro,华泰宏观,华泰证券宏观研究,configured_public_index,【华泰宏观|首发】图说日本宏观月报第一期|日本再通胀趋势向好，日元贬至较低水平,https://www.10100.com/article/65958854,full_mirror,clean,verified_from_configured_author_id,25,3837,,2024-04-15
guolei_macro-2024-04-15-广发宏观郭磊-如何看过去两年的黄金定价,guolei_macro,郭磊宏观茶座,郭磊宏观茶座,exact,【广发宏观郭磊】如何看过去两年的黄金定价,https://finance.sina.cn/2024-04-15/detail-inarwyiw2649147.d.html?cref=cj,full_mirror,clean,verified_from_publisher_label,6,5425,,2024-04-15
guolei_macro-2024-04-15-广发宏观-美国核心通胀反弹的原因及后续趋势,guolei_macro,郭磊宏观茶座,广发证券,institutional_archive,【广发宏观】美国核心通胀反弹的原因及后续趋势,https://www.10100.com/article/76476093,full_mirror,clean,verified_from_configured_author_id_and_title_signature,9,9364,,2024-04-15
guolei_macro-2024-04-15-广发宏观-3月国内物价特征及下阶段线索,guolei_macro,郭磊宏观茶座,广发证券,institutional_archive,【广发宏观】3月国内物价特征及下阶段线索,https://www.10100.com/article/76491768,full_mirror,clean,verified_from_configured_author_id_and_title_signature,2,4929,,2024-04-15
guojun_macro-2024-04-15-国君晨报0415-宏观-海外宏观-策略-非银-新股-家电,guojun_macro,国君宏观研究,国泰君安证券研究,parent_platform,国君晨报0415|宏观、海外宏观、策略、非银、新股、家电,https://www.fxbaogao.com/detail/4221413,full_mirror,clean,verified_from_publisher_label,1,5651,,2024-04-15
huatai_macro-2024-04-14-华泰宏观-金价分析合集-2023-2024,huatai_macro,华泰宏观,华泰证券宏观研究,configured_public_index,【华泰宏观】金价分析合集（2023-2024）,https://www.10100.com/article/65864813,full_mirror,clean,verified_from_configured_author_id,3,2320,,2024-04-14
xuetao_macro-2024-04-13-大宗商品的价格信号-天风宏观宋雪涛,xuetao_macro,雪涛宏观笔记,雪涛宏观笔记,exact,大宗商品的价格信号(天风宏观宋雪涛),https://m.gelonghui.com/p/718786,full_mirror,clean,verified_from_publisher_label,12,5337,,2024-04-13
huatai_macro-2024-04-13-华泰宏观-高基数下新增社融回落-3月社融数据点评,huatai_macro,华泰宏观,华泰证券宏观研究,configured_public_index,【华泰宏观】高基数下新增社融回落——3月社融数据点评,https://www.10100.com/article/65864840,full_mirror,clean,verified_from_configured_author_id,4,3174,,2024-04-13
cicc_perspective-2024-04-13-中金宏观-三月出口不弱-上调全年出口预测-2024年3月进出口数据点评,cicc_perspective,中金点睛,中金宏观,team_channel,中金宏观 | 三月出口不弱，上调全年出口预测——2024年3月进出口数据点评,https://www.10100.com/article/148029208,full_mirror,clean,verified_from_configured_author_id,9,3266,,2024-04-13
huatai_macro-2024-04-12-华泰宏观-专题-必要性下降-但今年联储还会降息吗,huatai_macro,华泰宏观,华泰证券宏观研究,configured_public_index,【华泰宏观｜专题】必要性下降，但今年联储还会降息吗？,https://www.10100.com/article/65958846,full_mirror,clean,verified_from_configured_author_id,13,5552,,2024-04-12
cicc_perspective-2024-04-12-中金宏观-去掉扰动-物价轻微改善-2024年3月物价数据点评,cicc_perspective,中金点睛,中金宏观,team_channel,中金宏观 | 去掉扰动，物价轻微改善——2024年3月物价数据点评,https://www.10100.com/article/148042113,full_mirror,clean,verified_from_configured_author_id,9,3687,,2024-04-12
huatai_macro-2024-04-10-华泰宏观-图说全球PMI第九期-3月全球制造业周期进一步回升,huatai_macro,华泰宏观,华泰证券宏观研究,configured_public_index,【华泰宏观】图说全球PMI第九期 | 3月全球制造业周期进一步回升,https://www.10100.com/article/65958847,full_mirror,clean,verified_from_configured_author_id,21,3293,,2024-04-10
huatai_macro-2024-04-10-华泰-宏观-如何理解近期黄金-石油-和美债价格的异动,huatai_macro,华泰宏观,华泰睿思,parent_platform,"华泰 | 宏观:如何理解近期黄金、石油,和美债价格的异动?",https://m.lejucaijing.com/news-7183660467230537029.html,full_mirror,clean,verified_from_publisher_label,2,4033,,2024-04-10
yiyuzhongde-2024-04-09-张瑜-如果美联储今年不降息,yiyuzhongde,一瑜中的,一瑜中的,exact,张瑜:如果美联储今年不降息,https://news.qq.com/rain/a/20240409A07IB900,abstract_only,flagged,verified_from_publisher_label,0,1134,duplicate_content|mirror_is_abstract,2024-04-09
huatai_macro-2024-04-09-华泰宏观-地产景气度面面观-更新至4月7日,huatai_macro,华泰宏观,华泰证券宏观研究,configured_public_index,【华泰宏观】地产景气度面面观（更新至4月7日）,https://www.10100.com/article/65958865,full_mirror,clean,verified_from_configured_author_id,2,1290,,2024-04-09
guolei_macro-2024-04-09-广发宏观-从实际增长到名义增长,guolei_macro,郭磊宏观茶座,广发证券,institutional_archive,【广发宏观】从实际增长到名义增长,https://www.10100.com/article/76490674,full_mirror,clean,verified_from_configured_author_id_and_title_signature,4,6342,,2024-04-09
guolei_macro-2024-04-09-广发宏观-3月哪些行业景气在改善,guolei_macro,郭磊宏观茶座,广发证券,institutional_archive,【广发宏观】3月哪些行业景气在改善,https://www.10100.com/article/76476215,full_mirror,clean,verified_from_configured_author_id_and_title_signature,3,4898,,2024-04-09
cicc_perspective-2024-04-09-中金-下调美联储降息预测,cicc_perspective,中金点睛,中金宏观,team_channel,中金：下调美联储降息预测,https://www.10100.com/article/148028830,full_mirror,clean,verified_from_configured_author_id,12,5465,,2024-04-09
huatai_macro-2024-04-08-华泰宏观-图解国内周报-清明假期出行活跃-出口指标再度回升,huatai_macro,华泰宏观,华泰证券宏观研究,configured_public_index,"【华泰宏观|图解国内周报】清明假期出行活跃,出口指标再度回升",https://www.10100.com/article/65958922,full_mirror,clean,verified_from_configured_author_id,44,10122,,2024-04-08
yiyuzhongde-2024-04-07-华创宏观-张瑜团队-清明假期海外5大要闻-海外周报第45期,yiyuzhongde,一瑜中的,一瑜中的,exact,【华创宏观·张瑜团队】清明假期海外5大要闻——海外周报第45期,https://news.qq.com/rain/a/20240505A07IEY00,abstract_only,flagged,verified_from_publisher_label,0,1058,mirror_is_abstract,2024-04-07
cicc_perspective-2024-04-06-中金宏观-经济动能继续修复-3月经济数据前瞻,cicc_perspective,中金点睛,中金宏观,team_channel,中金宏观 | 经济动能继续修复——3月经济数据前瞻,https://www.163.com/dy/article/IVBGSP070552DMW3.html,full_mirror,clean,verified_from_publisher_label,1,3863,,2024-04-06
huatai_macro-2024-04-04-华泰宏观-一季度增长有韧性-但社融扩张偏弱-1季度及3月经济和金融数据预览,huatai_macro,华泰宏观,华泰证券宏观研究,configured_public_index,【华泰宏观】一季度增长有韧性，但社融扩张偏弱——1季度及3月经济和金融数据预览,https://www.10100.com/article/65958927,full_mirror,clean,verified_from_configured_author_id,2,3322,,2024-04-04
lichao_macro-2024-04-03-浙商宏观-李超-全国代表大会前美国大选关注什么,lichao_macro,李超宏观研究与资产配置,李超宏观研究与资产配置,exact,【浙商宏观||李超】全国代表大会前美国大选关注什么?,https://finance.sina.com.cn/stock/stockzmt/2024-04-03/doc-inaqphfy6373389.shtml,full_mirror,clean,verified_from_publisher_label,9,3345,,2024-04-03
lichao_macro-2024-04-02-浙商宏观-李超-2024年一季度经济-工业生产强劲-经济开门红兑现,lichao_macro,李超宏观研究与资产配置,李超宏观研究与资产配置,exact,"【浙商宏观||李超】2024年一季度经济:工业生产强劲,经济开门红兑现",https://m.jrj.com.cn/madapter/stock/2024/04/02100240088812.shtml,full_mirror,clean,verified_from_publisher_label,20,13688,,2024-04-02
huatai_macro-2024-04-02-华泰宏观-深度-2024年中国会缺电吗,huatai_macro,华泰宏观,华泰证券宏观研究,team_channel,【华泰宏观 | 深度】2024年中国会缺电吗?,https://m.jrj.com.cn/madapter/stock/2024/04/02075540085315.shtml,full_mirror,clean,verified_from_publisher_label,28,9440,,2024-04-02
huatai_macro-2024-04-01-华泰宏观-3月制造业PMI季节性回升,huatai_macro,华泰宏观,华泰证券宏观研究,configured_public_index,【华泰宏观】3月制造业PMI季节性回升,https://www.10100.com/article/65864889,full_mirror,clean,verified_from_configured_author_id,4,3373,,2024-04-01
zhongzhengsheng-2024-03-31-外需迎暖意-2024年3月统计局PMI数据解读,zhongzhengsheng,钟正生经济分析,钟正生经济分析,exact,外需迎暖意——2024年3月统计局PMI数据解读,https://finance.sina.cn/cj/2024-03-31/detail-inaqfnhm8821842.d.html?cref=cj,full_mirror,clean,verified_from_publisher_label,16,3573,,2024-03-31
huatai_macro-2024-03-31-华泰宏观-图解国内月报-3月生产增速较开年有所回落,huatai_macro,华泰宏观,华泰证券宏观研究,configured_public_index,【华泰宏观|图解国内月报】3月生产增速较开年有所回落,https://www.10100.com/article/65864891,full_mirror,clean,verified_from_configured_author_id,32,3935,,2024-03-31
guolei_macro-2024-03-31-广发宏观郭磊-3月PMI超预期原因探析,guolei_macro,郭磊宏观茶座,郭磊宏观茶座,exact,【广发宏观郭磊】3月PMI超预期原因探析,http://finance.sina.cn/zl/2024-04-02/zl-inaqmchw5195146.d.html?from=wap&cref=cj&fromcj=1&cref=cj,full_mirror,clean,verified_from_publisher_label,4,4113,,2024-03-31
cicc_perspective-2024-03-31-中金宏观-外需较好-建筑业较弱-3月PMI点评,cicc_perspective,中金点睛,中金宏观,team_channel,中金宏观 | 外需较好，建筑业较弱——3月PMI点评,https://www.10100.com/article/148042009,full_mirror,clean,verified_from_configured_author_id,10,6193,,2024-03-31
guolei_macro-2024-03-29-广发宏观-如何理解开年企业盈利增速,guolei_macro,郭磊宏观茶座,广发证券,institutional_archive,【广发宏观】如何理解开年企业盈利增速,https://www.10100.com/article/76476101,full_mirror,clean,verified_from_configured_author_id_and_title_signature,9,8408,,2024-03-29
cicc_perspective-2024-03-28-总体放缓-出口支撑中游-2024年1-2月工业企业利润点评,cicc_perspective,中金点睛,中金宏观,team_channel,总体放缓，出口支撑中游 --- 2024年1-2月工业企业利润点评,https://www.10100.com/article/148028950,full_mirror,clean,verified_from_configured_author_id,9,4485,,2024-03-28
huatai_macro-2024-03-27-华泰宏观-专题-从美国居民收入和资本流动看产业起飞的-正向溢出,huatai_macro,华泰宏观,华泰证券宏观研究,configured_public_index,【华泰宏观｜专题】从美国居民收入和资本流动看产业起飞的“正向溢出”,https://www.10100.com/article/65958843,full_mirror,clean,verified_from_configured_author_id,9,4357,,2024-03-27
guolei_macro-2024-03-27-广发宏观-如何看人民币汇率,guolei_macro,郭磊宏观茶座,广发证券,institutional_archive,【广发宏观】如何看人民币汇率,https://www.10100.com/article/76490676,full_mirror,clean,verified_from_configured_author_id_and_title_signature,5,5448,,2024-03-27
cicc_perspective-2024-03-27-中金-美国选举年的大类资产-不确定性中寻找确定性,cicc_perspective,中金点睛,中金宏观,team_channel,中金 | 美国选举年的大类资产：不确定性中寻找确定性,https://www.10100.com/article/148035396,full_mirror,clean,verified_from_configured_author_id,24,17174,,2024-03-27
cicc_perspective-2024-03-27-中金-上调一季度增长预测,cicc_perspective,中金点睛,中金宏观,team_channel,中金：上调一季度增长预测,https://www.10100.com/article/148029170,full_mirror,clean,verified_from_configured_author_id,4,3867,,2024-03-27
huatai_macro-2024-03-26-华泰宏观-出口多维度指标一览-更新至3月25日,huatai_macro,华泰宏观,华泰证券宏观研究,configured_public_index,【华泰宏观】出口多维度指标一览（更新至3月25日）,https://www.10100.com/article/65864834,full_mirror,clean,verified_from_configured_author_id,2,1413,,2024-03-26
huatai_macro-2024-03-25-华泰宏观-化债观察双周报-第7期-2月财政加力-广义政府融资结构调整,huatai_macro,华泰宏观,华泰证券宏观研究,configured_public_index,"【华泰宏观】化债观察双周报 | 第7期：2月财政加力,广义政府融资结构调整",https://www.10100.com/article/65958901,full_mirror,clean,verified_from_configured_author_id,35,8606,,2024-03-25
huatai_macro-2024-03-22-华泰宏观-深度-哪些行业有望更早走出产能过剩,huatai_macro,华泰宏观,华泰证券宏观研究,configured_public_index,【华泰宏观 | 深度】哪些行业有望更早走出产能过剩？,https://www.10100.com/article/65864796,full_mirror,clean,verified_from_configured_author_id,19,9068,,2024-03-22
huatai_macro-2024-03-22-华泰宏观-开年财政赤字同比多增-支出仍待提速-1-2月财政数据点评,huatai_macro,华泰宏观,华泰证券宏观研究,configured_public_index,"【华泰宏观】开年财政赤字同比多增,支出仍待提速——1-2月财政数据点评",https://www.10100.com/article/65958902,full_mirror,clean,verified_from_configured_author_id,5,3818,,2024-03-22
huatai_macro-2024-03-20-华泰宏观-3月LPR报价如期按兵不动,huatai_macro,华泰宏观,华泰证券宏观研究,configured_public_index,【华泰宏观】3月LPR报价如期按兵不动,https://www.10100.com/article/65864895,full_mirror,clean,verified_from_configured_author_id,2,2833,,2024-03-20
guolei_macro-2024-03-19-广发宏观-对-大规模设备更新-目标的定量分析,guolei_macro,郭磊宏观茶座,广发证券,institutional_archive,【广发宏观】对“大规模设备更新”目标的定量分析,https://www.10100.com/article/76476221,full_mirror,clean,verified_from_configured_author_id_and_title_signature,2,8103,,2024-03-19
guolei_macro-2024-03-19-广发宏观-3月经济初窥,guolei_macro,郭磊宏观茶座,广发证券,institutional_archive,【广发宏观】3月经济初窥,https://www.10100.com/article/76491772,full_mirror,clean,verified_from_configured_author_id_and_title_signature,5,8311,,2024-03-19
cicc_perspective-2024-03-19-中金-美国经济新变化如何影响资产价格,cicc_perspective,中金点睛,中金宏观,team_channel,中金：美国经济新变化如何影响资产价格？,https://www.10100.com/article/148099527,full_mirror,clean,verified_from_configured_author_id,26,6252,,2024-03-19
huatai_macro-2024-03-18-华泰宏观-深度-撤辣-后香港楼市的热度可持续-可复制吗,huatai_macro,华泰宏观,华泰证券宏观研究,configured_public_index,【华泰宏观 | 深度】“撤辣”后香港楼市的热度可持续、可复制吗？,https://www.10100.com/article/65864898,full_mirror,clean,verified_from_configured_author_id,16,7648,,2024-03-18
cicc_perspective-2024-03-18-中金宏观-重视经济数据边际改善-2024年1-2月经济数据点评,cicc_perspective,中金点睛,中金宏观,team_channel,中金宏观 | 重视经济数据边际改善——2024年1-2月经济数据点评,https://www.10100.com/article/148028971,full_mirror,clean,verified_from_configured_author_id,2,4774,,2024-03-18
huatai_macro-2024-03-16-华泰宏观-2月新增社融回落,huatai_macro,华泰宏观,华泰证券宏观研究,configured_public_index,【华泰宏观】2月新增社融回落,https://www.10100.com/article/65864873,full_mirror,clean,verified_from_configured_author_id,4,3251,,2024-03-16
huatai_macro-2024-03-15-华泰宏观-美国2月零售反弹不及预期,huatai_macro,华泰宏观,华泰证券宏观研究,configured_public_index,【华泰宏观】美国2月零售反弹不及预期,https://www.10100.com/article/65958930,full_mirror,clean,verified_from_configured_author_id,5,2722,,2024-03-15
huatai_macro-2024-03-12-华泰宏观-地产景气度面面观-更新至3月9日,huatai_macro,华泰宏观,华泰证券宏观研究,configured_public_index,【华泰宏观】地产景气度面面观（更新至3月9日）,https://www.10100.com/article/65958897,full_mirror,clean,verified_from_configured_author_id,2,1293,,2024-03-12
huatai_macro-2024-03-12-华泰宏观-图说全球PMI第八期-2月全球制造业PMI进一步回升,huatai_macro,华泰宏观,华泰证券宏观研究,configured_public_index,【华泰宏观】图说全球PMI第八期 | 2月全球制造业PMI进一步回升,https://www.10100.com/article/65864953,full_mirror,clean,verified_from_configured_author_id,28,3605,,2024-03-12
guolei_macro-2024-03-12-广发宏观-如何看2月通胀数据,guolei_macro,郭磊宏观茶座,广发证券,institutional_archive,【广发宏观】如何看2月通胀数据,https://www.10100.com/article/76701347,full_mirror,clean,verified_from_configured_author_id_and_title_signature,3,4343,,2024-03-12
huatai_macro-2024-03-11-华泰宏观-化债观察双周报-第6期-3月至今-广义财政部门融资放缓,huatai_macro,华泰宏观,华泰证券宏观研究,configured_public_index,【华泰宏观】化债观察双周报 | 第6期：3月至今，广义财政部门融资放缓,https://www.10100.com/article/65958952,full_mirror,clean,verified_from_configured_author_id,35,7833,,2024-03-11
cicc_perspective-2024-03-11-中金宏观-美国就业稳固-降息还需更多理由,cicc_perspective,中金点睛,中金宏观,team_channel,中金宏观 | 美国就业稳固，降息还需更多理由,https://www.10100.com/article/148035418,full_mirror,clean,verified_from_configured_author_id,10,3976,,2024-03-11
cicc_perspective-2024-03-11-中金-从货币变局看金融由-大-而-强,cicc_perspective,中金点睛,中金宏观,team_channel,中金：从货币变局看金融由“大”而“强”,https://www.10100.com/article/148029179,full_mirror,clean,verified_from_configured_author_id,11,8119,,2024-03-11
zhongzhengsheng-2024-03-10-CPI能否持续超预期-2024年2月物价数据点评,zhongzhengsheng,钟正生经济分析,钟正生经济分析,exact,CPI能否持续超预期——2024年2月物价数据点评,http://www.cbca.org.cn/news/ztbd/2024-04-08/0c01c41d50cfd0ea2e58dfaebbed3fc8.html,full_mirror,clean,verified_from_publisher_label,2,3728,,2024-03-10
xuetao_macro-2024-03-10-天风宏观-每月热门文章-2024年2月,xuetao_macro,雪涛宏观笔记,雪涛宏观笔记,exact,天风宏观 | 每月热门文章 | 2024年2月,https://finance.sina.cn/bond/zsyj/2024-06-30/detail-incarnkh2966119.d.html?cref=cj,abstract_only,flagged,verified_from_publisher_label,2,1654,mirror_is_abstract,2024-03-10
cicc_perspective-2024-03-10-中金宏观-服务与工业分化-但总体偏弱-2024年2月物价数据点评,cicc_perspective,中金点睛,中金宏观,team_channel,中金宏观 | 服务与工业分化，但总体偏弱——2024年2月物价数据点评,https://www.10100.com/article/148042083,full_mirror,clean,verified_from_configured_author_id,11,4394,,2024-03-10
huatai_macro-2024-03-09-华泰宏观-美国2月非农-劳动力价格通胀回落,huatai_macro,华泰宏观,华泰证券宏观研究,configured_public_index,【华泰宏观】美国2月非农：劳动力价格通胀回落,https://www.10100.com/article/65958954,full_mirror,clean,verified_from_configured_author_id,5,3019,,2024-03-09
guolei_macro-2024-03-09-广发宏观郭磊-如何看2月通胀数据,guolei_macro,郭磊宏观茶座,郭磊宏观茶座,exact,【广发宏观郭磊】如何看2月通胀数据,https://finance.sina.cn/2020-09-09/detail-iivhuipp3379775.d.html,full_mirror,clean,verified_from_publisher_label,12,3227,,2024-03-09
huatai_macro-2024-03-08-华泰宏观-专题-预判日本30年来最重要的一次-春斗-结果,huatai_macro,华泰宏观,华泰证券宏观研究,configured_public_index,【华泰宏观｜专题】预判日本30年来最重要的一次“春斗”结果,https://www.10100.com/article/65864964,full_mirror,clean,verified_from_configured_author_id,11,7257,,2024-03-08
huatai_macro-2024-03-08-华泰宏观-1-2月出口为何超预期,huatai_macro,华泰宏观,华泰证券宏观研究,configured_public_index,【华泰宏观】1-2月出口为何超预期？,https://www.10100.com/article/65958970,full_mirror,clean,verified_from_configured_author_id,9,4168,,2024-03-08
cicc_perspective-2024-03-08-中金宏观-出口改善多半或由基本面驱动-2024年1-2月进出口数据点评,cicc_perspective,中金点睛,中金宏观,team_channel,中金宏观 | 出口改善多半或由基本面驱动——2024年1-2月进出口数据点评,https://www.10100.com/article/148028974,full_mirror,clean,verified_from_configured_author_id,9,3676,,2024-03-08
huatai_macro-2024-03-06-华泰宏观-专题-技术贴-近期ISM和Markit制造业PMI为何背离,huatai_macro,华泰宏观,华泰证券宏观研究,configured_public_index,【华泰宏观 | 专题】技术贴：近期ISM和Markit制造业PMI为何背离？,https://www.10100.com/article/65958971,full_mirror,clean,verified_from_configured_author_id,14,6642,,2024-03-06
huatai_macro-2024-03-05-华泰宏观-出口多维度指标一览-更新至3月1日,huatai_macro,华泰宏观,华泰证券宏观研究,configured_public_index,【华泰宏观】出口多维度指标一览（更新至3月1日）,https://www.10100.com/article/65864944,full_mirror,clean,verified_from_configured_author_id,2,1409,,2024-03-05
huatai_macro-2024-03-04-华泰宏观-图解海外周报-降息预期区间波动-静待2月非农与通胀数据,huatai_macro,华泰宏观,华泰证券宏观研究,configured_public_index,【华泰宏观｜图解海外周报】降息预期区间波动，静待2月非农与通胀数据,https://www.10100.com/article/65864946,full_mirror,clean,verified_from_configured_author_id,30,3849,,2024-03-04
cicc_perspective-2024-03-04-中金宏观-降息预期-摇摆-风险变数仍存,cicc_perspective,中金点睛,中金宏观,team_channel,中金宏观 | 降息预期“摇摆”，风险变数仍存,https://www.10100.com/article/148029188,full_mirror,clean,verified_from_configured_author_id,10,5660,,2024-03-04
cicc_perspective-2024-03-04-中金宏观-春节因素加大结构分化-1-2月经济数据前瞻,cicc_perspective,中金点睛,中金宏观,team_channel,中金宏观 | 春节因素加大结构分化——1-2月经济数据前瞻,https://www.10100.com/article/148035427,full_mirror,clean,verified_from_configured_author_id,1,4254,,2024-03-04
huatai_macro-2024-03-02-华泰宏观-图说美国宏观月报第六期-美国经济仍显韧性-联储降息紧迫性下降,huatai_macro,华泰宏观,华泰证券宏观研究,configured_public_index,【华泰宏观】图说美国宏观月报第六期|美国经济仍显韧性，联储降息紧迫性下降,https://www.10100.com/article/65958859,full_mirror,clean,verified_from_configured_author_id,27,3688,,2024-03-02
huatai_macro-2024-03-02-华泰宏观-2月制造业PMI略有回落,huatai_macro,华泰宏观,华泰证券宏观研究,configured_public_index,【华泰宏观】2月制造业PMI略有回落,https://www.10100.com/article/65864829,full_mirror,clean,verified_from_configured_author_id,4,3082,,2024-03-02
cicc_perspective-2024-03-01-中金宏观-春节假期扰动生产-2月PMI点评,cicc_perspective,中金点睛,中金宏观,team_channel,中金宏观 | 春节假期扰动生产——2月PMI点评,https://www.10100.com/article/148042090,full_mirror,clean,verified_from_configured_author_id,10,3751,,2024-03-01
macrofans-2024-02-28-芦哲-经济转型中寻找需求刚性-1-从地产到先进制造投资动能转换,macrofans,宏观fans哲,宏观fans哲,author_research_stream,芦哲:经济转型中寻找需求刚性(1)-从地产到先进制造投资动能转换,https://www.163.com/dy/article/IS2M98SS0519IGF7.html,full_mirror,clean,verified_from_publisher_citation,35,11482,,2024-02-28
huatai_macro-2024-02-28-华泰宏观-出口多维度指标一览-更新至2月25日,huatai_macro,华泰宏观,华泰证券宏观研究,configured_public_index,【华泰宏观】出口多维度指标一览（更新至2月25日）,https://www.10100.com/article/65864847,full_mirror,clean,verified_from_configured_author_id,2,1412,,2024-02-28
guolei_macro-2024-02-27-广发宏观-资产表现特征及背后线索-大类资产配置月度展望,guolei_macro,郭磊宏观茶座,广发证券,institutional_archive,【广发宏观】资产表现特征及背后线索：大类资产配置月度展望,https://www.10100.com/article/77168431,full_mirror,clean,verified_from_configured_author_id_and_title_signature,29,22013,,2024-02-27
huatai_macro-2024-02-26-华泰宏观-图解海外周报-美国名义增长预期上调-降息预期推后,huatai_macro,华泰宏观,华泰证券宏观研究,configured_public_index,【华泰宏观｜图解海外周报】美国名义增长预期上调，降息预期推后,https://www.10100.com/article/65864876,full_mirror,clean,verified_from_configured_author_id,30,3841,,2024-02-26
huatai_macro-2024-02-26-华泰宏观-专题-节后复工速度如何,huatai_macro,华泰宏观,华泰证券宏观研究,configured_public_index,【华泰宏观｜专题】节后复工速度如何？,https://www.10100.com/article/65958916,full_mirror,clean,verified_from_configured_author_id,19,6334,,2024-02-26
cicc_perspective-2024-02-26-中金宏观-期货指标隐含未来PPI改善,cicc_perspective,中金点睛,中金宏观,team_channel,中金宏观 | 期货指标隐含未来PPI改善,https://www.10100.com/article/148028980,full_mirror,clean,verified_from_configured_author_id,6,5164,,2024-02-26
cicc_perspective-2024-02-26-中金-从宏观聊美股大涨后的三种可能性,cicc_perspective,中金点睛,中金宏观,team_channel,中金：从宏观聊美股大涨后的三种可能性,https://www.10100.com/article/148035438,full_mirror,clean,verified_from_configured_author_id,10,5557,,2024-02-26
guolei_macro-2024-02-21-广发宏观-如何看上海试点离岸贸易的印花税优惠政策,guolei_macro,郭磊宏观茶座,广发证券,institutional_archive,【广发宏观】如何看上海试点离岸贸易的印花税优惠政策,https://www.10100.com/article/77169150,full_mirror,clean,verified_from_configured_author_id_and_title_signature,1,3822,,2024-02-21
xuetao_macro-2024-02-20-降息的艺术-天风宏观宋雪涛,xuetao_macro,雪涛宏观笔记,雪涛宏观笔记,exact,降息的艺术(天风宏观宋雪涛),https://m.yicai.com/news/101997055.html,full_mirror,clean,verified_from_publisher_label,14,3349,,2024-02-20
xuetao_macro-2024-02-20-如果-特朗普重返白宫-会如何影响市场-天风宏观宋雪涛,xuetao_macro,雪涛宏观笔记,雪涛宏观笔记,exact,如果“特朗普重返白宫”会如何影响市场(天风宏观宋雪涛),https://www.yicai.com/news/101990817.html,full_mirror,clean,verified_from_publisher_label,8,2299,,2024-02-20
huatai_macro-2024-02-20-华泰宏观-史上-最不对称降息-有何深意,huatai_macro,华泰宏观,华泰证券宏观研究,configured_public_index,【华泰宏观】史上“最不对称降息”有何深意?,https://www.10100.com/article/65958919,full_mirror,clean,verified_from_configured_author_id,4,3590,,2024-02-20
huatai_macro-2024-02-19-华泰宏观-图解海外周报-美国-去通胀-交易有所反复,huatai_macro,华泰宏观,华泰证券宏观研究,configured_public_index,【华泰宏观｜图解海外周报】美国“去通胀”交易有所反复,https://www.10100.com/article/65864904,full_mirror,clean,verified_from_configured_author_id,22,3565,,2024-02-19
cicc_perspective-2024-02-18-假期消费景气-但内生修复或待提振,cicc_perspective,中金点睛,中金宏观,team_channel,假期消费景气，但内生修复或待提振,https://www.10100.com/article/148029348,full_mirror,clean,verified_from_configured_author_id,9,4221,,2024-02-18
huatai_macro-2024-02-17-华泰宏观-图说全球PMI第七期-1月全球制造业PMI回升至荣枯线,huatai_macro,华泰宏观,华泰证券宏观研究,configured_public_index,【华泰宏观】图说全球PMI第七期 | 1月全球制造业PMI回升至荣枯线,https://www.10100.com/article/65864929,full_mirror,clean,verified_from_configured_author_id,29,3556,,2024-02-17
cicc_perspective-2024-02-17-中金宏观-春节期间海外宏观的五大变化,cicc_perspective,中金点睛,中金宏观,team_channel,中金宏观 | 春节期间海外宏观的五大变化,https://www.10100.com/article/148042089,full_mirror,clean,verified_from_configured_author_id,9,5488,,2024-02-17
huatai_macro-2024-02-16-华泰宏观-日本4季度GDP为何意外收缩,huatai_macro,华泰宏观,华泰证券宏观研究,configured_public_index,【华泰宏观】日本4季度GDP为何意外收缩？,https://www.10100.com/article/65958891,full_mirror,clean,verified_from_configured_author_id,7,3275,,2024-02-16
cicc_perspective-2024-02-14-中金宏观-美国降息预期再遭通胀打击,cicc_perspective,中金点睛,中金宏观,team_channel,中金宏观 | 美国降息预期再遭通胀打击,https://www.10100.com/article/148029198,full_mirror,clean,verified_from_configured_author_id,3,3385,,2024-02-14
cicc_perspective-2024-02-09-中金宏观-春节错位叠加需求偏弱致CPI放缓-2024年1月物价数据点评,cicc_perspective,中金点睛,中金宏观,team_channel,中金宏观 | 春节错位叠加需求偏弱致CPI放缓 ——2024年1月物价数据点评,https://www.10100.com/article/148028815,full_mirror,clean,verified_from_configured_author_id,12,3926,,2024-02-09
cicc_perspective-2024-02-09-中金宏观-强调逆周期-兼顾跨周期-2023年4季度货币政策执行报告简评,cicc_perspective,中金点睛,中金宏观,team_channel,中金宏观 | 强调逆周期，兼顾跨周期 | 2023年4季度货币政策执行报告简评,https://www.10100.com/article/148035435,full_mirror,clean,verified_from_configured_author_id,2,3570,,2024-02-09
xuetao_macro-2024-02-08-2024年美债展望-不同时间尺度的矛盾-天风宏观向静姝,xuetao_macro,雪涛宏观笔记,雪涛宏观笔记,exact,2024年美债展望:不同时间尺度的矛盾(天风宏观向静姝),https://www.gelonghui.com/p/693016,full_mirror,clean,verified_from_publisher_label,6,2046,,2024-02-08
huatai_macro-2024-02-06-华泰宏观-出口多维度指标一览-更新至2月3日,huatai_macro,华泰宏观,华泰证券宏观研究,configured_public_index,【华泰宏观】出口多维度指标一览（更新至2月3日）,https://www.10100.com/article/65864932,full_mirror,clean,verified_from_configured_author_id,2,1409,,2024-02-06
guolei_macro-2024-02-05-广发宏观-美联储弱化3月降息预期,guolei_macro,郭磊宏观茶座,广发证券,institutional_archive,【广发宏观】美联储弱化3月降息预期,https://www.10100.com/article/77168430,full_mirror,clean,verified_from_configured_author_id_and_title_signature,0,4956,,2024-02-05
guolei_macro-2024-02-05-广发宏观-2024年1月中观景气度观察,guolei_macro,郭磊宏观茶座,广发证券,institutional_archive,【广发宏观】2024年1月中观景气度观察,https://www.10100.com/article/76701349,full_mirror,clean,verified_from_configured_author_id_and_title_signature,3,5703,,2024-02-05
huatai_macro-2024-02-03-华泰宏观-1月新增非农就业再度大超预期,huatai_macro,华泰宏观,华泰证券宏观研究,configured_public_index,【华泰宏观】1月新增非农就业再度大超预期,https://www.10100.com/article/65864917,full_mirror,clean,verified_from_configured_author_id,9,3140,,2024-02-03
huatai_macro-2024-02-02-华泰宏观-12月财政边际宽松-全年广义支出增长有所放缓,huatai_macro,华泰宏观,华泰证券宏观研究,configured_public_index,【华泰宏观】12月财政边际宽松，全年广义支出增长有所放缓,https://www.10100.com/article/65864809,full_mirror,clean,verified_from_configured_author_id,5,3635,,2024-02-02
zhongzhengsheng-2024-02-01-美联储2024年1月议息会议解读-定力博弈,zhongzhengsheng,钟正生经济分析,钟正生经济分析,exact,美联储2024年1月议息会议解读:定力博弈,https://m.yicai.com/news/101979577.html,full_mirror,clean,verified_from_publisher_label,9,4038,,2024-02-01
sws_macro-2024-02-01-申万宏源宏观-不宜高估今年美联储降息幅度-空间可能远低于市场预期,sws_macro,申万宏源宏观,申万宏源宏观,team_research_stream,申万宏源宏观：不宜高估今年美联储降息幅度，空间可能远低于市场预期,https://www.sohu.com/a/755641090_114984,derived_text,clean,verified_from_publisher_or_team_citation,0,3303,,2024-02-01
huatai_macro-2024-02-01-华泰宏观-联储1月会议表态偏鹰,huatai_macro,华泰宏观,华泰证券宏观研究,configured_public_index,【华泰宏观】联储1月会议表态偏鹰,https://www.10100.com/article/65958851,full_mirror,clean,verified_from_configured_author_id,3,5533,,2024-02-01
huatai_macro-2024-02-01-华泰宏观-图解海外月报-海外经济体开年增长预期有所上调,huatai_macro,华泰宏观,华泰证券宏观研究,configured_public_index,【华泰宏观 | 图解海外月报】海外经济体开年增长预期有所上调,https://www.10100.com/article/65864810,full_mirror,clean,verified_from_configured_author_id,26,3761,,2024-02-01
cicc_perspective-2024-02-01-中金-美联储不急于在三月降息,cicc_perspective,中金点睛,中金宏观,team_channel,中金：美联储不急于在三月降息,https://www.10100.com/article/148029373,full_mirror,clean,verified_from_configured_author_id,5,3240,,2024-02-01
huatai_macro-2024-01-31-华泰宏观-FOMC前瞻-或将删除高利率-for-longer-指引,huatai_macro,华泰宏观,华泰证券宏观研究,configured_public_index,【华泰宏观】FOMC前瞻：或将删除高利率“for longer”指引,https://www.10100.com/article/65958852,full_mirror,clean,verified_from_configured_author_id,3,3042,,2024-01-31
guolei_macro-2024-01-31-广发宏观-高分红策略的宏观逻辑与择时体系,guolei_macro,郭磊宏观茶座,广发证券,institutional_archive,【广发宏观】高分红策略的宏观逻辑与择时体系,https://www.10100.com/article/77168432,full_mirror,clean,verified_from_configured_author_id_and_title_signature,47,22675,,2024-01-31
cicc_perspective-2024-01-31-中金宏观-需求收缩边际缓解-1月PMI点评,cicc_perspective,中金点睛,中金宏观,team_channel,中金宏观 | 需求收缩边际缓解——1月PMI点评,https://www.10100.com/article/148042042,full_mirror,clean,verified_from_configured_author_id,8,3762,,2024-01-31
cicc_perspective-2024-01-31-中金宏观-增速目标稳健-部署重点领域-2024年地方两会总结,cicc_perspective,中金点睛,中金宏观,team_channel,中金宏观 | 增速目标稳健，部署重点领域——2024年地方两会总结,https://www.10100.com/article/148028818,full_mirror,clean,verified_from_configured_author_id,5,3455,,2024-01-31
huatai_macro-2024-01-30-华泰宏观-地产景气度面面观-更新至1月27日,huatai_macro,华泰宏观,华泰证券宏观研究,configured_public_index,【华泰宏观】地产景气度面面观（更新至1月27日）,https://www.10100.com/article/65864853,full_mirror,clean,verified_from_configured_author_id,2,1292,,2024-01-30
huatai_macro-2024-01-30-华泰宏观-出口多维监测指标一览-更新至1月28日,huatai_macro,华泰宏观,华泰证券宏观研究,configured_public_index,【华泰宏观】出口多维监测指标一览（更新至1月28日）,https://www.10100.com/article/65958910,full_mirror,clean,verified_from_configured_author_id,2,1416,,2024-01-30
yiyuzhongde-2024-01-29-张瑜-美元指数影响进一步下降-2024年CFETS新权重简评-海外周报第37期,yiyuzhongde,一瑜中的,一瑜中的,exact,张瑜:美元指数影响进一步下降——2024年CFETS新权重简评&海外周报第37期,https://news.qq.com/rain/a/20240129A03HTL00,abstract_only,flagged,verified_from_publisher_label,0,1134,mirror_is_abstract,2024-01-29
xuetao_macro-2024-01-29-2024年美股展望-不再是-少数股的牛市-天风宏观向静姝,xuetao_macro,雪涛宏观笔记,雪涛宏观笔记,exact,2024年美股展望:不再是“少数股的牛市”(天风宏观向静姝),https://finance.sina.com.cn/money/future/wemedia/2024-01-29/doc-inafezef7763095.shtml,full_mirror,clean,verified_from_publisher_label,18,1915,,2024-01-29
huatai_macro-2024-01-29-华泰宏观-图解海外周报-美国增长超预期但通胀延续回落趋势,huatai_macro,华泰宏观,华泰证券宏观研究,configured_public_index,【华泰宏观｜图解海外周报】美国增长超预期但通胀延续回落趋势,https://www.10100.com/article/65864854,full_mirror,clean,verified_from_configured_author_id,30,3844,,2024-01-29
huatai_macro-2024-01-28-华泰宏观-年末效应提振工业企业利润增速-2023年及12月规模以上工业企业利润数据点评,huatai_macro,华泰宏观,华泰证券宏观研究,configured_public_index,【华泰宏观】年末效应提振工业企业利润增速——2023年及12月规模以上工业企业利润数据点评,https://www.10100.com/article/65958892,full_mirror,clean,verified_from_configured_author_id,11,4077,,2024-01-28
cicc_perspective-2024-01-28-中金宏观-需求偏弱-以价换量-2023年1-12月工业企业利润点评,cicc_perspective,中金点睛,中金宏观,team_channel,中金宏观 | 需求偏弱，以价换量 --- 2023年1-12月工业企业利润点评,https://www.10100.com/article/148035458,full_mirror,clean,verified_from_configured_author_id,41,8559,,2024-01-28
yiyuzhongde-2024-01-26-张瑜-地方两会的7大要点,yiyuzhongde,一瑜中的,一瑜中的,exact,张瑜:地方两会的7大要点,https://m.cls.cn/detail/1581002,full_mirror,clean,verified_from_publisher_label,20,7366,,2024-01-26
cicc_perspective-2024-01-26-中金-美国经济为何没有衰退,cicc_perspective,中金点睛,中金宏观,team_channel,中金：美国经济为何没有衰退？,https://www.10100.com/article/148029379,full_mirror,clean,verified_from_configured_author_id,7,3632,,2024-01-26
guolei_macro-2024-01-25-广发宏观-1月经济初窥,guolei_macro,郭磊宏观茶座,广发证券,institutional_archive,【广发宏观】1月经济初窥,https://www.10100.com/article/77168579,full_mirror,clean,verified_from_configured_author_id_and_title_signature,5,6709,,2024-01-25
cicc_perspective-2024-01-25-中金-停止缩表-从金融裂缝到财政驱动,cicc_perspective,中金点睛,中金宏观,team_channel,中金：停止缩表？从金融裂缝到财政驱动,https://www.10100.com/article/148042047,full_mirror,clean,verified_from_configured_author_id,11,7343,,2024-01-25
sws_macro-2024-01-24-申万宏源-超预期降准的两层内涵,sws_macro,申万宏源宏观,申万宏源宏观,team_research_stream,申万宏源：超预期降准的两层内涵,https://www.cls.cn/detail/1579430,full_mirror,clean,verified_from_publisher_or_team_citation,9,2250,,2024-01-24
huatai_macro-2024-01-23-华泰宏观-出口多维度指标一览-更新至1月20日,huatai_macro,华泰宏观,华泰证券宏观研究,configured_public_index,【华泰宏观】出口多维度指标一览（更新至1月20日）,https://www.10100.com/article/65864961,full_mirror,clean,verified_from_configured_author_id,2,1413,,2024-01-23
huatai_macro-2024-01-22-华泰宏观-图解海外周报-美国零售数据超预期-降息预期回落,huatai_macro,华泰宏观,华泰证券宏观研究,configured_public_index,【华泰宏观｜图解海外周报】美国零售数据超预期，降息预期回落,https://www.10100.com/article/65864938,full_mirror,clean,verified_from_configured_author_id,30,3809,,2024-01-22
huatai_macro-2024-01-22-华泰宏观-专题-由广州房票看本轮城中村改造的特点,huatai_macro,华泰宏观,华泰证券宏观研究,configured_public_index,【华泰宏观 | 专题】由广州房票看本轮城中村改造的特点,https://www.10100.com/article/65958967,full_mirror,clean,verified_from_configured_author_id,12,7782,,2024-01-22
cicc_perspective-2024-01-22-中金-消费强劲增添联储降息不确定性,cicc_perspective,中金点睛,中金宏观,team_channel,中金：消费强劲增添联储降息不确定性,https://www.10100.com/article/148035455,full_mirror,clean,verified_from_configured_author_id,8,4012,,2024-01-22
huatai_macro-2024-01-18-华泰宏观-GDP全年增长5-2-12月基建提速-2023年GDP及12月经济数据点评,huatai_macro,华泰宏观,华泰证券宏观研究,configured_public_index,"【华泰宏观】GDP全年增长5.2%,12月基建提速——2023年GDP及12月经济数据点评",https://www.10100.com/article/65958918,full_mirror,clean,verified_from_configured_author_id,8,5433,,2024-01-18
xuetao_macro-2024-01-17-降-还是不降-天风宏观宋雪涛,xuetao_macro,雪涛宏观笔记,雪涛宏观笔记,exact,"降,还是不降(天风宏观宋雪涛)",https://m.jrj.com.cn/madapter/fund/2024/06/20090641105739.shtml,full_mirror,clean,verified_from_publisher_label,3,3409,,2024-01-17
cicc_perspective-2024-01-17-中金宏观-基建提速-但总体偏弱-2023年12月经济数据点评,cicc_perspective,中金点睛,中金宏观,team_channel,中金宏观 | 基建提速，但总体偏弱——2023年12月经济数据点评,https://www.10100.com/article/148028981,full_mirror,clean,verified_from_configured_author_id,2,3989,,2024-01-17
huatai_macro-2024-01-16-华泰宏观-出口多维度指标一览-更新至1月13日,huatai_macro,华泰宏观,华泰证券宏观研究,configured_public_index,【华泰宏观】出口多维度指标一览（更新至1月13日）,https://www.10100.com/article/65864962,full_mirror,clean,verified_from_configured_author_id,2,1413,,2024-01-16
cicc_perspective-2024-01-16-中金-从四维指数看行业景气度,cicc_perspective,中金点睛,中金宏观,team_channel,中金：从四维指数看行业景气度,https://www.10100.com/article/148035432,full_mirror,clean,verified_from_configured_author_id,12,5374,,2024-01-16
huatai_macro-2024-01-15-华泰宏观-专题-如何用CPI推算美联储更为关注的PCE通胀,huatai_macro,华泰宏观,华泰证券宏观研究,configured_public_index,【华泰宏观｜专题】如何用CPI推算美联储更为关注的PCE通胀？,https://www.10100.com/article/65958920,full_mirror,clean,verified_from_configured_author_id,12,7219,,2024-01-15
cicc_perspective-2024-01-15-中金-美联储会放缓缩表吗,cicc_perspective,中金点睛,中金宏观,team_channel,中金：美联储会放缓缩表吗？,https://www.10100.com/article/148029197,full_mirror,clean,verified_from_configured_author_id,9,5246,,2024-01-15
huatai_macro-2024-01-13-华泰宏观-PSL助力稳社融-但私有部门融资需求仍待修复-12月金融数据点评,huatai_macro,华泰宏观,华泰证券宏观研究,configured_public_index,【华泰宏观】PSL助力稳社融，但私有部门融资需求仍待修复——12月金融数据点评,https://www.10100.com/article/65958941,full_mirror,clean,verified_from_configured_author_id,4,3025,,2024-01-13
cicc_perspective-2024-01-13-中金宏观-多因素影响物价-关键是需求偏弱-2023年12月物价数据点评,cicc_perspective,中金点睛,中金宏观,team_channel,中金宏观 | 多因素影响物价，关键是需求偏弱——2023年12月物价数据点评,https://www.10100.com/article/148028811,full_mirror,clean,verified_from_configured_author_id,13,4318,,2024-01-13
huatai_macro-2024-01-12-华泰宏观-CPI超预期-但核心PCE或将继续下行,huatai_macro,华泰宏观,华泰证券宏观研究,configured_public_index,【华泰宏观】CPI超预期，但核心PCE或将继续下行,https://www.10100.com/article/65864925,full_mirror,clean,verified_from_configured_author_id,7,3089,,2024-01-12
cicc_perspective-2024-01-12-中金宏观-出口温和恢复-结构亮点持续-2023年12月进出口数据点评,cicc_perspective,中金点睛,中金宏观,team_channel,中金宏观 | 出口温和恢复，结构亮点持续——2023年12月进出口数据点评,https://www.10100.com/article/148035433,full_mirror,clean,verified_from_configured_author_id,11,3967,,2024-01-12
huatai_macro-2024-01-11-华泰宏观-图说全球PMI第六期-全球制造业PMI偏弱-价格暂时回升,huatai_macro,华泰宏观,华泰证券宏观研究,configured_public_index,【华泰宏观】图说全球PMI第六期 | 全球制造业PMI偏弱，价格暂时回升,https://www.10100.com/article/65958888,full_mirror,clean,verified_from_configured_author_id,29,3501,,2024-01-11
guolei_macro-2024-01-09-广发宏观-高频数据下的12月经济,guolei_macro,郭磊宏观茶座,广发证券,institutional_archive,【广发宏观】高频数据下的12月经济,https://www.10100.com/article/76491792,full_mirror,clean,verified_from_configured_author_id_and_title_signature,8,8685,,2024-01-09
huatai_macro-2024-01-08-华泰宏观-深度-日本2024-宏观趋势与行业亮点,huatai_macro,华泰宏观,华泰证券宏观研究,team_channel,【华泰宏观 | 深度】日本2024:宏观趋势与行业亮点,http://m.microbell.com/wap_detail.aspx?id=0ed3bc277abcc17921a62064110cfea6,abstract_only,flagged,verified_from_publisher_label,0,1141,mirror_is_abstract,2024-01-08
huatai_macro-2024-01-08-华泰宏观-图解国内周报-PSL正式重启-广州发放首批房票,huatai_macro,华泰宏观,华泰证券宏观研究,configured_public_index,【华泰宏观 | 图解国内周报】PSL正式重启，广州发放首批房票,https://www.10100.com/article/65958889,full_mirror,clean,verified_from_configured_author_id,44,9479,,2024-01-08
guolei_macro-2024-01-08-广发宏观-前瞻2024-进一步正常化,guolei_macro,郭磊宏观茶座,广发证券,institutional_archive,【广发宏观】前瞻2024：进一步正常化,https://www.10100.com/article/76490697,full_mirror,clean,verified_from_configured_author_id_and_title_signature,7,14824,,2024-01-08
cicc_perspective-2024-01-07-外生因素扰动经济活动-需求偏弱影响信贷增速-2023年12月经济数据前瞻,cicc_perspective,中金点睛,中金宏观,team_channel,外生因素扰动经济活动，需求偏弱影响信贷增速——2023年12月经济数据前瞻,https://www.10100.com/article/148042087,full_mirror,clean,verified_from_configured_author_id,1,4271,,2024-01-07
xuetao_macro-2024-01-04-无力的脱钩-天风宏观宋雪涛,xuetao_macro,雪涛宏观笔记,雪涛宏观笔记,exact,无力的脱钩(天风宏观宋雪涛),https://m.yicai.com/news/101939150.html,full_mirror,clean,verified_from_publisher_label,19,3689,,2024-01-04
guolei_macro-2024-01-04-广发宏观陈嘉荔-12月美联储会议纪要的关键信息,guolei_macro,郭磊宏观茶座,郭磊宏观茶座,exact,【广发宏观陈嘉荔】12月美联储会议纪要的关键信息,https://m.jrj.com.cn/madapter/stock/2024/01/04105538973397.shtml,full_mirror,clean,verified_from_publisher_label,0,5378,,2024-01-04
huatai_macro-2024-01-03-华泰宏观-PSL正式重出江湖,huatai_macro,华泰宏观,华泰证券宏观研究,configured_public_index,【华泰宏观】PSL正式重出江湖,https://www.10100.com/article/65864906,full_mirror,clean,verified_from_configured_author_id,5,3453,,2024-01-03
cicc_perspective-2024-01-03-中金-提前降息-低利率时代的确认终结,cicc_perspective,中金点睛,中金宏观,team_channel,中金：提前降息，低利率时代的确认终结,https://www.10100.com/article/148028807,full_mirror,clean,verified_from_configured_author_id,15,7434,,2024-01-03
huatai_macro-2024-01-02-华泰宏观-专题-红海风波是否会持续扰动全球航运的价与量,huatai_macro,华泰宏观,华泰证券宏观研究,configured_public_index,【华泰宏观 | 专题】红海风波是否会持续扰动全球航运的价与量？,https://www.10100.com/article/65958931,full_mirror,clean,verified_from_configured_author_id,14,6432,,2024-01-02
huatai_macro-2024-01-01-华泰宏观-简评12月PMI数据,huatai_macro,华泰宏观,华泰证券宏观研究,configured_public_index,【华泰宏观】简评12月PMI数据,https://www.10100.com/article/65958877,full_mirror,clean,verified_from_configured_author_id,4,2747,,2024-01-01
huatai_macro-2024-01-01-华泰宏观-12月经济和金融数据预览,huatai_macro,华泰宏观,华泰证券宏观研究,configured_public_index,【华泰宏观】12月经济和金融数据预览,https://www.10100.com/article/65864909,full_mirror,clean,verified_from_configured_author_id,2,3306,,2024-01-01
cicc_perspective-2024-01-01-中金宏观-需求缺口有所扩大-12月PMI点评,cicc_perspective,中金点睛,中金宏观,team_channel,中金宏观 | 需求缺口有所扩大——12月PMI点评,https://www.10100.com/article/148035424,full_mirror,clean,verified_from_configured_author_id,10,5310,,2024-01-01
huatai_macro-2023-12-31-华泰宏观-图说美国宏观月报第四期-通胀超预期回落-联储释放降息信号,huatai_macro,华泰宏观,华泰证券宏观研究,configured_public_index,【华泰宏观】图说美国宏观月报第四期 | 通胀超预期回落，联储释放降息信号,https://www.10100.com/article/65958886,full_mirror,clean,verified_from_configured_author_id,29,3821,,2023-12-31
huatai_macro-2023-12-26-华泰宏观-出口多维度指标一览-更新至12月24日,huatai_macro,华泰宏观,华泰证券宏观研究,configured_public_index,【华泰宏观】出口多维度指标一览（更新至12月24日）,https://www.10100.com/article/65864916,full_mirror,clean,verified_from_configured_author_id,2,1415,,2023-12-26
huatai_macro-2023-12-25-华泰宏观-化债观察双周报-融资成本下降-基建投资放缓,huatai_macro,华泰宏观,华泰证券宏观研究,configured_public_index,【华泰宏观】化债观察双周报：融资成本下降，基建投资放缓,https://www.10100.com/article/65958887,full_mirror,clean,verified_from_configured_author_id,28,8226,,2023-12-25
cicc_perspective-2023-12-25-中金-美国房地产销售或将回暖,cicc_perspective,中金点睛,中金宏观,team_channel,中金：美国房地产销售或将回暖,https://www.10100.com/article/148042088,full_mirror,clean,verified_from_configured_author_id,14,4643,,2023-12-25
cicc_perspective-2023-12-25-中金-从产能变化看供需缺口,cicc_perspective,中金点睛,中金宏观,team_channel,中金：从产能变化看供需缺口,https://www.10100.com/article/148029340,full_mirror,clean,verified_from_configured_author_id,9,4651,,2023-12-25
xuetao_macro-2023-12-24-2024年制造业投资展望-天风宏观宋雪涛,xuetao_macro,雪涛宏观笔记,雪涛宏观笔记,exact,2024年制造业投资展望(天风宏观宋雪涛),https://wap.stockstar.com/detail/SS2023122800021229,full_mirror,clean,verified_from_publisher_label,1,4660,,2023-12-24
huatai_macro-2023-12-23-华泰宏观-PCE通胀走低继续强化降息预期,huatai_macro,华泰宏观,华泰证券宏观研究,configured_public_index,【华泰宏观】PCE通胀走低继续强化降息预期,https://www.10100.com/article/65958936,full_mirror,clean,verified_from_configured_author_id,9,3048,,2023-12-23
cicc_perspective-2023-12-21-中金-降息交易-千篇一律-降息后的交易逻辑各异,cicc_perspective,中金点睛,中金宏观,team_channel,中金：“降息交易”千篇一律，降息后的交易逻辑各异,https://www.10100.com/article/148028810,full_mirror,clean,verified_from_configured_author_id,11,6827,,2023-12-21
huatai_macro-2023-12-19-华泰宏观-地产景气度面面观-更新至12月16日,huatai_macro,华泰宏观,华泰证券宏观研究,configured_public_index,【华泰宏观】地产景气度面面观（更新至12月16日）,https://www.10100.com/article/65864894,full_mirror,clean,verified_from_configured_author_id,2,1299,,2023-12-19
huatai_macro-2023-12-19-华泰宏观-出口多维度指标一览-更新至12月16日,huatai_macro,华泰宏观,华泰证券宏观研究,configured_public_index,【华泰宏观】出口多维度指标一览（更新至12月16日）,https://www.10100.com/article/65958938,full_mirror,clean,verified_from_configured_author_id,2,1416,,2023-12-19
cicc_perspective-2023-12-19-中金-2024年破立之间-海外市场的共识与变数,cicc_perspective,中金点睛,中金宏观,team_channel,中金 | 2024年破立之间：海外市场的共识与变数,https://www.10100.com/article/148029380,full_mirror,clean,verified_from_configured_author_id,49,16747,,2023-12-19
huatai_macro-2023-12-18-华泰宏观-图解海外周报-联储释放转向信号-股债价格齐升,huatai_macro,华泰宏观,华泰证券宏观研究,configured_public_index,【华泰宏观｜图解海外周报】联储释放转向信号，股债价格齐升,https://www.10100.com/article/65864914,full_mirror,clean,verified_from_configured_author_id,30,3842,,2023-12-18
xuetao_macro-2023-12-17-汽车消费为何是独特的存在-天风宏观宋雪涛,xuetao_macro,雪涛宏观笔记,雪涛宏观笔记,exact,汽车消费为何是独特的存在?(天风宏观宋雪涛),https://finance.sina.cn/hkstock/ggyw/2023-12-17/detail-imzyhwfa5174899.d.html?oid=3817881986611306&vt=4&cid=76526&node_id=76526&cref=cj,full_mirror,clean,verified_from_publisher_label,25,2508,,2023-12-17
huatai_macro-2023-12-16-华泰宏观-低基数推高各项经济活动指标-11月经济活动数据点评,huatai_macro,华泰宏观,华泰证券宏观研究,configured_public_index,【华泰宏观】低基数推高各项经济活动指标——11月经济活动数据点评,https://www.10100.com/article/65958972,full_mirror,clean,verified_from_configured_author_id,7,4191,,2023-12-16
huatai_macro-2023-12-15-华泰宏观-美国11月核心零售增速高于预期,huatai_macro,华泰宏观,华泰证券宏观研究,configured_public_index,【华泰宏观】美国11月核心零售增速高于预期,https://www.10100.com/article/65958973,full_mirror,clean,verified_from_configured_author_id,4,2599,,2023-12-15
cicc_perspective-2023-12-15-基数推动同比改善-需求弱于供给-11月经济数据点评,cicc_perspective,中金点睛,中金宏观,team_channel,基数推动同比改善，需求弱于供给——11月经济数据点评,https://www.10100.com/article/148042049,full_mirror,clean,verified_from_configured_author_id,1,3714,,2023-12-15
lichao_macro-2023-12-14-浙商宏观-李超-11月金融数据-M1增速继续下行,lichao_macro,李超宏观研究与资产配置,李超宏观研究与资产配置,exact,【浙商宏观||李超】11月金融数据:M1增速继续下行,http://stock.finance.sina.com.cn/stock/go.php/vReport_Show/kind/lastest/rptid/755865339642/index.phtml,abstract_only,flagged,verified_from_publisher_label,0,2537,mirror_is_abstract,2023-12-14
huatai_macro-2023-12-14-华泰宏观-全球PMI小幅回升但整体仍然偏弱,huatai_macro,华泰宏观,华泰证券宏观研究,configured_public_index,【华泰宏观】全球PMI小幅回升但整体仍然偏弱,https://www.10100.com/article/65864954,full_mirror,clean,verified_from_configured_author_id,29,3432,,2023-12-14
guolei_macro-2023-12-14-广发宏观-美联储或在明年上半年启动降息,guolei_macro,郭磊宏观茶座,郭磊宏观茶座,exact,【广发宏观】美联储或在明年上半年启动降息,https://www.sohu.com/a/743955806_114984,full_mirror,clean,verified_from_publisher_label,0,5052,,2023-12-14
lichao_macro-2023-12-13-浙商宏观-李超-以进促稳-先立后破,lichao_macro,李超宏观研究与资产配置,李超宏观研究与资产配置,exact,"【浙商宏观||李超】以进促稳,先立后破",https://www.offcn.com/mianshi/2024/0423/84472.html,full_mirror,clean,verified_from_publisher_label,5,4580,,2023-12-13
huatai_macro-2023-12-13-华泰宏观-地产景气度面面观-更新至12月9日,huatai_macro,华泰宏观,华泰证券宏观研究,configured_public_index,【华泰宏观】地产景气度面面观（更新至12月9日）,https://www.10100.com/article/65864976,full_mirror,clean,verified_from_configured_author_id,2,1295,,2023-12-13
huatai_macro-2023-12-13-华泰宏观-出口多维度指标一览-更新至12月10日,huatai_macro,华泰宏观,华泰证券宏观研究,configured_public_index,【华泰宏观】出口多维度指标一览（更新至12月10日）,https://www.10100.com/article/65958924,full_mirror,clean,verified_from_configured_author_id,2,1416,,2023-12-13
yiyuzhongde-2023-12-12-张瑜-挣脱-2024年展望-干货版,yiyuzhongde,一瑜中的,一瑜中的,exact,张瑜:挣脱——2024年展望(干货版),https://news.qq.com/rain/a/20231212A062GO00,full_mirror,clean,verified_from_publisher_label,55,25120,,2023-12-12
guolei_macro-2023-12-12-广发宏观郭磊-中央经济工作会议要点解读,guolei_macro,郭磊宏观茶座,郭磊宏观茶座,exact,【广发宏观郭磊】中央经济工作会议要点解读,https://www.10100.com/article/52622015,full_mirror,clean,verified_from_publisher_label,12,2314,,2023-12-12
huatai_macro-2023-12-11-华泰宏观-图解海外周报-非农数据偏强-议息前美债利率回升,huatai_macro,华泰宏观,华泰证券宏观研究,configured_public_index,【华泰宏观｜图解海外周报】非农数据偏强，议息前美债利率回升,https://www.10100.com/article/65864980,full_mirror,clean,verified_from_configured_author_id,30,3770,,2023-12-11
xuetao_macro-2023-12-08-出口-转正-之后-天风宏观宋雪涛,xuetao_macro,雪涛宏观笔记,雪涛宏观笔记,exact,出口“转正”之后(天风宏观宋雪涛),https://finance.sina.com.cn/money/bond/research/2023-12-08/doc-imzxiazs0420409.shtml,full_mirror,clean,verified_from_publisher_label,22,1761,,2023-12-08
guolei_macro-2023-12-08-广发宏观郭磊-以进促稳-先立后破,guolei_macro,郭磊宏观茶座,郭磊宏观茶座,exact,【广发宏观郭磊】以进促稳、先立后破,http://finance.sina.com.cn/stock/roll/2023-12-08/doc-imzxiiir7113889.shtml,derived_text,clean,verified_from_publisher_label,0,2261,,2023-12-08
huatai_macro-2023-12-07-华泰宏观-地产景气度面面观-更新至12月2日,huatai_macro,华泰宏观,华泰证券宏观研究,configured_public_index,【华泰宏观】地产景气度面面观（更新至12月2日）,https://www.10100.com/article/65864950,full_mirror,clean,verified_from_configured_author_id,2,1295,,2023-12-07
huatai_macro-2023-12-07-华泰宏观-出口多维度指标一览-更新至12月1日,huatai_macro,华泰宏观,华泰证券宏观研究,configured_public_index,【华泰宏观】出口多维度指标一览（更新至12月1日）,https://www.10100.com/article/65958950,full_mirror,clean,verified_from_configured_author_id,2,1413,,2023-12-07
guolei_macro-2023-12-07-广发宏观丨高频数据下的11月经济,guolei_macro,郭磊宏观茶座,广发证券,institutional_archive,广发宏观丨高频数据下的11月经济,https://www.10100.com/article/77168653,full_mirror,clean,verified_from_configured_author_id_and_title_signature,8,8808,,2023-12-07
cicc_perspective-2023-12-07-中金宏观-基数之外-基本面边际助力出口-2023年11月进出口数据点评,cicc_perspective,中金点睛,中金宏观,team_channel,中金宏观 | 基数之外，基本面边际助力出口 ——2023年11月进出口数据点评,https://www.10100.com/article/148035473,full_mirror,clean,verified_from_configured_author_id,11,3929,,2023-12-07
cicc_perspective-2023-12-05-低基数提振同比增速-11月经济数据前瞻,cicc_perspective,中金点睛,中金宏观,team_channel,低基数提振同比增速 ——11月经济数据前瞻,https://www.10100.com/article/148029239,full_mirror,clean,verified_from_configured_author_id,1,4171,,2023-12-05
huatai_macro-2023-12-04-华泰宏观-图解海外周报-联储官员放鸽-降息预期升温,huatai_macro,华泰宏观,华泰证券宏观研究,configured_public_index,【华泰宏观｜图解海外周报】联储官员放鸽，降息预期升温,https://www.10100.com/article/65864988,full_mirror,clean,verified_from_configured_author_id,30,3877,,2023-12-04
huatai_macro-2023-12-02-华泰宏观-图解国内月报-财政扩张加码对冲地产下行压力,huatai_macro,华泰宏观,华泰证券宏观研究,configured_public_index,【华泰宏观 | 图解国内月报】财政扩张加码对冲地产下行压力,https://www.10100.com/article/65958926,full_mirror,clean,verified_from_configured_author_id,32,3991,,2023-12-02
huatai_macro-2023-12-02-华泰宏观-10月美国核心PCE通胀符合预期,huatai_macro,华泰宏观,华泰证券宏观研究,configured_public_index,【华泰宏观】10月美国核心PCE通胀符合预期,https://www.10100.com/article/65864972,full_mirror,clean,verified_from_configured_author_id,7,2948,,2023-12-02
huatai_macro-2023-12-01-华泰宏观-图说美国宏观月报第三期-增长放缓-市场预期降息时点提前,huatai_macro,华泰宏观,华泰证券宏观研究,configured_public_index,【华泰宏观】图说美国宏观月报第三期 | 增长放缓，市场预期降息时点提前,https://www.10100.com/article/65958928,full_mirror,clean,verified_from_configured_author_id,15,3379,,2023-12-01
huatai_macro-2023-12-01-华泰宏观-PMI边际回落-建筑业活动走强-11月PMI数据点评,huatai_macro,华泰宏观,华泰证券宏观研究,configured_public_index,【华泰宏观】PMI边际回落、建筑业活动走强——11月PMI数据点评,https://www.10100.com/article/65864973,full_mirror,clean,verified_from_configured_author_id,4,2618,,2023-12-01
cicc_perspective-2023-12-01-中金宏观-长期增长的短期含义,cicc_perspective,中金点睛,中金宏观,team_channel,中金宏观 | 长期增长的短期含义,https://finance.sina.com.cn/stock/stockzmt/2023-12-05/doc-imzwxkmf1709354.shtml,full_mirror,clean,verified_from_publisher_label,14,2637,,2023-12-01
cicc_perspective-2023-11-30-中金宏观-PMI改善还待政策落实-11月PMI点评,cicc_perspective,中金点睛,中金宏观,team_channel,中金宏观 | PMI改善还待政策落实——11月PMI点评,https://www.10100.com/article/148029001,full_mirror,clean,verified_from_configured_author_id,12,4399,,2023-11-30
huatai_macro-2023-11-28-华泰宏观-地产景气度面面观-更新至11月25日,huatai_macro,华泰宏观,华泰证券宏观研究,configured_public_index,【华泰宏观】地产景气度面面观（更新至11月25日）,https://www.10100.com/article/65864975,full_mirror,clean,verified_from_configured_author_id,2,1296,,2023-11-28
huatai_macro-2023-11-28-华泰宏观-出口多维监测指标一览-更新至11月27日,huatai_macro,华泰宏观,华泰证券宏观研究,configured_public_index,【华泰宏观】出口多维监测指标一览（更新至11月27日）,https://www.10100.com/article/65958977,full_mirror,clean,verified_from_configured_author_id,2,1419,,2023-11-28
cicc_perspective-2023-11-28-PPI动态效应短期拖累利润-1-10月工业企业利润点评,cicc_perspective,中金点睛,中金宏观,team_channel,PPI动态效应短期拖累利润 --- 1-10月工业企业利润点评,https://www.10100.com/article/148042053,full_mirror,clean,verified_from_configured_author_id,8,4524,,2023-11-28
huatai_macro-2023-11-27-华泰宏观-图解海外周报-美国消费有所减速-联储纪要偏鹰,huatai_macro,华泰宏观,华泰证券宏观研究,configured_public_index,【华泰宏观｜图解海外周报】美国消费有所减速，联储纪要偏鹰,https://www.10100.com/article/65864999,full_mirror,clean,verified_from_configured_author_id,30,3869,,2023-11-27
huatai_macro-2023-11-26-华泰宏观-年度重磅-2024年全球宏观展望合集,huatai_macro,华泰宏观,华泰证券宏观研究,configured_public_index,【华泰宏观】年度重磅：2024年全球宏观展望合集,https://www.10100.com/article/65864897,full_mirror,clean,verified_from_configured_author_id,4,3036,,2023-11-26
macrofans-2023-11-24-德邦宏观芦哲团队在-金麒麟-最佳分析师评选中荣获佳绩,macrofans,宏观fans哲,宏观fans哲,author_research_stream,德邦宏观芦哲团队在“金麒麟”最佳分析师评选中荣获佳绩,https://finance.sina.com.cn/stock/quanshang/qsyj/2023-11-24/doc-imzvttxf6552036.shtml,full_mirror,clean,verified_from_publisher_citation,10,520,,2023-11-24
cicc_perspective-2023-11-24-中金-财政与美债3-利率的悲喜之间,cicc_perspective,中金点睛,中金宏观,team_channel,中金 | 财政与美债3：利率的悲喜之间,https://www.10100.com/article/148035466,full_mirror,clean,verified_from_configured_author_id,17,9100,,2023-11-24
xuetao_macro-2023-11-22-赤字率的约束和空间-天风宏观宋雪涛,xuetao_macro,雪涛宏观笔记,雪涛宏观笔记,exact,赤字率的约束和空间(天风宏观宋雪涛),https://finance.sina.com.cn/money/bond/research/2023-11-22/doc-imzvmxxx8962719.shtml?cref=cj,full_mirror,clean,verified_from_publisher_label,21,4688,,2023-11-22
guolei_macro-2023-11-22-广发宏观-11月美联储会议纪要的关键信息,guolei_macro,郭磊宏观茶座,郭磊宏观茶座,exact,【广发宏观】11月美联储会议纪要的关键信息,https://m.yicai.com/news/101909467.html,full_mirror,clean,verified_from_publisher_label,7,3989,,2023-11-22
huatai_macro-2023-11-21-华泰宏观-出口多维度指标一览-更新至11月19日,huatai_macro,华泰宏观,华泰证券宏观研究,configured_public_index,【华泰宏观】出口多维度指标一览（更新至11月19日）,https://www.10100.com/article/65864919,full_mirror,clean,verified_from_configured_author_id,2,1415,,2023-11-21
huatai_macro-2023-11-20-华泰宏观-深度-海外新兴市场宏观展望-高利率下新兴市场能否保持韧性,huatai_macro,华泰宏观,华泰证券宏观研究,configured_public_index,【华泰宏观 | 深度】海外新兴市场宏观展望:高利率下新兴市场能否保持韧性？,https://www.10100.com/article/65958939,full_mirror,clean,verified_from_configured_author_id,33,13087,,2023-11-20
huatai_macro-2023-11-20-华泰宏观-图解海外周报-消费和通胀动能趋缓-美债利率回落,huatai_macro,华泰宏观,华泰证券宏观研究,configured_public_index,【华泰宏观｜图解海外周报】消费和通胀动能趋缓，美债利率回落,https://www.10100.com/article/65864921,full_mirror,clean,verified_from_configured_author_id,16,3371,,2023-11-20
cicc_perspective-2023-11-20-中金宏观-部分人口回流大城市,cicc_perspective,中金点睛,中金宏观,team_channel,中金宏观 | 部分人口回流大城市,https://www.sohu.com/a/739508730_121123887?scm=1102.xchannel:325:100002.0.6.0,full_mirror,clean,verified_from_publisher_label,0,5729,,2023-11-20
cicc_perspective-2023-11-20-中金-如何理解美国消费数据-打架,cicc_perspective,中金点睛,中金宏观,team_channel,中金：如何理解美国消费数据“打架”？,https://www.10100.com/article/148028994,full_mirror,clean,verified_from_configured_author_id,10,4832,,2023-11-20
cicc_perspective-2023-11-20-中金-增加国际航班或助力零售复苏,cicc_perspective,中金点睛,中金宏观,team_channel,中金：增加国际航班或助力零售复苏,https://www.10100.com/article/148042054,full_mirror,clean,verified_from_configured_author_id,16,6374,,2023-11-20
huatai_macro-2023-11-16-华泰宏观-10月财政保持扩张但幅度有所回落-10月财政数据点评,huatai_macro,华泰宏观,华泰证券宏观研究,configured_public_index,【华泰宏观】10月财政保持扩张但幅度有所回落——10月财政数据点评,https://www.10100.com/article/65958893,full_mirror,clean,verified_from_configured_author_id,5,3747,,2023-11-16
cicc_perspective-2023-11-15-中金宏观-制造业投资有支撑-但消费复苏待观察-2023年10月经济数据点评,cicc_perspective,中金点睛,中金宏观,team_channel,中金宏观 | 制造业投资有支撑，但消费复苏待观察——2023年10月经济数据点评,https://www.10100.com/article/148035468,full_mirror,clean,verified_from_configured_author_id,2,3841,,2023-11-15
cicc_perspective-2023-11-15-中金-美国通胀放缓或延续反弹窗口期,cicc_perspective,中金点睛,中金宏观,team_channel,中金：美国通胀放缓或延续反弹窗口期,https://www.10100.com/article/148042098,full_mirror,clean,verified_from_configured_author_id,6,3456,,2023-11-15
zhongzhengsheng-2023-11-14-M1增速降至低位-2023年10月金融数据点评,zhongzhengsheng,钟正生经济分析,钟正生经济分析,exact,M1增速降至低位——2023年10月金融数据点评,https://finance.sina.cn/2023-11-14/detail-imzuqyrm3357523.d.html?cref=cj,full_mirror,clean,verified_from_publisher_label,12,3534,,2023-11-14
huatai_macro-2023-11-14-华泰宏观-地产景气度面面观-更新至11月11日,huatai_macro,华泰宏观,华泰证券宏观研究,configured_public_index,【华泰宏观】地产景气度面面观（更新至11月11日）,https://www.10100.com/article/65958946,full_mirror,clean,verified_from_configured_author_id,2,1299,,2023-11-14
huatai_macro-2023-11-13-华泰宏观-图解海外周报-联储再次-鹰派不加息-后美债震荡,huatai_macro,华泰宏观,华泰证券宏观研究,configured_public_index,【华泰宏观｜图解海外周报】联储再次“鹰派不加息”后美债震荡,https://www.10100.com/article/65864918,full_mirror,clean,verified_from_configured_author_id,30,3826,,2023-11-13
cicc_perspective-2023-11-13-中金宏观-美国数据前瞻-总体通胀回落-核心通胀顽固,cicc_perspective,中金点睛,中金宏观,team_channel,中金宏观 | 美国数据前瞻：总体通胀回落，核心通胀顽固,https://www.10100.com/article/148035453,full_mirror,clean,verified_from_configured_author_id,5,6071,,2023-11-13
huatai_macro-2023-11-10-华泰宏观-通胀保持温和-10月通胀数据点评,huatai_macro,华泰宏观,华泰证券宏观研究,configured_public_index,【华泰宏观】通胀保持温和——10月通胀数据点评,https://www.10100.com/article/65864931,full_mirror,clean,verified_from_configured_author_id,4,3056,,2023-11-10
cicc_perspective-2023-11-10-中金宏观-内生需求仍弱-政策效应初现-2023年10月物价数据点评,cicc_perspective,中金点睛,中金宏观,team_channel,中金宏观 | 内生需求仍弱，政策效应初现——2023年10月物价数据点评,https://www.10100.com/article/148029207,full_mirror,clean,verified_from_configured_author_id,13,3795,,2023-11-10
huatai_macro-2023-11-08-华泰宏观-深度-自上而下观察中国消费新趋势,huatai_macro,华泰宏观,华泰证券宏观研究,configured_public_index,【华泰宏观 | 深度】自上而下观察中国消费新趋势,https://www.10100.com/article/65958944,full_mirror,clean,verified_from_configured_author_id,33,7829,,2023-11-08
huatai_macro-2023-11-07-华泰宏观-深度-欧元区-增长或将面临更大挑战,huatai_macro,华泰宏观,华泰证券宏观研究,configured_public_index,【华泰宏观 | 深度】欧元区：增长或将面临更大挑战,https://www.10100.com/article/65958945,full_mirror,clean,verified_from_configured_author_id,32,10725,,2023-11-07
huatai_macro-2023-11-07-华泰宏观-深度-日元和日债利率-不鸣则已-一鸣惊人,huatai_macro,华泰宏观,华泰证券宏观研究,configured_public_index,【华泰宏观 | 深度】日元和日债利率：不鸣则已、一鸣惊人？,https://www.10100.com/article/65864915,full_mirror,clean,verified_from_configured_author_id,30,13085,,2023-11-07
guolei_macro-2023-11-07-广发宏观郭磊-出口增速小幅回踩-手机出口显著加速,guolei_macro,郭磊宏观茶座,郭磊宏观茶座,exact,"【广发宏观郭磊】出口增速小幅回踩,手机出口显著加速",https://finance.sina.cn/2023-11-08/detail-imztwefu1540802.d.html?cref=cj,full_mirror,clean,verified_from_publisher_label,8,2865,,2023-11-07
cicc_perspective-2023-11-07-中金宏观-出口趋势仍在改善-2023年10月进出口数据点评,cicc_perspective,中金点睛,中金宏观,team_channel,中金宏观 | 出口趋势仍在改善——2023年10月进出口数据点评,https://www.10100.com/article/148042099,full_mirror,clean,verified_from_configured_author_id,13,4113,,2023-11-07
huatai_macro-2023-11-06-华泰2024年展望-美国宏观-联储会降息吗-如何降,huatai_macro,华泰宏观,华泰睿思,configured_alias,华泰2024年展望 | 美国宏观:联储会降息吗、如何降?,https://m.jrj.com.cn/madapter/stock/2023/11/06084638277494.shtml,full_mirror,clean,verified_from_publisher_label,0,15978,,2023-11-06
cicc_perspective-2023-11-06-经济活动边际放缓-10月经济数据前瞻,cicc_perspective,中金点睛,中金宏观,team_channel,经济活动边际放缓——10月经济数据前瞻,https://www.10100.com/article/148028826,full_mirror,clean,verified_from_configured_author_id,1,4033,,2023-11-06
cicc_perspective-2023-11-05-中金宏观-海外宏观变化带来交易窗口期,cicc_perspective,中金点睛,中金宏观,team_channel,中金宏观 | 海外宏观变化带来交易窗口期,https://www.10100.com/article/148029204,full_mirror,clean,verified_from_configured_author_id,8,4336,,2023-11-05
huatai_macro-2023-11-04-华泰宏观-非农就业低于预期降低再加息概率,huatai_macro,华泰宏观,华泰证券宏观研究,configured_public_index,【华泰宏观】非农就业低于预期降低再加息概率,https://www.10100.com/article/65864879,full_mirror,clean,verified_from_configured_author_id,6,3045,,2023-11-04
huatai_macro-2023-11-01-华泰宏观-地产景气度面面观-更新至10月28日,huatai_macro,华泰宏观,华泰证券宏观研究,configured_public_index,【华泰宏观】地产景气度面面观（更新至10月28日）,https://www.10100.com/article/65864887,full_mirror,clean,verified_from_configured_author_id,2,1407,,2023-11-01
huatai_macro-2023-11-01-华泰宏观-假期移位拉低制造业PMI-10月PMI数据点评,huatai_macro,华泰宏观,华泰证券宏观研究,configured_public_index,【华泰宏观】假期移位拉低制造业PMI——10月PMI数据点评,https://www.10100.com/article/65864880,full_mirror,clean,verified_from_configured_author_id,4,2584,,2023-11-01
cicc_perspective-2023-11-01-中金宏观-国债有望推动动能回暖-10月PMI点评,cicc_perspective,中金点睛,中金宏观,team_channel,中金宏观 | 国债有望推动动能回暖——10月PMI点评,https://www.10100.com/article/148028825,full_mirror,clean,verified_from_configured_author_id,10,4011,,2023-11-01
cicc_perspective-2023-11-01-中金-联合解读中央金融工作会议,cicc_perspective,中金点睛,中金宏观,team_channel,中金：联合解读中央金融工作会议,https://www.10100.com/article/148042096,full_mirror,clean,verified_from_configured_author_id,15,10538,,2023-11-01
huatai_macro-2023-10-31-华泰宏观-FOMC前瞻-名曰跳过-实为停止,huatai_macro,华泰宏观,华泰证券宏观研究,configured_public_index,【华泰宏观】FOMC前瞻:名曰跳过、实为停止？,https://www.10100.com/article/65958881,full_mirror,clean,verified_from_configured_author_id,5,2965,,2023-10-31
huatai_macro-2023-10-30-华泰宏观-图解海外周报-美增长显韧性-欧元区或已结束加息,huatai_macro,华泰宏观,华泰证券宏观研究,configured_public_index,【华泰宏观｜图解海外周报】美增长显韧性；欧元区或已结束加息,https://www.10100.com/article/65864913,full_mirror,clean,verified_from_configured_author_id,30,3801,,2023-10-30
cicc_perspective-2023-10-29-中金宏观-FOMC前瞻-平衡风险-保持耐心,cicc_perspective,中金点睛,中金宏观,team_channel,中金宏观 | FOMC前瞻：平衡风险，保持耐心,https://www.10100.com/article/148035457,full_mirror,clean,verified_from_configured_author_id,4,3878,,2023-10-29
huatai_macro-2023-10-28-华泰宏观-图说美国宏观月报第二期-增长彰显韧性-通胀回落速度趋缓,huatai_macro,华泰宏观,华泰证券宏观研究,configured_public_index,"【华泰宏观】图说美国宏观月报第二期 | 增长彰显韧性, 通胀回落速度趋缓",https://www.10100.com/article/65958948,full_mirror,clean,verified_from_configured_author_id,32,3861,,2023-10-28
huatai_macro-2023-10-27-华泰宏观-消费增长强劲-美国3QGDP超预期,huatai_macro,华泰宏观,华泰证券宏观研究,configured_public_index,【华泰宏观】消费增长强劲，美国3QGDP超预期,https://www.10100.com/article/65958894,full_mirror,clean,verified_from_configured_author_id,2,1319,,2023-10-27
cicc_perspective-2023-10-27-中金宏观-下游利润大幅改善-1-9月工业企业利润点评,cicc_perspective,中金点睛,中金宏观,team_channel,中金宏观 | 下游利润大幅改善 --- 1-9月工业企业利润点评,https://www.10100.com/article/148029206,full_mirror,clean,verified_from_configured_author_id,10,4041,,2023-10-27
cicc_perspective-2023-10-27-中金-美国经济增长动能仍然较强,cicc_perspective,中金点睛,中金宏观,team_channel,中金：美国经济增长动能仍然较强,https://www.10100.com/article/148035470,full_mirror,clean,verified_from_configured_author_id,7,3893,,2023-10-27
huatai_macro-2023-10-25-华泰宏观-9月财政扩张加速-9月财政数据点评,huatai_macro,华泰宏观,华泰证券宏观研究,configured_public_index,【华泰宏观】9月财政扩张加速——9月财政数据点评,https://www.10100.com/article/65958895,full_mirror,clean,verified_from_configured_author_id,5,3122,,2023-10-25
guolei_macro-2023-10-24-广发宏观郭磊-增发国债的三重意义,guolei_macro,郭磊宏观茶座,郭磊宏观茶座,exact,【广发宏观郭磊】增发国债的三重意义,https://m.jrj.com.cn/madapter/stock/2023/10/25073638062169.shtml,derived_text,clean,verified_from_publisher_label,0,2115,,2023-10-24
guolei_macro-2023-10-24-广发宏观-三季度GDP增速为何超预期,guolei_macro,郭磊宏观茶座,广发证券,institutional_archive,【广发宏观】三季度GDP增速为何超预期,https://www.10100.com/article/76701420,full_mirror,clean,verified_from_configured_author_id_and_title_signature,4,6343,,2023-10-24
huatai_macro-2023-10-23-华泰宏观-图解海外周报-地缘政治风险升级-美长债利率破5,huatai_macro,华泰宏观,华泰证券宏观研究,configured_public_index,【华泰宏观｜图解海外周报】地缘政治风险升级，美长债利率破5%,https://www.10100.com/article/65865011,full_mirror,clean,verified_from_configured_author_id,30,3901,,2023-10-23
cicc_perspective-2023-10-22-中金宏观-5-的美债利率合理吗,cicc_perspective,中金点睛,中金宏观,team_channel,中金宏观 | 5%的美债利率合理吗？,https://www.10100.com/article/148028842,full_mirror,clean,verified_from_configured_author_id,2,3629,,2023-10-22
yiyuzhongde-2023-10-19-华创宏观-张瑜团队-关于超预期的五个问题-9月经济数据点评,yiyuzhongde,一瑜中的,一瑜中的,exact,【华创宏观·张瑜团队】关于超预期的五个问题——9月经济数据点评,https://news.qq.com/rain/a/20231019A0540K00,full_mirror,clean,verified_from_publisher_label,15,6277,,2023-10-19
xuetao_macro-2023-10-18-中国出口的-西升东降-天风宏观宋雪涛,xuetao_macro,雪涛宏观笔记,雪涛宏观笔记,exact,中国出口的“西升东降”(天风宏观宋雪涛),https://finance.sina.com.cn/money/bond/research/2023-10-18/doc-imzrpqei2970706.shtml,full_mirror,clean,verified_from_publisher_label,19,1870,,2023-10-18
huatai_macro-2023-10-18-华泰宏观-美国9月零售大幅超预期,huatai_macro,华泰宏观,华泰证券宏观研究,configured_public_index,【华泰宏观】美国9月零售大幅超预期,https://www.10100.com/article/65865012,full_mirror,clean,verified_from_configured_author_id,4,2582,,2023-10-18
cicc_perspective-2023-10-18-中金宏观-好于预期-但仍待进一步修复-9月经济数据点评,cicc_perspective,中金点睛,中金宏观,team_channel,中金宏观 | 好于预期，但仍待进一步修复——9月经济数据点评,https://www.10100.com/article/148035474,full_mirror,clean,verified_from_configured_author_id,1,4065,,2023-10-18
huatai_macro-2023-10-17-华泰宏观-专题-美国四季度增长或将明显减速,huatai_macro,华泰宏观,华泰证券宏观研究,configured_public_index,【华泰宏观 | 专题】美国四季度增长或将明显减速,https://www.10100.com/article/65958953,full_mirror,clean,verified_from_configured_author_id,16,8502,,2023-10-17
cicc_perspective-2023-10-16-中金宏观-明年财政有望前置发力,cicc_perspective,中金点睛,中金宏观,team_channel,中金宏观 | 明年财政有望前置发力,https://www.10100.com/article/148028987,full_mirror,clean,verified_from_configured_author_id,10,6454,,2023-10-16
macrofans-2023-10-14-融资需求-三支柱-或推动利率上行-2023年9月金融数据点评,macrofans,宏观fans哲,宏观fans哲,author_research_stream,融资需求“三支柱”或推动利率上行——2023年9月金融数据点评,https://www.gelonghui.com/p/652399,full_mirror,clean,verified_from_publisher_citation,2,2448,,2023-10-14
huatai_macro-2023-10-14-华泰宏观-稳增长发力推动社融增长稳步回升-9月金融数据点评,huatai_macro,华泰宏观,华泰证券宏观研究,configured_public_index,【华泰宏观】稳增长发力推动社融增长稳步回升——9月金融数据点评,https://www.10100.com/article/65958937,full_mirror,clean,verified_from_configured_author_id,5,3534,,2023-10-14
huatai_macro-2023-10-14-华泰宏观-周度G3资产负债表追踪-第三十期,huatai_macro,华泰宏观,华泰证券宏观研究,configured_public_index,【华泰宏观|周度G3资产负债表追踪】第三十期,https://www.10100.com/article/65958998,full_mirror,clean,verified_from_configured_author_id,2,1365,,2023-10-14
cicc_perspective-2023-10-14-中金宏观-融资条件继续改善-助力经济短期企稳-9月金融数据点评,cicc_perspective,中金点睛,中金宏观,team_channel,中金宏观 | 融资条件继续改善，助力经济短期企稳 ——9月金融数据点评,https://www.10100.com/article/148035448,full_mirror,clean,verified_from_configured_author_id,8,3692,,2023-10-14
cicc_perspective-2023-10-13-中金宏观-成本上升致PPI降幅收窄-内需仍待改善-2023年9月物价数据点评,cicc_perspective,中金点睛,中金宏观,team_channel,中金宏观 | 成本上升致PPI降幅收窄，内需仍待改善 ——2023年9月物价数据点评,https://www.10100.com/article/148028989,full_mirror,clean,verified_from_configured_author_id,11,3804,,2023-10-13
cicc_perspective-2023-10-13-中金宏观-出口仍可期-2023年9月进出口数据点评,cicc_perspective,中金点睛,中金宏观,team_channel,中金宏观 | 出口仍可期——2023年9月进出口数据点评,https://www.10100.com/article/148029203,full_mirror,clean,verified_from_configured_author_id,11,3567,,2023-10-13
guolei_macro-2023-10-12-广发宏观-9月美联储会议纪要的关键信息,guolei_macro,郭磊宏观茶座,郭磊宏观茶座,exact,【广发宏观】9月美联储会议纪要的关键信息,https://finance.sina.cn/2023-10-13/detail-imzqxazv2236271.d.html?cref=cj,full_mirror,clean,verified_from_publisher_label,0,4914,,2023-10-12
huatai_macro-2023-10-10-华泰宏观-出口多维度指标一览-更新至10月6日,huatai_macro,华泰宏观,华泰证券宏观研究,configured_public_index,【华泰宏观】出口多维度指标一览（更新至10月6日）,https://www.10100.com/article/65865027,full_mirror,clean,verified_from_configured_author_id,2,1412,,2023-10-10
huatai_macro-2023-10-09-华泰宏观-假期消费速览-半径扩大-体验优先,huatai_macro,华泰宏观,华泰证券宏观研究,configured_public_index,【华泰宏观】假期消费速览：半径扩大、体验优先,https://www.10100.com/article/65958999,full_mirror,clean,verified_from_configured_author_id,10,4940,,2023-10-09
cicc_perspective-2023-10-09-短期或边际改善-9月经济数据前瞻,cicc_perspective,中金点睛,中金宏观,team_channel,短期或边际改善——9月经济数据前瞻,https://www.10100.com/article/148035450,full_mirror,clean,verified_from_configured_author_id,1,3727,,2023-10-09
huatai_macro-2023-10-07-华泰宏观-9月非农显著超预期-持续性存疑,huatai_macro,华泰宏观,华泰证券宏观研究,configured_public_index,【华泰宏观】9月非农显著超预期，持续性存疑,https://www.10100.com/article/65958942,full_mirror,clean,verified_from_configured_author_id,7,3115,,2023-10-07
cicc_perspective-2023-10-06-中金宏观-十一期间海外宏观市场动态,cicc_perspective,中金点睛,中金宏观,team_channel,中金宏观 | 十一期间海外宏观市场动态,https://fund.eastmoney.com/a/202310072862751952.html,full_mirror,clean,verified_from_publisher_label,1,7218,,2023-10-06
cicc_perspective-2023-10-05-谁是美债的下一个边际购买者-再谈美债利率新高,cicc_perspective,中金点睛,中金宏观,team_channel,谁是美债的下一个边际购买者——再谈美债利率新高,https://www.10100.com/article/148028838,full_mirror,clean,verified_from_configured_author_id,10,6985,,2023-10-05
huatai_macro-2023-10-02-华泰宏观-9月韩国出口回升超预期,huatai_macro,华泰宏观,华泰证券宏观研究,configured_public_index,【华泰宏观】9月韩国出口回升超预期,https://www.10100.com/article/65864903,full_mirror,clean,verified_from_configured_author_id,8,3065,,2023-10-02
huatai_macro-2023-10-01-华泰宏观-出口改善推动PMI重回荣枯线上,huatai_macro,华泰宏观,华泰证券宏观研究,configured_public_index,【华泰宏观】出口改善推动PMI重回荣枯线上,https://www.10100.com/article/65958943,full_mirror,clean,verified_from_configured_author_id,4,2638,,2023-10-01
cicc_perspective-2023-10-01-中金宏观-制造业重回扩张-9月PMI点评,cicc_perspective,中金点睛,中金宏观,team_channel,中金宏观 | 制造业重回扩张——9月PMI点评,https://www.10100.com/article/148035469,full_mirror,clean,verified_from_configured_author_id,10,4132,,2023-10-01
huatai_macro-2023-09-30-华泰宏观-图解海外月报-美欧周期分化加剧-美元美债利率冲高,huatai_macro,华泰宏观,华泰证券宏观研究,configured_public_index,【华泰宏观 | 图解海外月报】美欧周期分化加剧; 美元美债利率冲高,https://www.10100.com/article/65958890,full_mirror,clean,verified_from_configured_author_id,26,3827,,2023-09-30
huatai_macro-2023-09-30-华泰宏观-图解国内月报-稳增长持续加码-工业生产边际企稳,huatai_macro,华泰宏观,华泰证券宏观研究,configured_public_index,【华泰宏观 | 图解国内月报】稳增长持续加码，工业生产边际企稳,https://www.10100.com/article/65864927,full_mirror,clean,verified_from_configured_author_id,32,3899,,2023-09-30
huatai_macro-2023-09-28-华泰宏观-工业生产边际企稳-社融增长仍有支持-3季度GDP及9月中国宏观数据预览,huatai_macro,华泰宏观,华泰证券宏观研究,configured_public_index,"【华泰宏观】工业生产边际企稳,社融增长仍有支持——3季度GDP及9月中国宏观数据预览",https://www.10100.com/article/65958956,full_mirror,clean,verified_from_configured_author_id,2,3254,,2023-09-28
huatai_macro-2023-09-26-华泰宏观-地产景气度面面观-更新至9月24日,huatai_macro,华泰宏观,华泰证券宏观研究,configured_public_index,【华泰宏观】地产景气度面面观（更新至9月24日）,https://www.10100.com/article/65959008,full_mirror,clean,verified_from_configured_author_id,2,1296,,2023-09-26
cicc_perspective-2023-09-26-中金-产能周期视角下的投资韧性,cicc_perspective,中金点睛,中金宏观,team_channel,中金：产能周期视角下的投资韧性,https://www.10100.com/article/148042055,full_mirror,clean,verified_from_configured_author_id,17,4470,,2023-09-26
huatai_macro-2023-09-25-华泰宏观-首发-图说美国宏观月报第一期-增长和劳工需求降温但总体韧性犹存,huatai_macro,华泰宏观,华泰证券宏观研究,configured_public_index,【华泰宏观 | 首发】图说美国宏观月报第一期 | 增长和劳工需求降温但总体韧性犹存,https://www.10100.com/article/65959009,full_mirror,clean,verified_from_configured_author_id,25,3621,,2023-09-25
huatai_macro-2023-09-25-华泰宏观-首发-从宏观到中观-华泰行业高频追踪,huatai_macro,华泰宏观,华泰证券宏观研究,configured_public_index,【华泰宏观 | 首发】从宏观到中观：华泰行业高频追踪,https://www.10100.com/article/65865017,full_mirror,clean,verified_from_configured_author_id,18,4015,,2023-09-25
zhongzhengsheng-2023-09-21-加息或未止-美联储2023年9月会议解读,zhongzhengsheng,钟正生经济分析,钟正生经济分析,exact,加息或未止——美联储2023年9月会议解读,https://finance.sina.cn/forex/hsxw/2023-09-21/detail-imznmtck6385876.d.html?cref=cj,full_mirror,clean,verified_from_publisher_label,24,6749,,2023-09-21
huatai_macro-2023-09-21-华泰宏观-9月FOMC决议点评-联储如期暂停加息-指引偏鹰,huatai_macro,华泰宏观,华泰证券宏观研究,configured_public_index,【华泰宏观】9月FOMC决议点评：联储如期暂停加息，指引偏鹰,https://www.10100.com/article/65865018,full_mirror,clean,verified_from_configured_author_id,5,4947,,2023-09-21
yiyuzhongde-2023-09-20-华创宏观-张瑜团队-时隔百年-美联储或将再次遭遇年度经营性净损失-海外周报第21期,yiyuzhongde,一瑜中的,一瑜中的,exact,"【华创宏观·张瑜团队】时隔百年,美联储或将再次遭遇年度经营性净损失——海外周报第21期",https://finance.sina.cn/forex/hsxw/2023-09-20/detail-imznicqk7929070.d.html?cref=cj,full_mirror,clean,verified_from_publisher_label,40,10520,,2023-09-20
yiyuzhongde-2023-09-19-张瑜-从七个矛盾现象看美国经济,yiyuzhongde,一瑜中的,一瑜中的,exact,张瑜:从七个矛盾现象看美国经济,https://finance.sina.cn/forex/hsxw/2023-09-19/detail-imzneyrk8958202.d.html?cref=cj,full_mirror,clean,verified_from_publisher_label,60,17270,,2023-09-19
xuetao_macro-2023-09-19-当前经济的错觉和真相-天风宏观宋雪涛,xuetao_macro,雪涛宏观笔记,雪涛宏观笔记,exact,当前经济的错觉和真相(天风宏观宋雪涛),https://m.21jingji.com/article/20230920/herald/22124c0aa8c775505f03caed48cf2c7a.html,full_mirror,clean,verified_from_publisher_label,19,4792,,2023-09-19
huatai_macro-2023-09-19-华泰宏观-地产景气度面面观-更新至9月17日,huatai_macro,华泰宏观,华泰证券宏观研究,configured_public_index,【华泰宏观】地产景气度面面观（更新至9月17日）,https://www.10100.com/article/65958951,full_mirror,clean,verified_from_configured_author_id,2,1296,,2023-09-19
huatai_macro-2023-09-19-华泰宏观-专题-若可用专项债-城中村改造能否加快,huatai_macro,华泰宏观,华泰证券宏观研究,configured_public_index,"【华泰宏观 | 专题】若可用专项债,城中村改造能否加快？",https://www.10100.com/article/65864951,full_mirror,clean,verified_from_configured_author_id,12,6935,,2023-09-19
cicc_perspective-2023-09-18-前瞻-美国利率或还有向上空间,cicc_perspective,中金点睛,中金宏观,team_channel,前瞻：美国利率或还有向上空间,https://www.10100.com/article/148042059,full_mirror,clean,verified_from_configured_author_id,8,4897,,2023-09-18
cicc_perspective-2023-09-18-中金宏观-积极财政底色渐显-前8月财政收支数据点评,cicc_perspective,中金点睛,中金宏观,team_channel,中金宏观 | 积极财政底色渐显——前8月财政收支数据点评,https://www.10100.com/article/148029244,full_mirror,clean,verified_from_configured_author_id,11,5895,,2023-09-18
huatai_macro-2023-09-16-华泰宏观-经济活动初现边际回暖迹象-8月经济活动数据点评,huatai_macro,华泰宏观,华泰证券宏观研究,configured_public_index,【华泰宏观】经济活动初现边际回暖迹象——8月经济活动数据点评,https://www.10100.com/article/65958896,full_mirror,clean,verified_from_configured_author_id,10,4451,,2023-09-16
cicc_perspective-2023-09-16-动能有企稳迹象-但基础需巩固-8月经济数据点评,cicc_perspective,中金点睛,中金宏观,team_channel,动能有企稳迹象，但基础需巩固——8月经济数据点评,https://www.10100.com/article/148028845,full_mirror,clean,verified_from_configured_author_id,1,3373,,2023-09-16
huatai_macro-2023-09-12-华泰宏观-稳增长加力推动8月社融超预期,huatai_macro,华泰宏观,华泰证券宏观研究,configured_public_index,【华泰宏观】稳增长加力推动8月社融超预期,https://www.10100.com/article/65865022,full_mirror,clean,verified_from_configured_author_id,6,3567,,2023-09-12
huatai_macro-2023-09-12-华泰宏观-地产景气度面面观-更新至9月10日,huatai_macro,华泰宏观,华泰证券宏观研究,configured_public_index,【华泰宏观】地产景气度面面观（更新至9月10日）,https://www.10100.com/article/65958983,full_mirror,clean,verified_from_configured_author_id,2,1296,,2023-09-12
guolei_macro-2023-09-12-广发宏观-8月金融数据对资产定价环境的两个意义,guolei_macro,郭磊宏观茶座,广发证券,institutional_archive,【广发宏观】8月金融数据对资产定价环境的两个意义,https://www.10100.com/article/76701382,full_mirror,clean,verified_from_configured_author_id_and_title_signature,2,6175,,2023-09-12
huatai_macro-2023-09-11-华泰宏观-图解海外周报-增长韧性继续推升美元及美债利率,huatai_macro,华泰宏观,华泰证券宏观研究,configured_public_index,【华泰宏观 | 图解海外周报】增长韧性继续推升美元及美债利率,https://www.10100.com/article/65864992,full_mirror,clean,verified_from_configured_author_id,25,3581,,2023-09-11
huatai_macro-2023-09-10-华泰宏观-PPI同比降幅继续收窄,huatai_macro,华泰宏观,华泰证券宏观研究,configured_public_index,【华泰宏观】PPI同比降幅继续收窄,https://www.10100.com/article/65958935,full_mirror,clean,verified_from_configured_author_id,4,2838,,2023-09-10
cicc_perspective-2023-09-10-中金宏观-前瞻-美国总体通胀或如期回升,cicc_perspective,中金点睛,中金宏观,team_channel,中金宏观 | 前瞻：美国总体通胀或如期回升,https://www.10100.com/article/148029390,full_mirror,clean,verified_from_configured_author_id,9,3919,,2023-09-10
huatai_macro-2023-09-09-华泰宏观-周度G3资产负债表追踪-联储缩表但美国流动性有所回升,huatai_macro,华泰宏观,华泰证券宏观研究,configured_public_index,【华泰宏观|周度G3资产负债表追踪】联储缩表但美国流动性有所回升,https://www.10100.com/article/65958981,full_mirror,clean,verified_from_configured_author_id,9,2669,,2023-09-09
huatai_macro-2023-09-09-华泰宏观-专题-后续稳增长政策的重点在哪里,huatai_macro,华泰宏观,华泰证券宏观研究,configured_public_index,【华泰宏观 | 专题】后续稳增长政策的重点在哪里？,https://www.10100.com/article/65864982,full_mirror,clean,verified_from_configured_author_id,13,7740,,2023-09-09
cicc_perspective-2023-09-08-中金宏观-对未来半年出口可以乐观一些-2023年8月进出口数据点评,cicc_perspective,中金点睛,中金宏观,team_channel,中金宏观 | 对未来半年出口可以乐观一些——2023年8月进出口数据点评,https://www.10100.com/article/148029014,full_mirror,clean,verified_from_configured_author_id,11,3582,,2023-09-08
xuetao_macro-2023-09-06-经济向上拐点的迹象持续增多-天风宏观宋雪涛,xuetao_macro,雪涛宏观笔记,雪涛宏观笔记,exact,经济向上拐点的迹象持续增多(天风宏观宋雪涛),https://finance.sina.com.cn/money/bond/research/2023-09-06/doc-imzktunn4679375.shtml,full_mirror,clean,verified_from_publisher_label,22,2264,,2023-09-06
huatai_macro-2023-09-05-华泰宏观-政府债推高社融-PPI降幅或将收窄-8月中国宏观数据预览,huatai_macro,华泰宏观,华泰证券宏观研究,configured_public_index,【华泰宏观】政府债推高社融，PPI降幅或将收窄——8月中国宏观数据预览,https://www.10100.com/article/65958933,full_mirror,clean,verified_from_configured_author_id,2,3085,,2023-09-05
huatai_macro-2023-09-05-华泰宏观-专题-美国劳工市场-再平衡-进行时,huatai_macro,华泰宏观,华泰证券宏观研究,configured_public_index,【华泰宏观 | 专题】美国劳工市场“再平衡”进行时,https://www.10100.com/article/65865003,full_mirror,clean,verified_from_configured_author_id,16,8328,,2023-09-05
guolei_macro-2023-09-05-广发宏观-高频数据下的8月经济,guolei_macro,郭磊宏观茶座,广发证券,institutional_archive,【广发宏观】高频数据下的8月经济,https://www.10100.com/article/77169227,full_mirror,clean,verified_from_configured_author_id_and_title_signature,8,7982,,2023-09-05
huatai_macro-2023-09-04-华泰宏观-深度-稳增长政策渐入佳境,huatai_macro,华泰宏观,华泰证券宏观研究,configured_public_index,【华泰宏观|深度】稳增长政策渐入佳境,https://www.10100.com/article/65864983,full_mirror,clean,verified_from_configured_author_id,22,14154,,2023-09-04
huatai_macro-2023-09-04-华泰宏观-图解国内周报-逆周期提速-地产需求初现回暖迹象,huatai_macro,华泰宏观,华泰证券宏观研究,configured_public_index,【华泰宏观|图解国内周报】逆周期提速，地产需求初现回暖迹象,https://www.10100.com/article/65958934,full_mirror,clean,verified_from_configured_author_id,35,3927,,2023-09-04
cicc_perspective-2023-09-03-中金宏观-美国制造业库存周期或将开启,cicc_perspective,中金点睛,中金宏观,team_channel,中金宏观 | 美国制造业库存周期或将开启,https://www.10100.com/article/148028860,full_mirror,clean,verified_from_configured_author_id,15,4262,,2023-09-03
cicc_perspective-2023-09-03-中金宏观-技术贴-解析楼市组合拳影响,cicc_perspective,中金点睛,中金宏观,team_channel,中金宏观 | 技术贴：解析楼市组合拳影响,https://www.10100.com/article/148042158,full_mirror,clean,verified_from_configured_author_id,15,7445,,2023-09-03
huatai_macro-2023-09-02-华泰宏观-8月韩国出口超预期改善,huatai_macro,华泰宏观,华泰证券宏观研究,configured_public_index,【华泰宏观】8月韩国出口超预期改善,https://www.10100.com/article/65865006,full_mirror,clean,verified_from_configured_author_id,9,2854,,2023-09-02
huatai_macro-2023-09-01-华泰宏观-图解海外月报-经济仍有韧性-联储偏鹰再燃加息预期,huatai_macro,华泰宏观,华泰证券宏观研究,configured_public_index,【华泰宏观 | 图解海外月报】经济仍有韧性，联储偏鹰再燃加息预期,https://www.10100.com/article/65865049,full_mirror,clean,verified_from_configured_author_id,26,3723,,2023-09-01
huatai_macro-2023-09-01-华泰宏观-8月PMI-制造业供需环比改善,huatai_macro,华泰宏观,华泰证券宏观研究,configured_public_index,【华泰宏观】8月PMI：制造业供需环比改善,https://www.10100.com/article/65958962,full_mirror,clean,verified_from_configured_author_id,4,2568,,2023-09-01
guolei_macro-2023-08-31-广发宏观-如何看近期流动性的变化,guolei_macro,郭磊宏观茶座,广发证券,institutional_archive,【广发宏观】如何看近期流动性的变化,https://www.10100.com/article/77168493,full_mirror,clean,verified_from_configured_author_id_and_title_signature,3,5697,,2023-08-31
cicc_perspective-2023-08-31-中金宏观-新订单重回扩张区间-8月PMI点评,cicc_perspective,中金点睛,中金宏观,team_channel,中金宏观 | 新订单重回扩张区间——8月PMI点评,https://www.10100.com/article/148035496,full_mirror,clean,verified_from_configured_author_id,10,3758,,2023-08-31
huatai_macro-2023-08-28-华泰宏观-图解国内周报-政策宽松推动二手房成交小幅回暖,huatai_macro,华泰宏观,华泰证券宏观研究,configured_public_index,【华泰宏观 | 图解国内周报】政策宽松推动二手房成交小幅回暖,https://www.10100.com/article/65959016,full_mirror,clean,verified_from_configured_author_id,35,3813,,2023-08-28
cicc_perspective-2023-08-27-价格带动利润降幅收窄-1-7月工业企业利润点评,cicc_perspective,中金点睛,中金宏观,team_channel,价格带动利润降幅收窄—1-7月工业企业利润点评,https://www.10100.com/article/148029264,full_mirror,clean,verified_from_configured_author_id,42,9059,,2023-08-27
huatai_macro-2023-08-26-华泰宏观-美联储年会表态偏鹰派,huatai_macro,华泰宏观,华泰证券宏观研究,configured_public_index,【华泰宏观】美联储年会表态偏鹰派,https://www.10100.com/article/65865052,full_mirror,clean,verified_from_configured_author_id,3,2914,,2023-08-26
huatai_macro-2023-08-26-华泰宏观-周度G3资产负债表追踪-美国财政存款回升-流动性收紧,huatai_macro,华泰宏观,华泰证券宏观研究,configured_public_index,【华泰宏观|周度G3资产负债表追踪】美国财政存款回升，流动性收紧,https://www.10100.com/article/65959015,full_mirror,clean,verified_from_configured_author_id,9,2712,,2023-08-26
cicc_perspective-2023-08-26-中金宏观-鲍威尔在杰克逊霍尔会议讲话的解读,cicc_perspective,中金点睛,中金宏观,team_channel,中金宏观 | 鲍威尔在杰克逊霍尔会议讲话的解读,https://www.10100.com/article/148042157,full_mirror,clean,verified_from_configured_author_id,1,3879,,2023-08-26
cicc_perspective-2023-08-25-中金-外资企业如何布局中国-产业系列研究之一,cicc_perspective,中金点睛,中金宏观,team_channel,中金：外资企业如何布局中国？——产业系列研究之一,https://www.10100.com/article/148029391,full_mirror,clean,verified_from_configured_author_id,53,14907,,2023-08-25
huatai_macro-2023-08-22-华泰宏观-支出增速回升-财政边际宽松-7月财政数据点评,huatai_macro,华泰宏观,华泰证券宏观研究,configured_public_index,【华泰宏观】支出增速回升，财政边际宽松——7月财政数据点评,https://www.10100.com/article/65959002,full_mirror,clean,verified_from_configured_author_id,5,3468,,2023-08-22
huatai_macro-2023-08-22-华泰宏观-为何LPR降幅低于市场操作利率,huatai_macro,华泰宏观,华泰证券宏观研究,configured_public_index,【华泰宏观】为何LPR降幅低于市场操作利率？,https://www.10100.com/article/65865031,full_mirror,clean,verified_from_configured_author_id,4,2809,,2023-08-22
cicc_perspective-2023-08-22-中金宏观-财力有望腾出空间助增长,cicc_perspective,中金点睛,中金宏观,team_channel,中金宏观 | 财力有望腾出空间助增长,https://www.10100.com/article/148042138,full_mirror,clean,verified_from_configured_author_id,8,3411,,2023-08-22
huatai_macro-2023-08-21-华泰宏观-图解海外周报-美元继续走强-十年美债触及4-3,huatai_macro,华泰宏观,华泰证券宏观研究,configured_public_index,【华泰宏观 | 图解海外周报】美元继续走强，十年美债触及4.3%,https://www.10100.com/article/65959003,full_mirror,clean,verified_from_configured_author_id,25,3578,,2023-08-21
huatai_macro-2023-08-21-华泰宏观-图解国内周报-季节性助力工业和出口相关指标回升,huatai_macro,华泰宏观,华泰证券宏观研究,configured_public_index,【华泰宏观|图解国内周报】季节性助力工业和出口相关指标回升,https://www.10100.com/article/65865008,full_mirror,clean,verified_from_configured_author_id,34,3833,,2023-08-21
guolei_macro-2023-08-21-广发宏观-2023年二季度货币政策执行报告解读,guolei_macro,郭磊宏观茶座,广发证券,institutional_archive,广发宏观 | 2023年二季度货币政策执行报告解读,https://www.10100.com/article/76701574,full_mirror,clean,verified_from_configured_author_id_and_title_signature,0,7036,,2023-08-21
huatai_macro-2023-08-18-华泰宏观-货币政策顺势宽松-但或托而不举-2023年二季度货币政策执行报告点评,huatai_macro,华泰宏观,华泰证券宏观研究,configured_public_index,【华泰宏观】货币政策顺势宽松、但或托而不举——2023年二季度货币政策执行报告点评,https://www.10100.com/article/65958909,full_mirror,clean,verified_from_configured_author_id,4,3335,,2023-08-18
huatai_macro-2023-08-18-华泰宏观-为何日本放宽YCC但日元大跌,huatai_macro,华泰宏观,华泰证券宏观研究,configured_public_index,【华泰宏观】为何日本放宽YCC但日元大跌？,https://www.10100.com/article/65864957,full_mirror,clean,verified_from_configured_author_id,7,4955,,2023-08-18
cicc_perspective-2023-08-18-中金宏观-强调稳汇率-但也会松货币-二季度货币政策执行报告点评,cicc_perspective,中金点睛,中金宏观,team_channel,中金宏观 | 强调稳汇率，但也会松货币 | 二季度货币政策执行报告点评,https://www.10100.com/article/148035493,full_mirror,clean,verified_from_configured_author_id,5,3586,,2023-08-18
huatai_macro-2023-08-16-华泰宏观-美国消费韧性仍存-地产及餐饮加速,huatai_macro,华泰宏观,华泰证券宏观研究,configured_public_index,【华泰宏观】美国消费韧性仍存、地产及餐饮加速,https://www.10100.com/article/65864936,full_mirror,clean,verified_from_configured_author_id,4,2829,,2023-08-16
huatai_macro-2023-08-15-华泰宏观-地产景气度面面观-更新至8月13日,huatai_macro,华泰宏观,华泰证券宏观研究,configured_public_index,【华泰宏观】地产景气度面面观（更新至8月13日）,https://www.10100.com/article/65958917,full_mirror,clean,verified_from_configured_author_id,2,1296,,2023-08-15
cicc_perspective-2023-08-15-中金宏观-逆周期调节加码-央行降息点评,cicc_perspective,中金点睛,中金宏观,team_channel,中金宏观 | 逆周期调节加码 ——央行降息点评,https://www.10100.com/article/148042058,full_mirror,clean,verified_from_configured_author_id,12,3752,,2023-08-15
cicc_perspective-2023-08-15-中金宏观-数据低于预期-逆周期政策加力-2023年7月经济数据点评,cicc_perspective,中金点睛,中金宏观,team_channel,中金宏观 | 数据低于预期，逆周期政策加力——2023年7月经济数据点评,https://www.10100.com/article/148029249,full_mirror,clean,verified_from_configured_author_id,2,3790,,2023-08-15
huatai_macro-2023-08-14-华泰宏观-图解海外周报-美债收益率再度上行-美元再度反弹,huatai_macro,华泰宏观,华泰证券宏观研究,configured_public_index,【华泰宏观 | 图解海外周报】美债收益率再度上行，美元再度反弹,https://www.10100.com/article/65958965,full_mirror,clean,verified_from_configured_author_id,25,3563,,2023-08-14
huatai_macro-2023-08-14-华泰宏观-图解国内周报-暑期出行保持活跃-社融承压,huatai_macro,华泰宏观,华泰证券宏观研究,configured_public_index,【华泰宏观 | 图解国内周报】暑期出行保持活跃，社融承压,https://www.10100.com/article/65864937,full_mirror,clean,verified_from_configured_author_id,34,3836,,2023-08-14
guolei_macro-2023-08-14-广发宏观-PPI和CPI底将先后形成,guolei_macro,郭磊宏观茶座,广发证券,institutional_archive,广发宏观 | PPI和CPI底将先后形成,https://www.10100.com/article/76701545,full_mirror,clean,verified_from_configured_author_id_and_title_signature,4,4143,,2023-08-14
cicc_perspective-2023-08-14-中金-美国PPI同比增速或触底反弹,cicc_perspective,中金点睛,中金宏观,team_channel,中金：美国PPI同比增速或触底反弹,https://www.10100.com/article/148035512,full_mirror,clean,verified_from_configured_author_id,10,4270,,2023-08-14
cicc_perspective-2023-08-14-中金-理性看待FDI波动,cicc_perspective,中金点睛,中金宏观,team_channel,中金：理性看待FDI波动,https://www.10100.com/article/148029404,full_mirror,clean,verified_from_configured_author_id,15,4617,,2023-08-14
xuetao_macro-2023-08-13-金融数据与经济数据的背离-天风宏观宋雪涛,xuetao_macro,雪涛宏观笔记,雪涛宏观笔记,exact,金融数据与经济数据的背离(天风宏观宋雪涛),https://finance.sina.com.cn/money/bond/research/2023-08-13/doc-imzfzfnm7652025.shtml,full_mirror,clean,verified_from_publisher_label,26,2613,,2023-08-13
huatai_macro-2023-08-12-华泰宏观-社融增长承压-政策或须加力增效,huatai_macro,华泰宏观,华泰证券宏观研究,configured_public_index,【华泰宏观】社融增长承压，政策或须加力增效,https://www.10100.com/article/65864998,full_mirror,clean,verified_from_configured_author_id,6,3068,,2023-08-12
macrofans-2023-08-10-芦哲-7月通胀指数双降-物价的两个底部确认,macrofans,宏观fans哲,宏观fans哲,author_research_stream,芦哲：7月通胀指数双降，物价的两个底部确认,https://www.jwview.com/jingwei/html/08-10/553283.shtml,full_mirror,clean,verified_from_author_byline,18,4786,,2023-08-10
cicc_perspective-2023-08-10-中金宏观-CPI转负-背后也有亮点-2023年7月物价数据点评,cicc_perspective,中金点睛,中金宏观,team_channel,中金宏观 | CPI转负，背后也有亮点 ——2023年7月物价数据点评,https://www.10100.com/article/148099460,full_mirror,clean,verified_from_configured_author_id,11,4092,,2023-08-10
huatai_macro-2023-08-09-华泰宏观-图说全球PMI第二期-全球库存周期磨底-服务业PMI回落,huatai_macro,华泰宏观,华泰证券宏观研究,configured_public_index,【华泰宏观】图说全球PMI第二期 | 全球库存周期磨底，服务业PMI回落,https://www.10100.com/article/65958940,full_mirror,clean,verified_from_configured_author_id,29,3479,,2023-08-09
huatai_macro-2023-08-09-华泰宏观-7月出口增速回落-但下半年或有转机,huatai_macro,华泰宏观,华泰证券宏观研究,configured_public_index,【华泰宏观】7月出口增速回落，但下半年或有转机,https://www.10100.com/article/65865004,full_mirror,clean,verified_from_configured_author_id,9,3339,,2023-08-09
cicc_perspective-2023-08-08-中金宏观-出口价格降幅或扩大-2023年7月进出口数据点评,cicc_perspective,中金点睛,中金宏观,team_channel,中金宏观 | 出口价格降幅或扩大——2023年7月进出口数据点评,https://www.10100.com/article/148029263,full_mirror,clean,verified_from_configured_author_id,13,4030,,2023-08-08
huatai_macro-2023-08-07-华泰宏观-图解国内周报-预期有所改善-地产需求仍待修复,huatai_macro,华泰宏观,华泰证券宏观研究,configured_public_index,【华泰宏观|图解国内周报】预期有所改善，地产需求仍待修复,https://www.10100.com/article/65958947,full_mirror,clean,verified_from_configured_author_id,34,3854,,2023-08-07
huatai_macro-2023-08-07-华泰宏观-专题-盘点近期稳增长政策,huatai_macro,华泰宏观,华泰证券宏观研究,configured_public_index,【华泰宏观 | 专题】盘点近期稳增长政策,https://www.10100.com/article/65865028,full_mirror,clean,verified_from_configured_author_id,7,7878,,2023-08-07
guolei_macro-2023-08-07-广发宏观-资产负债表衰退理论与海外经验案例的实质,guolei_macro,郭磊宏观茶座,广发证券,institutional_archive,广发宏观｜资产负债表衰退理论与海外经验案例的实质,https://www.10100.com/article/77169396,full_mirror,clean,verified_from_configured_author_id_and_title_signature,11,28226,,2023-08-07
huatai_macro-2023-08-06-华泰宏观-图说研报-美国财政补贴大幅提振企业投资,huatai_macro,华泰宏观,华泰证券宏观研究,configured_public_index,【华泰宏观 | 图说研报】美国财政补贴大幅提振企业投资,https://www.10100.com/article/65959004,full_mirror,clean,verified_from_configured_author_id,2,1459,,2023-08-06
huatai_macro-2023-08-06-华泰宏观-图说研报-美国为何迟迟不衰退,huatai_macro,华泰宏观,华泰证券宏观研究,configured_public_index,【华泰宏观 | 图说研报】美国为何迟迟不衰退？,https://www.10100.com/article/65865034,full_mirror,clean,verified_from_configured_author_id,3,1520,,2023-08-06
cicc_perspective-2023-08-06-CPI同比或转负-线下消费是亮点-7月经济数据前瞻,cicc_perspective,中金点睛,中金宏观,team_channel,CPI同比或转负，线下消费是亮点 ——7月经济数据前瞻,https://www.10100.com/article/148035460,full_mirror,clean,verified_from_configured_author_id,1,3991,,2023-08-06
yiyuzhongde-2023-08-05-华创宏观-张瑜团队-停止加息的三个信号均已显现-美国7月非农数据点评,yiyuzhongde,一瑜中的,一瑜中的,exact,【华创宏观·张瑜团队】停止加息的三个信号均已显现——美国7月非农数据点评,https://finance.sina.cn/hkstock/ggyw/2023-08-06/detail-imzffpxc3500366.d.html?cref=cj,full_mirror,clean,verified_from_publisher_label,18,4667,,2023-08-05
huatai_macro-2023-08-05-华泰宏观-周度G3资产负债表追踪-美国财政存款月末下降-BoJ购债加速,huatai_macro,华泰宏观,华泰证券宏观研究,configured_public_index,"【华泰宏观|周度G3资产负债表追踪】美国财政存款月末下降,BoJ购债加速",https://www.10100.com/article/65865035,full_mirror,clean,verified_from_configured_author_id,9,2908,,2023-08-05
huatai_macro-2023-08-03-华泰宏观-7月预览-暑期出行活跃-静待稳增长政策落地,huatai_macro,华泰宏观,华泰证券宏观研究,configured_public_index,【华泰宏观 | 7月预览】暑期出行活跃，静待稳增长政策落地,https://www.10100.com/article/65959006,full_mirror,clean,verified_from_configured_author_id,2,2938,,2023-08-03
huatai_macro-2023-08-01-华泰宏观-深度-美国为何迟迟不衰退,huatai_macro,华泰宏观,华泰证券宏观研究,configured_public_index,【华泰宏观 | 深度】美国为何迟迟不衰退？,https://www.10100.com/article/65865013,full_mirror,clean,verified_from_configured_author_id,45,13646,,2023-08-01
huatai_macro-2023-08-01-华泰宏观-出口多维度指标一览-更新至7月31日,huatai_macro,华泰宏观,华泰证券宏观研究,configured_public_index,【华泰宏观】出口多维度指标一览（更新至7月31日）,https://www.10100.com/article/65865014,full_mirror,clean,verified_from_configured_author_id,2,1412,,2023-08-01
huatai_macro-2023-08-01-华泰宏观-专题-美国财政补贴大幅提振企业投资,huatai_macro,华泰宏观,华泰证券宏观研究,configured_public_index,【华泰宏观 | 专题】美国财政补贴大幅提振企业投资,https://www.10100.com/article/65958955,full_mirror,clean,verified_from_configured_author_id,18,7773,,2023-08-01
huatai_macro-2023-07-31-华泰宏观-图解海外月报-美国软着陆预期升温-日本调整YCC,huatai_macro,华泰宏观,华泰证券宏观研究,configured_public_index,【华泰宏观 | 图解海外月报】美国软着陆预期升温，日本调整YCC,https://www.10100.com/article/65864985,full_mirror,clean,verified_from_configured_author_id,26,3983,,2023-07-31
huatai_macro-2023-07-31-华泰宏观-图解国内周报-政治局会议定调稳增长-人民币回升,huatai_macro,华泰宏观,华泰证券宏观研究,configured_public_index,【华泰宏观 | 图解国内周报】政治局会议定调稳增长，人民币回升,https://www.10100.com/article/65958975,full_mirror,clean,verified_from_configured_author_id,34,3851,,2023-07-31
huatai_macro-2023-07-31-华泰宏观-专题-如何理解-一揽子化债方案,huatai_macro,华泰宏观,华泰证券宏观研究,configured_public_index,【华泰宏观 | 专题】如何理解“一揽子化债方案”,https://www.10100.com/article/65958925,full_mirror,clean,verified_from_configured_author_id,5,5184,,2023-07-31
cicc_perspective-2023-07-31-中金宏观-内需推动新订单降幅缩窄-7月PMI点评,cicc_perspective,中金点睛,中金宏观,team_channel,中金宏观 | 内需推动新订单降幅缩窄——7月PMI点评,https://www.10100.com/article/148029381,full_mirror,clean,verified_from_configured_author_id,10,3956,,2023-07-31
cicc_perspective-2023-07-30-中金宏观-美国再工业化初现端倪,cicc_perspective,中金点睛,中金宏观,team_channel,中金宏观 | 美国再工业化初现端倪,https://www.10100.com/article/148028993,full_mirror,clean,verified_from_configured_author_id,10,4271,,2023-07-30
huatai_macro-2023-07-29-华泰宏观-周度G3资产负债表追踪-美债发行加速且联储缩表-流动性收缩,huatai_macro,华泰宏观,华泰证券宏观研究,configured_public_index,【华泰宏观 | 周度G3资产负债表追踪】美债发行加速且联储缩表，流动性收缩,https://www.10100.com/article/65864970,full_mirror,clean,verified_from_configured_author_id,9,3075,,2023-07-29
huatai_macro-2023-07-28-华泰宏观-电子计算机行业引领制造业利润修复-6月工业企业利润数据点评,huatai_macro,华泰宏观,华泰证券宏观研究,configured_public_index,【华泰宏观】电子计算机行业引领制造业利润修复｜6月工业企业利润数据点评,https://www.10100.com/article/65958976,full_mirror,clean,verified_from_configured_author_id,11,3841,,2023-07-28
cicc_perspective-2023-07-28-中金宏观-成本比收入下降更快-1-6月工业企业利润点评,cicc_perspective,中金点睛,中金宏观,team_channel,中金宏观 | 成本比收入下降更快 --- 1-6月工业企业利润点评,https://www.10100.com/article/148035464,full_mirror,clean,verified_from_configured_author_id,11,4191,,2023-07-28
huatai_macro-2023-07-27-华泰宏观-FOMC-联储7月平淡加息-再度进入观察模式,huatai_macro,华泰宏观,华泰证券宏观研究,configured_public_index,【华泰宏观】FOMC：联储7月平淡加息，再度进入观察模式,https://www.10100.com/article/65864987,full_mirror,clean,verified_from_configured_author_id,3,4918,,2023-07-27
huatai_macro-2023-07-25-华泰宏观-地产景气度面面观-更新至7月23日,huatai_macro,华泰宏观,华泰证券宏观研究,configured_public_index,【华泰宏观】地产景气度面面观（更新至7月23日）,https://www.10100.com/article/65864989,full_mirror,clean,verified_from_configured_author_id,2,1295,,2023-07-25
huatai_macro-2023-07-25-华泰宏观-出口多维度指标一览-更新至7月21日,huatai_macro,华泰宏观,华泰证券宏观研究,configured_public_index,【华泰宏观】出口多维度指标一览（更新至7月21日）,https://www.10100.com/article/65958982,full_mirror,clean,verified_from_configured_author_id,2,1413,,2023-07-25
huatai_macro-2023-07-24-华泰宏观-图解国内周报-Q2数据发布-国常会推动城中村改造,huatai_macro,华泰宏观,华泰证券宏观研究,configured_public_index,【华泰宏观 | 图解国内周报】Q2数据发布，国常会推动城中村改造,https://www.10100.com/article/65864991,full_mirror,clean,verified_from_configured_author_id,34,3794,,2023-07-24
guolei_macro-2023-07-24-广发宏观-如何评价二季度经济数据,guolei_macro,郭磊宏观茶座,广发证券,institutional_archive,【广发宏观】如何评价二季度经济数据,https://www.10100.com/article/77168669,full_mirror,clean,verified_from_configured_author_id_and_title_signature,4,6096,,2023-07-24
cicc_perspective-2023-07-24-中金宏观-若干城中村改造案列的启示-兼1H23财政形势回顾,cicc_perspective,中金点睛,中金宏观,team_channel,中金宏观 | 若干城中村改造案列的启示 ——兼1H23财政形势回顾,https://www.10100.com/article/148029021,full_mirror,clean,verified_from_configured_author_id,12,6955,,2023-07-24
cicc_perspective-2023-07-23-中金宏观-FOMC前瞻-对停止加息展开讨论,cicc_perspective,中金点睛,中金宏观,team_channel,中金宏观 | FOMC前瞻：对停止加息展开讨论,https://www.10100.com/article/148035504,full_mirror,clean,verified_from_configured_author_id,8,3737,,2023-07-23
huatai_macro-2023-07-20-华泰宏观-6月及上半年财政数据点评,huatai_macro,华泰宏观,华泰证券宏观研究,configured_public_index,【华泰宏观】6月及上半年财政数据点评,https://www.10100.com/article/65865021,full_mirror,clean,verified_from_configured_author_id,7,3476,,2023-07-20
huatai_macro-2023-07-18-华泰宏观-地产景气度面面观-更新至7月16日,huatai_macro,华泰宏观,华泰证券宏观研究,configured_public_index,【华泰宏观】地产景气度面面观（更新至7月16日）,https://www.10100.com/article/65864969,full_mirror,clean,verified_from_configured_author_id,2,1295,,2023-07-18
huatai_macro-2023-07-18-华泰宏观-出口多维度指标一览-更新至7月16日,huatai_macro,华泰宏观,华泰证券宏观研究,configured_public_index,【华泰宏观】出口多维度指标一览（更新至7月16日）,https://www.10100.com/article/65958921,full_mirror,clean,verified_from_configured_author_id,2,1413,,2023-07-18
cicc_perspective-2023-07-17-中金宏观-总体偏弱-政策加码必要性上升-2023年6月经济数据点评,cicc_perspective,中金点睛,中金宏观,team_channel,中金宏观 | 总体偏弱，政策加码必要性上升——2023年6月经济数据点评,https://www.10100.com/article/148029402,full_mirror,clean,verified_from_configured_author_id,2,4273,,2023-07-17
huatai_macro-2023-07-16-华泰宏观-策略-海外金融条件与港股风险偏好监测-第十六期,huatai_macro,华泰宏观,华泰证券宏观研究,configured_public_index,【华泰宏观+策略】海外金融条件与港股风险偏好监测 第十六期,https://www.10100.com/article/65958923,full_mirror,clean,verified_from_configured_author_id,19,3667,,2023-07-16
cicc_perspective-2023-07-16-中金宏观-通胀放缓难使美国利率持续下行,cicc_perspective,中金点睛,中金宏观,team_channel,中金宏观 | 通胀放缓难使美国利率持续下行,https://www.10100.com/article/148028854,full_mirror,clean,verified_from_configured_author_id,10,4501,,2023-07-16
huatai_macro-2023-07-15-华泰宏观-周度G3资产负债表追踪-美债发行上升边际收紧流动性,huatai_macro,华泰宏观,华泰证券宏观研究,configured_public_index,【华泰宏观|周度G3资产负债表追踪】美债发行上升边际收紧流动性,https://www.10100.com/article/65864974,full_mirror,clean,verified_from_configured_author_id,9,2977,,2023-07-15
yiyuzhongde-2023-07-13-华创宏观-张瑜团队-美国通胀宽度回落-美国6月CPI数据点评,yiyuzhongde,一瑜中的,一瑜中的,exact,【华创宏观·张瑜团队】美国通胀宽度回落!——美国6月CPI数据点评,https://news.qq.com/rain/a/20230713A09K6V00,full_mirror,clean,verified_from_publisher_label,6,4403,,2023-07-13
huatai_macro-2023-07-13-华泰宏观-美国CPI低于预期-短期或将趋弱,huatai_macro,华泰宏观,华泰证券宏观研究,configured_public_index,【华泰宏观】美国CPI低于预期，短期或将趋弱,https://www.10100.com/article/65958968,full_mirror,clean,verified_from_configured_author_id,7,3126,,2023-07-13
cicc_perspective-2023-07-13-中金宏观-出口同比拐点已近-6月进出口点评,cicc_perspective,中金点睛,中金宏观,team_channel,中金宏观 | 出口同比拐点已近——6月进出口点评,https://www.10100.com/article/148035488,full_mirror,clean,verified_from_configured_author_id,11,3833,,2023-07-13
huatai_macro-2023-07-12-华泰宏观-人民币的阶段性弱势可能接近尾声,huatai_macro,华泰宏观,华泰证券宏观研究,configured_public_index,【华泰宏观】人民币的阶段性弱势可能接近尾声,https://www.10100.com/article/65959019,full_mirror,clean,verified_from_configured_author_id,8,3064,,2023-07-12
huatai_macro-2023-07-11-华泰宏观-出口多维度指标一览-更新至7月10日,huatai_macro,华泰宏观,华泰证券宏观研究,configured_public_index,【华泰宏观】出口多维度指标一览（更新至7月10日）,https://www.10100.com/article/65865074,full_mirror,clean,verified_from_configured_author_id,2,1412,,2023-07-11
huatai_macro-2023-07-11-华泰宏观-2023年6月通胀数据点评,huatai_macro,华泰宏观,华泰证券宏观研究,team_channel,【华泰宏观】2023年6月通胀数据点评,https://finance.sina.com.cn/money/fund/jjzl/2023-07-20/doc-imzcitxm9138927.shtml,full_mirror,clean,verified_from_publisher_label,4,2359,,2023-07-11
huatai_macro-2023-07-10-华泰宏观-首发-图说全球PMI-PMI预示全球需求降温-通胀回落,huatai_macro,华泰宏观,华泰证券宏观研究,configured_public_index,【华泰宏观 | 首发】图说全球PMI | PMI预示全球需求降温、通胀回落,https://www.10100.com/article/65959020,full_mirror,clean,verified_from_configured_author_id,28,3614,,2023-07-10
huatai_macro-2023-07-10-华泰宏观-图解海外周报-美国非农不及预期-10年美债破4,huatai_macro,华泰宏观,华泰证券宏观研究,configured_public_index,【华泰宏观 | 图解海外周报】美国非农不及预期;10年美债破4%,https://www.10100.com/article/65865076,full_mirror,clean,verified_from_configured_author_id,25,3855,,2023-07-10
guolei_macro-2023-07-10-广发宏观-美联储6月会议纪要的三重信息,guolei_macro,郭磊宏观茶座,广发证券,institutional_archive,广发宏观｜美联储6月会议纪要的三重信息,https://www.10100.com/article/76491778,full_mirror,clean,verified_from_configured_author_id_and_title_signature,0,7000,,2023-07-10
cicc_perspective-2023-07-10-中金宏观-内需待恢复-亮点在科技-2023年6月物价数据点评,cicc_perspective,中金点睛,中金宏观,team_channel,中金宏观 | 内需待恢复，亮点在科技 ——2023年6月物价数据点评,https://www.10100.com/article/148029407,full_mirror,clean,verified_from_configured_author_id,10,3537,,2023-07-10
huatai_macro-2023-07-09-华泰宏观-策略-海外金融条件与港股风险偏好监测-第十五期,huatai_macro,华泰宏观,华泰证券宏观研究,configured_public_index,【华泰宏观+策略】海外金融条件与港股风险偏好监测 第十五期,https://www.10100.com/article/65958969,full_mirror,clean,verified_from_configured_author_id,19,3689,,2023-07-09
huatai_macro-2023-07-08-华泰宏观-美国非农-服务业招工出现减速迹象,huatai_macro,华泰宏观,华泰证券宏观研究,configured_public_index,【华泰宏观】美国非农：服务业招工出现减速迹象,https://www.10100.com/article/65958979,full_mirror,clean,verified_from_configured_author_id,7,3129,,2023-07-08
zhongzhengsheng-2023-07-06-钟正生-2023年下半年宏观经济展望,zhongzhengsheng,钟正生经济分析,钟正生经济分析,exact,钟正生:2023年下半年宏观经济展望,https://m.yicai.com/news/101800480.html,full_mirror,flagged,verified_from_publisher_label,11,3925,duplicate_content|figure_count_mismatch,2023-07-06
guolei_macro-2023-07-06-广发宏观-挑战软着陆-2023年中期海外环境展望,guolei_macro,郭磊宏观茶座,广发证券,institutional_archive,【广发宏观】挑战软着陆：2023年中期海外环境展望,https://www.10100.com/article/77168549,full_mirror,clean,verified_from_configured_author_id_and_title_signature,40,26418,,2023-07-06
huatai_macro-2023-07-04-华泰宏观-出口多维度指标一览-更新至7月2日,huatai_macro,华泰宏观,华泰证券宏观研究,configured_public_index,【华泰宏观】出口多维度指标一览（更新至7月2日）,https://www.10100.com/article/65864978,full_mirror,clean,verified_from_configured_author_id,2,1409,,2023-07-04
cicc_perspective-2023-07-04-地产基建放缓-政策转轨待提速-6月经济数据前瞻,cicc_perspective,中金点睛,中金宏观,team_channel,地产基建放缓，政策转轨待提速——6月经济数据前瞻,https://www.10100.com/article/148042075,full_mirror,clean,verified_from_configured_author_id,1,4171,,2023-07-04
huatai_macro-2023-07-03-华泰宏观-低基数推高2Q同比-6月和2季度中国宏观数据预览,huatai_macro,华泰宏观,华泰证券宏观研究,configured_public_index,【华泰宏观】低基数推高2Q同比——6月和2季度中国宏观数据预览,https://www.10100.com/article/65958929,full_mirror,clean,verified_from_configured_author_id,6,3924,,2023-07-03
cicc_perspective-2023-07-03-中金宏观-美国经济韧性推升美债利率,cicc_perspective,中金点睛,中金宏观,team_channel,中金宏观 | 美国经济韧性推升美债利率,https://www.10100.com/article/148028866,full_mirror,clean,verified_from_configured_author_id,13,4644,,2023-07-03
huatai_macro-2023-07-02-华泰宏观-6月韩国出口降幅收窄,huatai_macro,华泰宏观,华泰证券宏观研究,configured_public_index,【华泰宏观】6月韩国出口降幅收窄,https://www.10100.com/article/65958932,full_mirror,clean,verified_from_configured_author_id,8,2742,,2023-07-02
yiyuzhongde-2023-07-01-华创宏观-张瑜团队-重点是观察央行的态度-2023年二季度货币政策委员会例会点评,yiyuzhongde,一瑜中的,一瑜中的,exact,【华创宏观·张瑜团队】重点是观察央行的态度——2023年二季度货币政策委员会例会点评,https://www.fhyanbao.com/rpview/1091969,abstract_only,flagged,verified_from_publisher_label,0,526,mirror_is_abstract,2023-07-01
huatai_macro-2023-07-01-华泰宏观-周度G3资产负债表追踪-联储总资产规模降至硅谷银行风波前,huatai_macro,华泰宏观,华泰证券宏观研究,configured_public_index,【华泰宏观 | 周度G3资产负债表追踪】联储总资产规模降至硅谷银行风波前,https://www.10100.com/article/65958980,full_mirror,clean,verified_from_configured_author_id,9,3324,,2023-07-01
cicc_perspective-2023-07-01-中金宏观-总体仍偏弱-结构续分化-6月PMI点评,cicc_perspective,中金点睛,中金宏观,team_channel,中金宏观 | 总体仍偏弱，结构续分化——6月PMI点评,https://www.10100.com/article/148035505,full_mirror,clean,verified_from_configured_author_id,10,3808,,2023-07-01
cicc_perspective-2023-06-30-中金-美国GDP上修支持进一步加息,cicc_perspective,中金点睛,中金宏观,team_channel,中金：美国GDP上修支持进一步加息,https://www.10100.com/article/148029412,full_mirror,clean,verified_from_configured_author_id,4,3223,,2023-06-30
yiyuzhongde-2023-06-28-张瑜-寻找看不见的增长-2023年中期策略报告-干货版,yiyuzhongde,一瑜中的,一瑜中的,exact,张瑜:寻找看不见的增长——2023年中期策略报告(干货版),https://news.qq.com/rain/a/20230627A09QDY00,full_mirror,clean,verified_from_publisher_label,39,20341,,2023-06-28
cicc_perspective-2023-06-28-中金宏观-成本下降-制造业利润降幅收窄-1-5月工业企业利润点评,cicc_perspective,中金点睛,中金宏观,team_channel,中金宏观 | 成本下降，制造业利润降幅收窄—1-5月工业企业利润点评,https://www.10100.com/article/148029255,full_mirror,clean,verified_from_configured_author_id,9,3852,,2023-06-28
huatai_macro-2023-06-27-华泰宏观-出口多维监测指标一览-更新至6月23日,huatai_macro,华泰宏观,华泰证券宏观研究,configured_public_index,【华泰宏观】出口多维监测指标一览（更新至6月23日）,https://www.10100.com/article/65958978,full_mirror,clean,verified_from_configured_author_id,2,1416,,2023-06-27
huatai_macro-2023-06-26-华泰宏观-图解海外周报-英国挪威加息再提速-欧美PMI走弱,huatai_macro,华泰宏观,华泰证券宏观研究,configured_public_index,【华泰宏观|图解海外周报】英国挪威加息再提速，欧美PMI走弱,https://www.10100.com/article/65865075,full_mirror,clean,verified_from_configured_author_id,25,3765,,2023-06-26
cicc_perspective-2023-06-26-中金宏观-城投再融资压力如何破解,cicc_perspective,中金点睛,中金宏观,team_channel,中金宏观 | 城投再融资压力如何破解？,https://www.10100.com/article/148042065,full_mirror,clean,verified_from_configured_author_id,48,9870,,2023-06-26
huatai_macro-2023-06-25-华泰宏观-策略-海外金融条件与港股风险偏好监测-第十三期,huatai_macro,华泰宏观,华泰证券宏观研究,configured_public_index,【华泰宏观+策略】海外金融条件与港股风险偏好监测 第十三期,https://www.10100.com/article/65958984,full_mirror,clean,verified_from_configured_author_id,19,3738,,2023-06-25
cicc_perspective-2023-06-25-中金宏观-海外央行加息预期困扰市场,cicc_perspective,中金点睛,中金宏观,team_channel,中金宏观 | 海外央行加息预期困扰市场,https://www.10100.com/article/148029019,full_mirror,clean,verified_from_configured_author_id,8,4937,,2023-06-25
cicc_perspective-2023-06-22-中金宏观-财政货币-如何协同-后疫情时代系列报告之一,cicc_perspective,中金点睛,中金宏观,team_channel,中金宏观 | 财政货币，如何协同？——后疫情时代系列报告之一,https://www.10100.com/article/148029400,full_mirror,clean,verified_from_configured_author_id,35,26285,,2023-06-22
cicc_perspective-2023-06-22-中金宏观-创新能拉动多少增长-后疫情时代系列报告之二,cicc_perspective,中金点睛,中金宏观,team_channel,中金宏观 | 创新能拉动多少增长？——后疫情时代系列报告之二,https://www.10100.com/article/148035487,full_mirror,clean,verified_from_configured_author_id,30,16751,,2023-06-22
huatai_macro-2023-06-20-华泰宏观-地产景气度面面观-更新至6月18日,huatai_macro,华泰宏观,华泰证券宏观研究,configured_public_index,【华泰宏观】地产景气度面面观（更新至6月18日）,https://www.10100.com/article/65865066,full_mirror,clean,verified_from_configured_author_id,2,1319,,2023-06-20
huatai_macro-2023-06-20-华泰宏观-出口多维监测指标一览-更新至6月16日,huatai_macro,华泰宏观,华泰证券宏观研究,configured_public_index,【华泰宏观】出口多维监测指标一览（更新至6月16日）,https://www.10100.com/article/65958974,full_mirror,clean,verified_from_configured_author_id,2,1416,,2023-06-20
cicc_perspective-2023-06-20-中金-库存周期向积极方向发展,cicc_perspective,中金点睛,中金宏观,team_channel,中金：库存周期向积极方向发展,https://www.10100.com/article/148042147,full_mirror,clean,verified_from_configured_author_id,20,5592,,2023-06-20
guolei_macro-2023-06-19-广发宏观-美联储6月议息会议的新信号,guolei_macro,郭磊宏观茶座,广发证券,institutional_archive,广发宏观｜美联储6月议息会议的新信号,https://www.10100.com/article/76476248,full_mirror,clean,verified_from_configured_author_id_and_title_signature,2,5080,,2023-06-19
cicc_perspective-2023-06-19-中金宏观-增量财政工具或在路上-5月财政收支数据点评,cicc_perspective,中金点睛,中金宏观,team_channel,中金宏观 | 增量财政工具或在路上 ——5月财政收支数据点评,https://www.10100.com/article/148029387,full_mirror,clean,verified_from_configured_author_id,11,5013,,2023-06-19
cicc_perspective-2023-06-19-中金-欧央行加息继续-态度偏鹰,cicc_perspective,中金点睛,中金宏观,team_channel,中金：欧央行加息继续，态度偏鹰,https://www.10100.com/article/148042133,full_mirror,clean,verified_from_configured_author_id,12,5322,,2023-06-19
huatai_macro-2023-06-18-华泰宏观-策略-海外金融条件与港股风险偏好监测-第十二期,huatai_macro,华泰宏观,华泰证券宏观研究,configured_public_index,【华泰宏观+策略】海外金融条件与港股风险偏好监测 第十二期,https://www.10100.com/article/65865079,full_mirror,clean,verified_from_configured_author_id,17,3556,,2023-06-18
huatai_macro-2023-06-17-华泰宏观-联储BTFP贷款余额继续温和上升,huatai_macro,华泰宏观,华泰证券宏观研究,configured_public_index,【华泰宏观】联储BTFP贷款余额继续温和上升,https://www.10100.com/article/65959026,full_mirror,clean,verified_from_configured_author_id,9,2730,,2023-06-17
huatai_macro-2023-06-17-华泰宏观-5月经济数据点评-需求回升动能进一步减弱,huatai_macro,华泰宏观,华泰证券宏观研究,configured_public_index,【华泰宏观】5月经济数据点评|需求回升动能进一步减弱,https://www.10100.com/article/65865085,full_mirror,clean,verified_from_configured_author_id,10,4748,,2023-06-17
zhongzhengsheng-2023-06-15-末次加息悬而未决-美联储2023年6月议息会议解读,zhongzhengsheng,钟正生经济分析,钟正生经济分析,exact,末次加息悬而未决——美联储2023年6月议息会议解读,https://finance.sina.cn/2023-06-15/detail-imyxkthf6367924.d.html?cref=cj,full_mirror,clean,verified_from_publisher_label,20,6540,,2023-06-15
huatai_macro-2023-06-15-华泰宏观-FOMC-跳过6月加息但上调加息指引,huatai_macro,华泰宏观,华泰证券宏观研究,configured_public_index,【华泰宏观】FOMC：跳过6月加息但上调加息指引,https://www.10100.com/article/65865088,full_mirror,clean,verified_from_configured_author_id,5,5553,,2023-06-15
guolei_macro-2023-06-15-广发宏观郭磊-如何看5月经济数据,guolei_macro,郭磊宏观茶座,郭磊宏观茶座,exact,【广发宏观郭磊】如何看5月经济数据,https://www.163.com/dy/article/J50F1OIB0519IGF7.html,full_mirror,clean,verified_from_publisher_label,5,4886,,2023-06-15
cicc_perspective-2023-06-15-中金宏观-环比改善-但也需政策加码-2023年5月经济数据点评,cicc_perspective,中金点睛,中金宏观,team_channel,中金宏观 | 环比改善，但也需政策加码——2023年5月经济数据点评,https://www.10100.com/article/148029006,full_mirror,clean,verified_from_configured_author_id,2,4194,,2023-06-15
cicc_perspective-2023-06-15-中金-美联储下半年或继续加息,cicc_perspective,中金点睛,中金宏观,team_channel,中金：美联储下半年或继续加息,https://www.10100.com/article/148035475,full_mirror,clean,verified_from_configured_author_id,6,3446,,2023-06-15
xuetao_macro-2023-06-14-政策触发的因素是什么-天风宏观宋雪涛,xuetao_macro,雪涛宏观笔记,雪涛宏观笔记,exact,政策触发的因素是什么?(天风宏观宋雪涛),https://finance.sina.com.cn/money/bond/research/2023-06-14/doc-imyxhqhv3386717.shtml,full_mirror,clean,verified_from_publisher_label,19,3945,,2023-06-14
huatai_macro-2023-06-14-华泰宏观-信贷周期加速下行-广义政府融资走弱,huatai_macro,华泰宏观,华泰证券宏观研究,configured_public_index,【华泰宏观】信贷周期加速下行，广义政府融资走弱,https://www.10100.com/article/65959028,full_mirror,clean,verified_from_configured_author_id,6,3646,,2023-06-14
huatai_macro-2023-06-13-华泰宏观-地产景气度面面观-更新至6月12日,huatai_macro,华泰宏观,华泰证券宏观研究,configured_public_index,【华泰宏观】地产景气度面面观（更新至6月12日）,https://www.10100.com/article/65865109,full_mirror,clean,verified_from_configured_author_id,2,1318,,2023-06-13
huatai_macro-2023-06-13-华泰宏观-出口多维监测指标一览-更新至6月10日,huatai_macro,华泰宏观,华泰证券宏观研究,configured_public_index,【华泰宏观】出口多维监测指标一览（更新至6月10日）,https://www.10100.com/article/65958987,full_mirror,clean,verified_from_configured_author_id,2,1416,,2023-06-13
cicc_perspective-2023-06-13-中金宏观-降息吹响稳增长政策号角,cicc_perspective,中金点睛,中金宏观,team_channel,中金宏观 | 降息吹响稳增长政策号角,https://www.10100.com/article/148029388,full_mirror,clean,verified_from_configured_author_id,13,4837,,2023-06-13
huatai_macro-2023-06-12-华泰宏观-图解国内周报-生产放缓房市降温-流动性趋宽松,huatai_macro,华泰宏观,华泰证券宏观研究,configured_public_index,【华泰宏观|图解国内周报】生产放缓房市降温，流动性趋宽松,https://www.10100.com/article/65958985,full_mirror,clean,verified_from_configured_author_id,34,3888,,2023-06-12
huatai_macro-2023-06-12-华泰宏观-6月FOMC前瞻-联储或以鹰派指引换取跳过6月加息,huatai_macro,华泰宏观,华泰证券宏观研究,configured_public_index,【华泰宏观】6月FOMC前瞻——联储或以鹰派指引换取跳过6月加息,https://www.10100.com/article/65865103,full_mirror,clean,verified_from_configured_author_id,4,3381,,2023-06-12
guojun_macro-2023-06-12-国君宏观-通胀拐点盯什么-2023年5月通胀数据点评,guojun_macro,国君宏观研究,国泰君安证券研究,parent_platform,国君宏观 | 通胀拐点盯什么?——2023年5月通胀数据点评,https://finance.sina.cn/2023-06-10/detail-imywunmi4175322.d.html?cref=cj,full_mirror,clean,verified_from_publisher_label,24,3276,,2023-06-12
cicc_perspective-2023-06-11-中金宏观-FOMC前瞻-加息暂缓-关注经济预测,cicc_perspective,中金点睛,中金宏观,team_channel,中金宏观 | FOMC前瞻：加息暂缓，关注经济预测,https://www.10100.com/article/148042081,full_mirror,clean,verified_from_configured_author_id,9,3752,,2023-06-11
huatai_macro-2023-06-10-华泰宏观-非食品CPI同比降至0,huatai_macro,华泰宏观,华泰证券宏观研究,configured_public_index,【华泰宏观】非食品CPI同比降至0,https://www.10100.com/article/65865104,full_mirror,clean,verified_from_configured_author_id,5,3419,,2023-06-10
cicc_perspective-2023-06-07-中金宏观-积压订单消退致出口回落-2023年5月进出口数据点评,cicc_perspective,中金点睛,中金宏观,team_channel,中金宏观 | 积压订单消退致出口回落——2023年5月进出口数据点评,https://www.10100.com/article/148029037,full_mirror,clean,verified_from_configured_author_id,9,3485,,2023-06-07
huatai_macro-2023-06-05-华泰宏观-图解国内周报-出口与工业生产高频指标环比走弱,huatai_macro,华泰宏观,华泰证券宏观研究,configured_public_index,【华泰宏观|图解国内周报】出口与工业生产高频指标环比走弱,https://www.10100.com/article/65958986,full_mirror,clean,verified_from_configured_author_id,34,3908,,2023-06-05
huatai_macro-2023-06-05-华泰宏观-5月韩国出口跌幅加深,huatai_macro,华泰宏观,华泰证券宏观研究,configured_public_index,【华泰宏观】5月韩国出口跌幅加深,https://www.10100.com/article/65865105,full_mirror,clean,verified_from_configured_author_id,7,2723,,2023-06-05
cicc_perspective-2023-06-05-中金宏观-百年变局重塑全球市场,cicc_perspective,中金点睛,中金宏观,team_channel,中金宏观 | 百年变局重塑全球市场,https://www.10100.com/article/148035530,full_mirror,clean,verified_from_configured_author_id,42,12207,,2023-06-05
cicc_perspective-2023-06-05-中金宏观-延续温和复苏-5月经济数据前瞻,cicc_perspective,中金点睛,中金宏观,team_channel,中金宏观 | 延续温和复苏——5月经济数据前瞻,https://www.10100.com/article/148029419,full_mirror,clean,verified_from_configured_author_id,1,5641,,2023-06-05
cicc_perspective-2023-06-04-中金宏观-美联储-跳过-加息呼声渐起,cicc_perspective,中金点睛,中金宏观,team_channel,中金宏观 | 美联储“跳过”加息呼声渐起,https://www.10100.com/article/148042172,full_mirror,clean,verified_from_configured_author_id,14,4179,,2023-06-04
huatai_macro-2023-06-02-华泰宏观-深度-日特估-可持续吗,huatai_macro,华泰宏观,华泰证券宏观研究,configured_public_index,【华泰宏观 | 深度】“日特估”可持续吗？,https://www.10100.com/article/65959012,full_mirror,clean,verified_from_configured_author_id,20,8105,,2023-06-02
huatai_macro-2023-06-01-华泰宏观-图解国内月报-内需冷热分布不均-外需边际走弱,huatai_macro,华泰宏观,华泰证券宏观研究,configured_public_index,【华泰宏观 | 图解国内月报】内需冷热分布不均，外需边际走弱,https://www.10100.com/article/65865039,full_mirror,clean,verified_from_configured_author_id,32,3939,,2023-06-01
huatai_macro-2023-05-31-倒计时1天-华泰证券2023年中期投资峰会-主论坛及宏观分论坛-不啻微芒-造炬成阳,huatai_macro,华泰宏观,华泰证券宏观研究,configured_public_index,倒计时1天——【华泰证券2023年中期投资峰会 | 主论坛及宏观分论坛】不啻微芒，造炬成阳,https://www.10100.com/article/65958959,full_mirror,clean,verified_from_configured_author_id,4,1388,,2023-05-31
cicc_perspective-2023-05-31-中金宏观-分化明显-但总体走弱-2023年5月PMI点评,cicc_perspective,中金点睛,中金宏观,team_channel,中金宏观 | 分化明显，但总体走弱——2023年5月PMI点评,https://www.10100.com/article/148029038,full_mirror,clean,verified_from_configured_author_id,10,3862,,2023-05-31
huatai_macro-2023-05-30-华泰宏观-美债务上限协议达成-尚待国会批准,huatai_macro,华泰宏观,华泰证券宏观研究,configured_public_index,【华泰宏观】美债务上限协议达成，尚待国会批准,https://www.10100.com/article/65865010,full_mirror,clean,verified_from_configured_author_id,3,2935,,2023-05-30
guolei_macro-2023-05-30-广发宏观-企业库存去化加速,guolei_macro,郭磊宏观茶座,广发证券,institutional_archive,【广发宏观】企业库存去化加速,https://www.10100.com/article/76490662,full_mirror,clean,verified_from_configured_author_id_and_title_signature,4,6791,,2023-05-30
huatai_macro-2023-05-29-华泰宏观-深度-2023下半年及2024年中国宏观经济展望-内需动能减弱-外需扰动犹存,huatai_macro,华泰宏观,华泰证券宏观研究,configured_public_index,【华泰宏观 | 深度】2023下半年及2024年中国宏观经济展望：内需动能减弱，外需扰动犹存,https://www.10100.com/article/65958949,full_mirror,clean,verified_from_configured_author_id,42,21150,,2023-05-29
huatai_macro-2023-05-28-华泰宏观-美国PCE通胀高于预期,huatai_macro,华泰宏观,华泰证券宏观研究,configured_public_index,【华泰宏观】 美国PCE通胀高于预期,https://www.10100.com/article/65865032,full_mirror,clean,verified_from_configured_author_id,8,3051,,2023-05-28
cicc_perspective-2023-05-28-中金宏观-美国债务上限的最新进展与影响,cicc_perspective,中金点睛,中金宏观,team_channel,中金宏观 | 美国债务上限的最新进展与影响,https://www.10100.com/article/148028852,full_mirror,clean,verified_from_configured_author_id,14,7910,,2023-05-28
cicc_perspective-2023-05-26-中金宏观-财政政策力度有待加码,cicc_perspective,中金点睛,中金宏观,team_channel,中金宏观 | 财政政策力度有待加码,https://www.10100.com/article/148035482,full_mirror,clean,verified_from_configured_author_id,9,3633,,2023-05-26
huatai_macro-2023-05-22-华泰宏观-图解国内周报-增长动能环比走弱,huatai_macro,华泰宏观,华泰证券宏观研究,configured_public_index,【华泰宏观|图解国内周报】增长动能环比走弱,https://www.10100.com/article/65959022,full_mirror,clean,verified_from_configured_author_id,33,3909,,2023-05-22
huatai_macro-2023-05-22-华泰宏观-4月居民存款为何超季节下降,huatai_macro,华泰宏观,华泰证券宏观研究,configured_public_index,【华泰宏观】4月居民存款为何超季节下降？,https://www.10100.com/article/65865071,full_mirror,clean,verified_from_configured_author_id,9,3656,,2023-05-22
huatai_macro-2023-05-18-华泰宏观-财政扩张力度有所下行-4月财政数据点评,huatai_macro,华泰宏观,华泰证券宏观研究,configured_public_index,【华泰宏观】财政扩张力度有所下行 | 4月财政数据点评,https://www.10100.com/article/65959023,full_mirror,clean,verified_from_configured_author_id,5,3445,,2023-05-18
huatai_macro-2023-05-17-华泰宏观-美国4月零售反弹幅度不及预期,huatai_macro,华泰宏观,华泰证券宏观研究,configured_public_index,【华泰宏观】 美国4月零售反弹幅度不及预期,https://www.10100.com/article/65958994,full_mirror,clean,verified_from_configured_author_id,5,2646,,2023-05-17
cicc_perspective-2023-05-17-中金宏观-经济复苏的-过渡期-2023年4月经济数据点评,cicc_perspective,中金点睛,中金宏观,team_channel,中金宏观 | 经济复苏的“过渡期” ——2023年4月经济数据点评,https://www.10100.com/article/148042144,full_mirror,clean,verified_from_configured_author_id,1,4108,,2023-05-17
xuetao_macro-2023-05-15-存款去哪儿-天风宏观宋雪涛,xuetao_macro,雪涛宏观笔记,雪涛宏观笔记,exact,存款去哪儿(天风宏观宋雪涛),https://www.10100.com/article/34632313,full_mirror,clean,verified_from_publisher_label,1,1723,,2023-05-15
huatai_macro-2023-05-15-华泰宏观-美国-高危-中小银行图鉴,huatai_macro,华泰宏观,华泰证券宏观研究,configured_public_index,【华泰宏观】美国“高危”中小银行图鉴,https://www.10100.com/article/65959051,full_mirror,clean,verified_from_configured_author_id,19,6621,,2023-05-15
cicc_perspective-2023-05-14-中金宏观-美国信贷紧缩影响尚未显现,cicc_perspective,中金点睛,中金宏观,team_channel,中金宏观 | 美国信贷紧缩影响尚未显现,https://www.10100.com/article/148029389,full_mirror,clean,verified_from_configured_author_id,16,5341,,2023-05-14
cicc_perspective-2023-05-14-中金宏观-从信贷扩张看投资前景,cicc_perspective,中金点睛,中金宏观,team_channel,中金宏观 | 从信贷扩张看投资前景,https://www.10100.com/article/148035484,full_mirror,clean,verified_from_configured_author_id,45,8062,,2023-05-14
huatai_macro-2023-05-12-华泰宏观-地产需求再度走弱-4月社融不及预期,huatai_macro,华泰宏观,华泰证券宏观研究,configured_public_index,【华泰宏观】地产需求再度走弱，4月社融不及预期,https://www.10100.com/article/65865099,full_mirror,clean,verified_from_configured_author_id,4,3887,,2023-05-12
huatai_macro-2023-05-11-华泰宏观-食品价格回落拖累-4-月-CPI-下行,huatai_macro,华泰宏观,华泰证券宏观研究,configured_public_index,【华泰宏观】食品价格回落拖累 4 月 CPI 下行,https://www.10100.com/article/65959052,full_mirror,clean,verified_from_configured_author_id,8,3725,,2023-05-11
cicc_perspective-2023-05-09-中金宏观-积压订单效应消退-出口相应走弱-2023年4月进出口数据点评,cicc_perspective,中金点睛,中金宏观,team_channel,中金宏观 | 积压订单效应消退，出口相应走弱——2023年4月进出口数据点评,https://www.10100.com/article/148042139,full_mirror,clean,verified_from_configured_author_id,9,3750,,2023-05-09
huatai_macro-2023-05-08-华泰宏观-深度-美国商业地产-至暗时刻或尚未到来,huatai_macro,华泰宏观,华泰证券宏观研究,configured_public_index,【华泰宏观|深度】美国商业地产：至暗时刻或尚未到来,https://www.10100.com/article/65865058,full_mirror,clean,verified_from_configured_author_id,18,8332,,2023-05-08
huatai_macro-2023-05-08-华泰宏观-图解国内周报-五一消费亮眼-但地产需求尚待修复,huatai_macro,华泰宏观,华泰证券宏观研究,configured_public_index,【华泰宏观 | 图解国内周报】五一消费亮眼，但地产需求尚待修复,https://www.10100.com/article/65958963,full_mirror,clean,verified_from_configured_author_id,33,3875,,2023-05-08
huatai_macro-2023-05-07-华泰宏观-研究合集更新-海外金融风险,huatai_macro,华泰宏观,华泰证券宏观研究,configured_public_index,【华泰宏观】研究合集更新：海外金融风险,https://www.10100.com/article/65865061,full_mirror,clean,verified_from_configured_author_id,4,3090,,2023-05-07
cicc_perspective-2023-05-07-中金宏观-美国劳动力市场韧性超预期,cicc_perspective,中金点睛,中金宏观,team_channel,中金宏观 | 美国劳动力市场韧性超预期,https://www.10100.com/article/148035476,full_mirror,clean,verified_from_configured_author_id,21,5356,,2023-05-07
cicc_perspective-2023-05-07-中金宏观-投资的贡献或边际改善-4月经济数据前瞻,cicc_perspective,中金点睛,中金宏观,team_channel,中金宏观 | 投资的贡献或边际改善——4月经济数据前瞻,https://www.10100.com/article/148029011,full_mirror,clean,verified_from_configured_author_id,1,5848,,2023-05-07
huatai_macro-2023-05-06-华泰宏观-4月预览-增长动能环比走弱-低基数效应凸显,huatai_macro,华泰宏观,华泰证券宏观研究,configured_public_index,【华泰宏观】4月预览：增长动能环比走弱、低基数效应凸显,https://www.10100.com/article/65958964,full_mirror,clean,verified_from_configured_author_id,2,3494,,2023-05-06
cicc_perspective-2023-05-05-中金-消费复苏第一步基本完成,cicc_perspective,中金点睛,中金宏观,team_channel,中金：消费复苏第一步基本完成,https://www.10100.com/article/148028853,full_mirror,clean,verified_from_configured_author_id,10,4372,,2023-05-05
huatai_macro-2023-05-04-华泰宏观-美国第14大银行倒闭昭示了什么,huatai_macro,华泰宏观,华泰证券宏观研究,configured_public_index,【华泰宏观】 美国第14大银行倒闭昭示了什么？,https://www.10100.com/article/65958990,full_mirror,clean,verified_from_configured_author_id,9,5475,,2023-05-04
huatai_macro-2023-05-04-华泰宏观-FOMC-加息或暂停-但能否不降息,huatai_macro,华泰宏观,华泰证券宏观研究,configured_public_index,【华泰宏观】FOMC：加息或暂停，但能否不降息？,https://www.10100.com/article/65865112,full_mirror,clean,verified_from_configured_author_id,3,5085,,2023-05-04
huatai_macro-2023-05-03-华泰宏观-5月FOMC前瞻-市场预期的加息-终点-能否兑现,huatai_macro,华泰宏观,华泰证券宏观研究,configured_public_index,【华泰宏观】 5月FOMC前瞻：市场预期的加息“终点”能否兑现？,https://www.10100.com/article/65865093,full_mirror,clean,verified_from_configured_author_id,5,3138,,2023-05-03
huatai_macro-2023-05-02-华泰宏观-赛程近半-五一消费数据快报,huatai_macro,华泰宏观,华泰证券宏观研究,configured_public_index,【华泰宏观】“赛程近半”：五一消费数据快报,https://www.10100.com/article/65959045,full_mirror,clean,verified_from_configured_author_id,6,4658,,2023-05-02
cicc_perspective-2023-05-02-中金宏观-FOMC前瞻-警惕鹰派言论,cicc_perspective,中金点睛,中金宏观,team_channel,中金宏观 | FOMC前瞻：警惕鹰派言论,https://www.10100.com/article/148029254,full_mirror,clean,verified_from_configured_author_id,13,4551,,2023-05-02
huatai_macro-2023-04-30-华泰宏观-4月制造业PMI重回荣枯线下,huatai_macro,华泰宏观,华泰证券宏观研究,configured_public_index,【华泰宏观】4月制造业PMI重回荣枯线下,https://www.10100.com/article/65865094,full_mirror,clean,verified_from_configured_author_id,4,3034,,2023-04-30
cicc_perspective-2023-04-30-中金宏观-结构性特征仍在延续-2023年4月PMI点评,cicc_perspective,中金点睛,中金宏观,team_channel,中金宏观 | 结构性特征仍在延续——2023年4月PMI点评,https://www.10100.com/article/148042061,full_mirror,clean,verified_from_configured_author_id,10,4715,,2023-04-30
huatai_macro-2023-04-29-华泰宏观-美国核心PCE继续下降-符合预期,huatai_macro,华泰宏观,华泰证券宏观研究,configured_public_index,【华泰宏观】美国核心PCE继续下降、符合预期,https://www.10100.com/article/65959046,full_mirror,clean,verified_from_configured_author_id,5,3230,,2023-04-29
huatai_macro-2023-04-28-华泰宏观-图解海外月报-经济数据喜忧参半-银行风险再起,huatai_macro,华泰宏观,华泰证券宏观研究,configured_public_index,【华泰宏观 | 图解海外月报】经济数据喜忧参半，银行风险再起,https://www.10100.com/article/65865126,full_mirror,clean,verified_from_configured_author_id,25,3666,,2023-04-28
huatai_macro-2023-04-28-华泰宏观-华泰出口监测系统周度更新,huatai_macro,华泰宏观,华泰证券宏观研究,configured_public_index,【华泰宏观】华泰出口监测系统周度更新,https://www.10100.com/article/65958995,full_mirror,clean,verified_from_configured_author_id,5,2181,,2023-04-28
huatai_macro-2023-04-28-华泰宏观-3月工业企业去库压力犹存,huatai_macro,华泰宏观,华泰证券宏观研究,configured_public_index,【华泰宏观】3月工业企业去库压力犹存,https://www.10100.com/article/65865125,full_mirror,clean,verified_from_configured_author_id,10,4205,,2023-04-28
cicc_perspective-2023-04-28-中金宏观-企业利润有所改善-1-3月工业企业利润点评,cicc_perspective,中金点睛,中金宏观,team_channel,中金宏观 | 企业利润有所改善—1-3月工业企业利润点评,https://www.10100.com/article/148035486,full_mirror,clean,verified_from_configured_author_id,9,3880,,2023-04-28
cicc_perspective-2023-04-26-中金宏观-增长离年前预测上限更近一步,cicc_perspective,中金点睛,中金宏观,team_channel,中金宏观 | 增长离年前预测上限更近一步,https://www.10100.com/article/148029257,full_mirror,clean,verified_from_configured_author_id,3,4925,,2023-04-26
huatai_macro-2023-04-24-华泰宏观-图解海外周报-美欧PMI超预期-收益率回升,huatai_macro,华泰宏观,华泰证券宏观研究,configured_public_index,【华泰宏观 | 图解海外周报】美欧PMI超预期，收益率回升,https://www.10100.com/article/65959053,full_mirror,clean,verified_from_configured_author_id,25,3577,,2023-04-24
huatai_macro-2023-04-24-华泰宏观-图解国内周报-1Q增长超预期-节前建筑活动降温,huatai_macro,华泰宏观,华泰证券宏观研究,configured_public_index,【华泰宏观 | 图解国内周报】1Q增长超预期；节前建筑活动降温,https://www.10100.com/article/65865118,full_mirror,clean,verified_from_configured_author_id,33,3882,,2023-04-24
cicc_perspective-2023-04-24-中金宏观-社团消费较居民消费复苏更快,cicc_perspective,中金点睛,中金宏观,team_channel,中金宏观 | 社团消费较居民消费复苏更快,https://www.10100.com/article/148042152,full_mirror,clean,verified_from_configured_author_id,12,7402,,2023-04-24
cicc_perspective-2023-04-23-中金宏观-欧洲服务业反弹-美国降息预期修正,cicc_perspective,中金点睛,中金宏观,team_channel,中金宏观 | 欧洲服务业反弹，美国降息预期修正,https://www.10100.com/article/148029023,full_mirror,clean,verified_from_configured_author_id,18,5582,,2023-04-23
xuetao_macro-2023-04-21-消费算不算强复苏-天风宏观宋雪涛,xuetao_macro,雪涛宏观笔记,雪涛宏观笔记,exact,消费算不算强复苏?(天风宏观宋雪涛),https://finance.sina.com.cn/money/bond/research/2023-04-21/doc-imyrecyi9480442.shtml,full_mirror,clean,verified_from_publisher_label,22,2140,,2023-04-21
huatai_macro-2023-04-21-华泰宏观-地产景气度面面观-更新至4月18日,huatai_macro,华泰宏观,华泰证券宏观研究,configured_public_index,【华泰宏观】地产景气度面面观（更新至4月18日）,https://www.10100.com/article/65865102,full_mirror,clean,verified_from_configured_author_id,2,1324,,2023-04-21
huatai_macro-2023-04-20-华泰宏观-1季度GDP数据发布后的5点思考-再评一季度数据,huatai_macro,华泰宏观,华泰证券宏观研究,configured_public_index,【华泰宏观】1季度GDP数据发布后的5点思考|再评一季度数据,https://www.10100.com/article/65959024,full_mirror,clean,verified_from_configured_author_id,5,4445,,2023-04-20
cicc_perspective-2023-04-18-中金宏观-非典型-复苏第一步-2023年3月经济数据点评,cicc_perspective,中金点睛,中金宏观,team_channel,中金宏观 | “非典型”复苏第一步——2023年3月经济数据点评,https://www.10100.com/article/148035490,full_mirror,clean,verified_from_configured_author_id,2,4232,,2023-04-18
xuetao_macro-2023-04-17-信贷的钱去哪儿了-天风宏观宋雪涛,xuetao_macro,雪涛宏观笔记,雪涛宏观笔记,exact,信贷的钱去哪儿了?(天风宏观宋雪涛),https://finance.sina.com.cn/money/bond/research/2023-04-17/doc-imyqssyf1520547.shtml,full_mirror,clean,verified_from_publisher_label,22,1879,,2023-04-17
huatai_macro-2023-04-17-华泰宏观-深度-中国出口产业链的升级与重塑,huatai_macro,华泰宏观,华泰证券宏观研究,configured_public_index,【华泰宏观|深度】中国出口产业链的升级与重塑,https://www.10100.com/article/65959025,full_mirror,clean,verified_from_configured_author_id,41,15007,,2023-04-17
huatai_macro-2023-04-17-华泰宏观-中国出口产业链的升级与重塑-浓缩版,huatai_macro,华泰宏观,华泰证券宏观研究,configured_public_index,【华泰宏观】中国出口产业链的升级与重塑（浓缩版）,https://www.10100.com/article/65865077,full_mirror,clean,verified_from_configured_author_id,10,4318,,2023-04-17
huatai_macro-2023-04-16-华泰宏观-策略-海外金融条件与港股风险偏好监测-第三期,huatai_macro,华泰宏观,华泰证券宏观研究,configured_public_index,【华泰宏观+策略】海外金融条件与港股风险偏好监测 第三期,https://www.10100.com/article/65865051,full_mirror,clean,verified_from_configured_author_id,17,3590,,2023-04-16
huatai_macro-2023-04-15-华泰宏观-美国消费引擎是否会-熄火-三月零售数据点评,huatai_macro,华泰宏观,华泰证券宏观研究,configured_public_index,【华泰宏观】美国消费引擎是否会“熄火”？｜三月零售数据点评,https://www.10100.com/article/65958960,full_mirror,clean,verified_from_configured_author_id,6,2642,,2023-04-15
huatai_macro-2023-04-14-华泰宏观-防疫优化的影响是再通胀而非通缩,huatai_macro,华泰宏观,华泰证券宏观研究,configured_public_index,【华泰宏观】防疫优化的影响是再通胀而非通缩,https://www.10100.com/article/65865044,full_mirror,clean,verified_from_configured_author_id,10,4050,,2023-04-14
huatai_macro-2023-04-13-华泰宏观-需求降温带动美国CPI边际走弱,huatai_macro,华泰宏观,华泰证券宏观研究,configured_public_index,【华泰宏观】需求降温带动美国CPI边际走弱,https://www.10100.com/article/65959013,full_mirror,clean,verified_from_configured_author_id,8,3297,,2023-04-13
cicc_perspective-2023-04-13-中金宏观-供给因素或是出口超预期的主因-2023年3月进出口数据点评,cicc_perspective,中金点睛,中金宏观,team_channel,中金宏观 | 供给因素或是出口超预期的主因——2023年3月进出口数据点评,https://www.10100.com/article/148042079,full_mirror,clean,verified_from_configured_author_id,11,4094,,2023-04-13
cicc_perspective-2023-04-12-中金宏观-我们看到的是回暖-而非通缩,cicc_perspective,中金点睛,中金宏观,team_channel,中金宏观 | 我们看到的是回暖，而非通缩,https://www.10100.com/article/148028867,full_mirror,clean,verified_from_configured_author_id,21,6037,,2023-04-12
macrofans-2023-04-11-接棒土地财政的是数据财政-股权财政还是房地产税,macrofans,宏观fans哲,宏观fans哲,author_research_stream,接棒土地财政的是数据财政、股权财政还是房地产税？,https://news.qq.com/rain/a/20230411A045BN00?no-redirect=1,full_mirror,clean,verified_from_publisher_citation,19,11366,,2023-04-11
huatai_macro-2023-04-10-华泰宏观-图解国内周报-清明出行活跃-土地市场初现暖意,huatai_macro,华泰宏观,华泰证券宏观研究,configured_public_index,【华泰宏观 | 图解国内周报】清明出行活跃，土地市场初现暖意,https://www.10100.com/article/65959014,full_mirror,clean,verified_from_configured_author_id,34,3930,,2023-04-10
huatai_macro-2023-04-10-华泰宏观-专题-义乌指数回升是否预示外贸回暖,huatai_macro,华泰宏观,华泰证券宏观研究,configured_public_index,【华泰宏观|专题】义乌指数回升是否预示外贸回暖？,https://www.10100.com/article/65865046,full_mirror,clean,verified_from_configured_author_id,12,6597,,2023-04-10
cicc_perspective-2023-04-10-中金宏观-货运量或低估经济复苏,cicc_perspective,中金点睛,中金宏观,team_channel,中金宏观 | 货运量或低估经济复苏,https://www.10100.com/article/148035525,full_mirror,clean,verified_from_configured_author_id,10,5657,,2023-04-10
cicc_perspective-2023-04-09-中金宏观-如何看待美国劳动力市场降温,cicc_perspective,中金点睛,中金宏观,team_channel,中金宏观 | 如何看待美国劳动力市场降温？,https://www.10100.com/article/148029413,full_mirror,clean,verified_from_configured_author_id,19,5530,,2023-04-09
huatai_macro-2023-04-08-华泰宏观-联储资产规模回落-但银行资金缺口尚存,huatai_macro,华泰宏观,华泰证券宏观研究,configured_public_index,"【华泰宏观】联储资产规模回落,但银行资金缺口尚存",https://www.10100.com/article/65958961,full_mirror,clean,verified_from_configured_author_id,9,3426,,2023-04-08
huatai_macro-2023-04-08-华泰宏观-美国劳工市场供求紧张局面小幅缓解,huatai_macro,华泰宏观,华泰证券宏观研究,configured_public_index,【华泰宏观】美国劳工市场供求紧张局面小幅缓解,https://www.10100.com/article/65865047,full_mirror,clean,verified_from_configured_author_id,6,3276,,2023-04-08
cicc_perspective-2023-04-06-中金宏观-两股力量支撑Q1复苏-3月经济数据前瞻,cicc_perspective,中金点睛,中金宏观,team_channel,中金宏观 | 两股力量支撑Q1复苏 ——3月经济数据前瞻,https://www.10100.com/article/148042165,full_mirror,clean,verified_from_configured_author_id,2,4556,,2023-04-06
cicc_perspective-2023-04-06-中金-经济复苏强弱之辨,cicc_perspective,中金点睛,中金宏观,team_channel,中金：经济复苏强弱之辨,https://www.10100.com/article/148028870,full_mirror,clean,verified_from_configured_author_id,37,12946,,2023-04-06
huatai_macro-2023-04-03-华泰宏观-图解海外周报-海外银行压力暂缓-通胀边际略减,huatai_macro,华泰宏观,华泰证券宏观研究,configured_public_index,【华泰宏观 | 图解海外周报】海外银行压力暂缓，通胀边际略减,https://www.10100.com/article/65959027,full_mirror,clean,verified_from_configured_author_id,25,3711,,2023-04-03
huatai_macro-2023-04-03-华泰宏观-图解国内周报-地产成交持续走强-PMI超预期回升,huatai_macro,华泰宏观,华泰证券宏观研究,configured_public_index,【华泰宏观 | 图解国内周报】地产成交持续走强、PMI超预期回升,https://www.10100.com/article/65865148,full_mirror,clean,verified_from_configured_author_id,34,3863,,2023-04-03
cicc_perspective-2023-04-03-中金宏观-金融风波暂缓-未来关注-紧信用,cicc_perspective,中金点睛,中金宏观,team_channel,中金宏观 | 金融风波暂缓，未来关注“紧信用”,https://www.10100.com/article/148029271,full_mirror,clean,verified_from_configured_author_id,15,6814,,2023-04-03
cicc_perspective-2023-04-03-中金宏观-去美元化-是-去金融化-的一个体现,cicc_perspective,中金点睛,中金宏观,team_channel,中金宏观 | “去美元化”是“去金融化”的一个体现,https://www.10100.com/article/148035514,full_mirror,clean,verified_from_configured_author_id,45,9768,,2023-04-03
huatai_macro-2023-04-02-华泰宏观-韩国出口持续低迷-或仍在筑底,huatai_macro,华泰宏观,华泰证券宏观研究,configured_public_index,【华泰宏观】韩国出口持续低迷，或仍在筑底,https://www.10100.com/article/65865149,full_mirror,clean,verified_from_configured_author_id,6,2857,,2023-04-02
huatai_macro-2023-04-02-华泰宏观-研究合集更新-欧美银行相关风险,huatai_macro,华泰宏观,华泰证券宏观研究,configured_public_index,【华泰宏观】研究合集更新：欧美银行相关风险,https://www.10100.com/article/65959063,full_mirror,clean,verified_from_configured_author_id,5,2587,,2023-04-02
huatai_macro-2023-04-01-华泰宏观-图解海外月报-美欧银行风波演绎-加息预期下行,huatai_macro,华泰宏观,华泰证券宏观研究,configured_public_index,【华泰宏观｜图解海外月报】美欧银行风波演绎，加息预期下行,https://www.10100.com/article/65959064,full_mirror,clean,verified_from_configured_author_id,16,3450,,2023-04-01
huatai_macro-2023-04-01-华泰宏观-图解国内月报-内需持续回暖-降准夯实稳增长基调,huatai_macro,华泰宏观,华泰证券宏观研究,configured_public_index,【华泰宏观｜图解国内月报】内需持续回暖，降准夯实稳增长基调,https://www.10100.com/article/65865153,full_mirror,clean,verified_from_configured_author_id,23,3693,,2023-04-01
cicc_perspective-2023-03-31-中金宏观-关注复苏早期的结构性现象-3月PMI点评,cicc_perspective,中金点睛,中金宏观,team_channel,中金宏观 | 关注复苏早期的结构性现象——3月PMI点评,https://www.10100.com/article/148042171,full_mirror,clean,verified_from_configured_author_id,10,3929,,2023-03-31
cicc_perspective-2023-03-29-中金-美联储会降息吗,cicc_perspective,中金点睛,中金宏观,team_channel,中金：美联储会降息吗？,https://www.10100.com/article/148028876,full_mirror,clean,verified_from_configured_author_id,11,8157,,2023-03-29
huatai_macro-2023-03-28-华泰宏观-开年工业企业盈利下降的部分解释,huatai_macro,华泰宏观,华泰证券宏观研究,configured_public_index,【华泰宏观】开年工业企业盈利下降的部分解释,https://www.10100.com/article/65865120,full_mirror,clean,verified_from_configured_author_id,12,4321,,2023-03-28
huatai_macro-2023-03-28-华泰宏观-华泰宏观重启指数-HRT-更新至2023年3月26日,huatai_macro,华泰宏观,华泰证券宏观研究,configured_public_index,【华泰宏观】华泰宏观重启指数（HRT）更新至2023年3月26日,https://www.10100.com/article/65959049,full_mirror,clean,verified_from_configured_author_id,2,2279,,2023-03-28
macrofans-2023-03-27-芦哲-占烁-存量时代的房地产复苏有何不一样,macrofans,宏观fans哲,宏观fans哲,author_research_stream,芦哲＆占烁：存量时代的房地产复苏有何不一样？,https://news.qq.com/rain/a/20230327A06VQE00,full_mirror,clean,verified_from_publisher_citation,19,11459,,2023-03-27
huatai_macro-2023-03-27-华泰宏观-图解海外周报-欧美银行危机犹存-但联储按时加息,huatai_macro,华泰宏观,华泰证券宏观研究,configured_public_index,【华泰宏观 | 图解海外周报】欧美银行危机犹存，但联储按时加息,https://www.10100.com/article/65865097,full_mirror,clean,verified_from_configured_author_id,25,3699,,2023-03-27
huatai_macro-2023-03-27-华泰宏观-专题-2023年哪些行业会有定价权,huatai_macro,华泰宏观,华泰证券宏观研究,team_channel,【华泰宏观|专题】2023年哪些行业会有定价权?,https://www.163.com/dy/article/I0R1B69I0519QIKK.html,full_mirror,flagged,verified_from_publisher_label,17,5936,duplicate_content,2023-03-27
huatai_macro-2023-03-27-华泰-宏观-2023年哪些行业会有定价权,huatai_macro,华泰宏观,华泰睿思,parent_platform,华泰 | 宏观:2023年哪些行业会有定价权?,https://www.163.com/dy/article/I0R1B69I0519QIKK.html,full_mirror,clean,verified_from_publisher_label,17,5936,,2023-03-27
cicc_perspective-2023-03-27-中金宏观-基数效应拖累利润增速-1-2月工业企业利润点评,cicc_perspective,中金点睛,中金宏观,team_channel,中金宏观 | 基数效应拖累利润增速 --- 1-2月工业企业利润点评,https://www.10100.com/article/148035529,full_mirror,clean,verified_from_configured_author_id,9,4150,,2023-03-27
cicc_perspective-2023-03-27-中金宏观-城投转型正加速,cicc_perspective,中金点睛,中金宏观,team_channel,中金宏观 | 城投转型正加速,https://www.10100.com/article/148029276,full_mirror,clean,verified_from_configured_author_id,43,9986,,2023-03-27
huatai_macro-2023-03-26-华泰宏观-美国银行相关风险合集,huatai_macro,华泰宏观,华泰证券宏观研究,configured_public_index,【华泰宏观】美国银行相关风险合集,https://www.10100.com/article/65958993,full_mirror,clean,verified_from_configured_author_id,5,2355,,2023-03-26
huatai_macro-2023-03-25-华泰宏观-华泰宏观重启指数-HRT-更新至2023年3月23日,huatai_macro,华泰宏观,华泰证券宏观研究,configured_public_index,【华泰宏观】华泰宏观重启指数（HRT）更新至2023年3月23日,https://www.10100.com/article/65865098,full_mirror,clean,verified_from_configured_author_id,2,2287,,2023-03-25
sws_macro-2023-03-24-申万宏源宏观-2025-2035年或看到城镇化再提速-房价收入比下降-居民杠杆率稳定的健康组合,sws_macro,申万宏源宏观,申万宏源宏观,team_research_stream,申万宏源宏观：2025-2035年或看到城镇化再提速、房价收入比下降、居民杠杆率稳定的健康组合,https://www.sohu.com/a/658448304_114984,full_mirror,clean,verified_from_publisher_or_team_citation,0,18213,,2023-03-24
zhongzhengsheng-2023-03-23-抗通胀仍是主旋律-美联储2023年3月会议解读,zhongzhengsheng,钟正生经济分析,钟正生经济分析,exact,抗通胀仍是主旋律——美联储2023年3月会议解读,https://finance.sina.cn/2023-03-23/detail-imymwmqz9968152.d.html?cref=cj,full_mirror,clean,verified_from_publisher_label,14,5999,,2023-03-23
huatai_macro-2023-03-23-华泰宏观-3月FOMC-变鸽派-但或仍不够鸽,huatai_macro,华泰宏观,华泰证券宏观研究,configured_public_index,【华泰宏观】3月FOMC：变鸽派、但或仍不够鸽,https://www.10100.com/article/65958957,full_mirror,clean,verified_from_configured_author_id,4,5484,,2023-03-23
huatai_macro-2023-03-22-华泰宏观-重启指数-HRT-更新至2023年3月20日,huatai_macro,华泰宏观,华泰证券宏观研究,configured_public_index,【华泰宏观】重启指数（HRT）更新至2023年3月20日,https://www.10100.com/article/65958958,full_mirror,clean,verified_from_configured_author_id,2,2256,,2023-03-22
huatai_macro-2023-03-22-华泰宏观-地产景气度面面观-更新至3月17日,huatai_macro,华泰宏观,华泰证券宏观研究,configured_public_index,【华泰宏观】地产景气度面面观（更新至3月17日）,https://www.10100.com/article/65865041,full_mirror,clean,verified_from_configured_author_id,2,2429,,2023-03-22
huatai_macro-2023-03-20-华泰宏观-如何解读美联储急速扩表救助银行,huatai_macro,华泰宏观,华泰证券宏观研究,configured_public_index,【华泰宏观】如何解读美联储急速扩表救助银行,https://www.10100.com/article/65865042,full_mirror,clean,verified_from_configured_author_id,17,10075,,2023-03-20
cicc_perspective-2023-03-20-中金宏观-财政低收开局-3月或企稳-2M23财政数据点评,cicc_perspective,中金点睛,中金宏观,team_channel,中金宏观 | 财政低收开局，3月或企稳 ——2M23财政数据点评,https://www.10100.com/article/148035481,full_mirror,clean,verified_from_configured_author_id,20,6216,,2023-03-20
huatai_macro-2023-03-18-华泰宏观-基建支出扩张促财政宽松,huatai_macro,华泰宏观,华泰证券宏观研究,configured_public_index,【华泰宏观】基建支出扩张促财政宽松,https://www.10100.com/article/65865043,full_mirror,clean,verified_from_configured_author_id,5,3287,,2023-03-18
huatai_macro-2023-03-18-华泰宏观-华泰宏观重启指数-HRT-更新至2023年3月16日,huatai_macro,华泰宏观,华泰证券宏观研究,configured_public_index,【华泰宏观】华泰宏观重启指数（HRT）更新至2023年3月16日,https://www.10100.com/article/65959010,full_mirror,clean,verified_from_configured_author_id,2,2081,,2023-03-18
macrofans-2023-03-17-芦哲-占烁-三个维度看出口-增速何时见底,macrofans,宏观fans哲,宏观fans哲,author_research_stream,芦哲＆占烁：三个维度看出口：增速何时见底？,https://news.qq.com/rain/a/20230317A04G2J00,full_mirror,clean,verified_from_publisher_citation,21,7952,,2023-03-17
huatai_macro-2023-03-17-华泰宏观-华泰宏观重启指数-HRT-更新至2023年3月15日,huatai_macro,华泰宏观,华泰证券宏观研究,configured_public_index,【华泰宏观】华泰宏观重启指数（HRT）更新至2023年3月15日,https://www.10100.com/article/65959031,full_mirror,clean,verified_from_configured_author_id,2,2093,,2023-03-17
cicc_perspective-2023-03-16-中金宏观-普遍复苏-地产更快-2023年1-2月经济数据点评,cicc_perspective,中金点睛,中金宏观,team_channel,中金宏观 | 普遍复苏，地产更快——2023年1-2月经济数据点评,https://www.10100.com/article/148029016,full_mirror,clean,verified_from_configured_author_id,1,4574,,2023-03-16
huatai_macro-2023-03-15-华泰宏观-美国CPI仍有黏性-但非短期关键变量,huatai_macro,华泰宏观,华泰证券宏观研究,configured_public_index,"【华泰宏观】美国CPI仍有黏性,但非短期关键变量",https://www.10100.com/article/65865089,full_mirror,clean,verified_from_configured_author_id,7,3201,,2023-03-15
huatai_macro-2023-03-15-华泰宏观-华泰宏观重启指数-HRT-更新至2023年3月13日,huatai_macro,华泰宏观,华泰证券宏观研究,configured_public_index,【华泰宏观】华泰宏观重启指数（HRT）更新至2023年3月13日,https://www.10100.com/article/65958989,full_mirror,clean,verified_from_configured_author_id,2,2051,,2023-03-15
cicc_perspective-2023-03-14-中金宏观-经济改善的两条中观线索,cicc_perspective,中金点睛,中金宏观,team_channel,中金宏观 | 经济改善的两条中观线索,https://www.10100.com/article/148029392,full_mirror,clean,verified_from_configured_author_id,10,5148,,2023-03-14
cicc_perspective-2023-03-14-中金宏观-经济复苏基础得到巩固,cicc_perspective,中金点睛,中金宏观,team_channel,中金宏观 | 经济复苏基础得到巩固,https://www.10100.com/article/148035500,full_mirror,clean,verified_from_configured_author_id,20,6203,,2023-03-14
huatai_macro-2023-03-13-华泰宏观-图解海外周报-硅谷银行被接管-美国加息预期回落,huatai_macro,华泰宏观,华泰证券宏观研究,configured_public_index,【华泰宏观 | 图解海外周报】硅谷银行被接管，美国加息预期回落,https://www.10100.com/article/65959029,full_mirror,clean,verified_from_configured_author_id,25,3593,,2023-03-13
huatai_macro-2023-03-13-华泰宏观-图解国内周报-出口降幅收窄-社融超预期多增,huatai_macro,华泰宏观,华泰证券宏观研究,configured_public_index,【华泰宏观 | 图解国内周报】出口降幅收窄、社融超预期多增,https://www.10100.com/article/65865151,full_mirror,clean,verified_from_configured_author_id,34,3754,,2023-03-13
cicc_perspective-2023-03-12-中金宏观-硅谷银行事件-影响不可低估,cicc_perspective,中金点睛,中金宏观,team_channel,中金宏观 | 硅谷银行事件，影响不可低估,https://www.10100.com/article/148035532,full_mirror,clean,verified_from_configured_author_id,15,9650,,2023-03-12
huatai_macro-2023-03-10-华泰宏观-地产高频指标图集-复苏渐入佳境,huatai_macro,华泰宏观,华泰证券宏观研究,configured_public_index,【华泰宏观】地产高频指标图集：复苏渐入佳境,https://www.10100.com/article/65865154,full_mirror,clean,verified_from_configured_author_id,15,2902,,2023-03-10
cicc_perspective-2023-03-10-中金宏观-春节错位压低通胀-近期可能仍较温和-2023年2月物价数据点评,cicc_perspective,中金点睛,中金宏观,team_channel,中金宏观 | 春节错位压低通胀，近期可能仍较温和——2023年2月物价数据点评,https://www.10100.com/article/148042178,full_mirror,clean,verified_from_configured_author_id,2,2698,,2023-03-10
guolei_macro-2023-03-09-广发宏观郭磊-对2023年通胀数据来说只需确认两件事情,guolei_macro,郭磊宏观茶座,郭磊宏观茶座,exact,【广发宏观郭磊】对2023年通胀数据来说只需确认两件事情,https://finance.sina.cn/2023-03-10/detail-imykitkc2973096.d.html?cref=cj,full_mirror,clean,verified_from_publisher_label,4,2535,,2023-03-09
huatai_macro-2023-03-08-华泰宏观-华泰宏观重启指数-HRT-更新至2023年3月6日,huatai_macro,华泰宏观,华泰证券宏观研究,configured_public_index,【华泰宏观】华泰宏观重启指数（HRT）更新至2023年3月6日,https://www.10100.com/article/65959032,full_mirror,clean,verified_from_configured_author_id,2,1885,,2023-03-08
huatai_macro-2023-03-08-华泰宏观-1-2月出口增速回升-韧性超预期,huatai_macro,华泰宏观,华泰证券宏观研究,configured_public_index,【华泰宏观】1-2月出口增速回升、韧性超预期,https://www.10100.com/article/65865158,full_mirror,clean,verified_from_configured_author_id,7,3814,,2023-03-08
cicc_perspective-2023-03-08-中金宏观-三因素推动出口降幅缩窄-2023年1-2月进出口点评,cicc_perspective,中金点睛,中金宏观,team_channel,中金宏观 | 三因素推动出口降幅缩窄——2023年1-2月进出口点评,https://www.10100.com/article/148028882,full_mirror,clean,verified_from_configured_author_id,9,2916,,2023-03-08
macrofans-2023-03-07-芦哲-王洋-占烁-消费与地产修复-稳增长力度会减小吗,macrofans,宏观fans哲,宏观fans哲,author_research_stream,芦哲&王洋&占烁：消费与地产修复，稳增长力度会减小吗？,https://www.sohu.com/a/650753289_352307,full_mirror,clean,verified_from_publisher_citation,0,4779,,2023-03-07
lichao_macro-2023-03-07-浙商宏观-李超-2023年财政预算报告怎么看,lichao_macro,李超宏观研究与资产配置,李超宏观研究与资产配置,exact,【浙商宏观||李超】2023年财政预算报告怎么看?,https://m.yicai.com/news/101697169.html,full_mirror,clean,verified_from_publisher_label,9,5473,,2023-03-07
huatai_macro-2023-03-07-华泰宏观-华泰宏观重启指数-HRT-更新至2023年3月5日,huatai_macro,华泰宏观,华泰证券宏观研究,configured_public_index,【华泰宏观】华泰宏观重启指数（HRT）更新至2023年3月5日,https://www.10100.com/article/65865192,full_mirror,clean,verified_from_configured_author_id,2,1890,,2023-03-07
xuetao_macro-2023-03-06-两会报告的新意-天风宏观宋雪涛,xuetao_macro,雪涛宏观笔记,雪涛宏观笔记,exact,两会报告的新意(天风宏观宋雪涛),https://finance.sina.com.cn/money/future/wemedia/2023-03-07/doc-imyiyezk3739827.shtml,full_mirror,clean,verified_from_publisher_label,12,2479,,2023-03-06
macrofans-2023-03-06-芦哲-新能源汽车销量高增带动汽车销售回暖,macrofans,宏观fans哲,宏观fans哲,author_research_stream,芦哲：新能源汽车销量高增带动汽车销售回暖,https://www.sohu.com/a/650192786_352307,derived_text,clean,verified_from_publisher_citation,0,2544,,2023-03-06
huatai_macro-2023-03-06-华泰宏观-增长目标5-左右-政策执行或留空间,huatai_macro,华泰宏观,华泰证券宏观研究,configured_public_index,【华泰宏观】增长目标5%左右，政策执行或留空间,https://www.10100.com/article/65959084,full_mirror,clean,verified_from_configured_author_id,5,3336,,2023-03-06
cicc_perspective-2023-03-06-中金宏观-产需双双回暖-消费领衔复苏-1-2月经济数据前瞻,cicc_perspective,中金点睛,中金宏观,team_channel,中金宏观 | 产需双双回暖，消费领衔复苏——1-2月经济数据前瞻,https://www.10100.com/article/148035533,full_mirror,clean,verified_from_configured_author_id,3,3363,,2023-03-06
cicc_perspective-2023-03-05-中金宏观-美联储会加息50个基点吗,cicc_perspective,中金点睛,中金宏观,team_channel,中金宏观 | 美联储会加息50个基点吗？,https://www.10100.com/article/148035517,full_mirror,clean,verified_from_configured_author_id,22,3883,,2023-03-05
huatai_macro-2023-03-03-华泰宏观-华泰宏观重启指数-HRT-更新至2023年3月2日,huatai_macro,华泰宏观,华泰证券宏观研究,configured_public_index,【华泰宏观】华泰宏观重启指数（HRT）更新至2023年3月2日,https://www.10100.com/article/65865193,full_mirror,clean,verified_from_configured_author_id,2,1882,,2023-03-03
huatai_macro-2023-03-03-华泰宏观-2月全球PMI制造业PMI普遍回升,huatai_macro,华泰宏观,华泰证券宏观研究,configured_public_index,【华泰宏观】2月全球PMI制造业PMI普遍回升,https://www.10100.com/article/65959037,full_mirror,clean,verified_from_configured_author_id,6,1362,,2023-03-03
xuetao_macro-2023-03-02-经济修复的斜率-天风宏观宋雪涛,xuetao_macro,雪涛宏观笔记,雪涛宏观笔记,exact,经济修复的斜率(天风宏观宋雪涛),https://finance.sina.com.cn/money/future/wemedia/2023-03-04/doc-imyitnps1247048.shtml,full_mirror,clean,verified_from_publisher_label,22,2106,,2023-03-02
huatai_macro-2023-03-02-华泰宏观-华泰宏观重启指数-HRT-更新至2023年2月28日,huatai_macro,华泰宏观,华泰证券宏观研究,configured_public_index,【华泰宏观】华泰宏观重启指数（HRT）更新至2023年2月28日,https://www.10100.com/article/65865171,full_mirror,clean,verified_from_configured_author_id,2,1889,,2023-03-02
huatai_macro-2023-03-01-华泰宏观-图解海外月报-美欧增长好于预期-加息预期回升,huatai_macro,华泰宏观,华泰证券宏观研究,configured_public_index,【华泰宏观|图解海外月报】美欧增长好于预期，加息预期回升,https://www.10100.com/article/65959017,full_mirror,clean,verified_from_configured_author_id,30,3732,,2023-03-01
huatai_macro-2023-03-01-华泰宏观-图解国内月报-消费回升地产回暖-但出口仍待筑底,huatai_macro,华泰宏观,华泰证券宏观研究,configured_public_index,【华泰宏观|图解国内月报】消费回升地产回暖，但出口仍待筑底,https://www.10100.com/article/65865055,full_mirror,clean,verified_from_configured_author_id,32,3944,,2023-03-01
cicc_perspective-2023-03-01-中金宏观-全面改善-供给较需求更甚-2月PMI点评,cicc_perspective,中金点睛,中金宏观,team_channel,中金宏观 | 全面改善，供给较需求更甚——2月PMI点评,https://www.10100.com/article/148029408,full_mirror,clean,verified_from_configured_author_id,10,2632,,2023-03-01
huatai_macro-2023-02-28-华泰宏观-华泰宏观重启指数-HRT-更新至2023年2月26日,huatai_macro,华泰宏观,华泰证券宏观研究,configured_public_index,【华泰宏观】华泰宏观重启指数（HRT）更新至2023年2月26日,https://www.10100.com/article/65865069,full_mirror,clean,verified_from_configured_author_id,2,1875,,2023-02-28
huatai_macro-2023-02-27-华泰宏观-深度-美国-衰退近忧下降但利率下行受阻,huatai_macro,华泰宏观,华泰证券宏观研究,configured_public_index,【华泰宏观｜深度】美国：衰退近忧下降但利率下行受阻,https://www.10100.com/article/65959018,full_mirror,clean,verified_from_configured_author_id,19,7596,,2023-02-27
huatai_macro-2023-02-27-华泰宏观-图解海外周报-欧美PMI均超预期-加息预期回升,huatai_macro,华泰宏观,华泰证券宏观研究,configured_public_index,【华泰宏观 | 图解海外周报】欧美PMI均超预期，加息预期回升,https://www.10100.com/article/65958966,full_mirror,clean,verified_from_configured_author_id,17,3363,,2023-02-27
huatai_macro-2023-02-27-华泰宏观-图解国内周报-生产持续转暖-地产销售企稳回升,huatai_macro,华泰宏观,华泰证券宏观研究,configured_public_index,【华泰宏观 | 图解国内周报】生产持续转暖，地产销售企稳回升,https://www.10100.com/article/65865072,full_mirror,clean,verified_from_configured_author_id,32,2907,,2023-02-27
guolei_macro-2023-02-26-广发宏观-美联储2月议息会议纪要解读,guolei_macro,郭磊宏观茶座,广发证券,institutional_archive,【广发宏观】美联储2月议息会议纪要解读,https://www.10100.com/article/76701426,full_mirror,clean,verified_from_configured_author_id_and_title_signature,1,7572,,2023-02-26
cicc_perspective-2023-02-26-中金宏观-美国通胀-春风吹又生,cicc_perspective,中金点睛,中金宏观,team_channel,中金宏观 | 美国通胀：春风吹又生,https://www.10100.com/article/148042067,full_mirror,clean,verified_from_configured_author_id,17,4653,,2023-02-26
sws_macro-2023-02-24-申万宏源宏观周报-第199期-2023年财政的五大重点,sws_macro,申万宏源宏观,申万宏源宏观,team_research_stream,申万宏源宏观周报·第199期：2023年财政的五大重点,https://stock.finance.sina.com.cn/stock/go.php/vReport_Show/kind/search/rptid/730591019243/index.phtml,abstract_only,flagged,verified_from_publisher_or_team_citation,0,1343,mirror_is_abstract,2023-02-24
huatai_macro-2023-02-24-华泰宏观-华泰宏观重启指数-HRT-更新至2023年2月22日,huatai_macro,华泰宏观,华泰证券宏观研究,configured_public_index,【华泰宏观】华泰宏观重启指数（HRT）更新至2023年2月22日,https://www.10100.com/article/65865063,full_mirror,clean,verified_from_configured_author_id,2,1915,,2023-02-24
huatai_macro-2023-02-22-华泰宏观-美国和欧元区2月PMI显著超预期,huatai_macro,华泰宏观,华泰证券宏观研究,configured_public_index,【华泰宏观】美国和欧元区2月PMI显著超预期,https://www.10100.com/article/65865110,full_mirror,clean,verified_from_configured_author_id,11,1955,,2023-02-22
huatai_macro-2023-02-22-华泰宏观-华泰宏观重启指数-HRT-更新至2023年2月20日,huatai_macro,华泰宏观,华泰证券宏观研究,configured_public_index,【华泰宏观】华泰宏观重启指数（HRT）更新至2023年2月20日,https://www.10100.com/article/65958988,full_mirror,clean,verified_from_configured_author_id,2,1914,,2023-02-22
yiyuzhongde-2023-02-21-张瑜-全息重大项目-多维摸清投向,yiyuzhongde,一瑜中的,一瑜中的,exact,张瑜:全息重大项目:多维摸清投向,https://news.qq.com/rain/a/20230221A0011T00,full_mirror,clean,verified_from_publisher_label,15,5721,,2023-02-21
yiyuzhongde-2023-02-20-华创宏观-张瑜团队-2022年信贷流向行业图谱,yiyuzhongde,一瑜中的,一瑜中的,exact,【华创宏观·张瑜团队】2022年信贷流向行业图谱,https://finance.sina.cn/2023-02-21/detail-imyhmhnz5084230.d.html?cref=cj,full_mirror,clean,verified_from_publisher_label,8,4923,,2023-02-20
huatai_macro-2023-02-20-华泰宏观-图解国内周报-复工率温和回升-流动性指标收紧,huatai_macro,华泰宏观,华泰证券宏观研究,configured_public_index,【华泰宏观 | 图解国内周报】复工率温和回升，流动性指标收紧,https://www.10100.com/article/65959030,full_mirror,clean,verified_from_configured_author_id,18,2384,,2023-02-20
cicc_perspective-2023-02-20-中金宏观-从地方动态前瞻全国两会,cicc_perspective,中金点睛,中金宏观,team_channel,中金宏观 | 从地方动态前瞻全国两会,https://www.10100.com/article/148028862,full_mirror,clean,verified_from_configured_author_id,8,4238,,2023-02-20
cicc_perspective-2023-02-19-中金宏观-经济数据好于预期支撑美债利率,cicc_perspective,中金点睛,中金宏观,team_channel,中金宏观 | 经济数据好于预期支撑美债利率,https://www.10100.com/article/148042151,full_mirror,clean,verified_from_configured_author_id,17,4029,,2023-02-19
huatai_macro-2023-02-17-华泰宏观-美国零售超预期-耐用品需求回升,huatai_macro,华泰宏观,华泰证券宏观研究,configured_public_index,【华泰宏观】美国零售超预期，耐用品需求回升,https://www.10100.com/article/65959007,full_mirror,clean,verified_from_configured_author_id,6,2926,,2023-02-17
huatai_macro-2023-02-16-华泰宏观-华泰宏观重启指数-HRT-更新至2023年2月14日,huatai_macro,华泰宏观,华泰证券宏观研究,configured_public_index,【华泰宏观】华泰宏观重启指数（HRT）更新至2023年2月14日,https://www.10100.com/article/65865141,full_mirror,clean,verified_from_configured_author_id,5,1906,,2023-02-16
huatai_macro-2023-02-15-华泰宏观-消费韧性推动美国核心通胀略超预期,huatai_macro,华泰宏观,华泰证券宏观研究,configured_public_index,【华泰宏观】消费韧性推动美国核心通胀略超预期,https://www.10100.com/article/65959011,full_mirror,clean,verified_from_configured_author_id,9,3105,,2023-02-15
guojun_macro-2023-02-15-国君宏观-23年乡村振兴的重点方向-2023年中央一号文件解读,guojun_macro,国君宏观研究,国泰君安证券研究,parent_platform,国君宏观 | 23年乡村振兴的重点方向——2023年中央一号文件解读,https://finance.sina.com.cn/stock/stockzmt/2023-02-15/doc-imyftpqz2346634.shtml,full_mirror,clean,verified_from_publisher_label,11,2837,,2023-02-15
cicc_perspective-2023-02-15-中金-美国通胀放缓并非一帆风顺,cicc_perspective,中金点睛,中金宏观,team_channel,中金：美国通胀放缓并非一帆风顺,https://www.10100.com/article/148028859,full_mirror,clean,verified_from_configured_author_id,8,3638,,2023-02-15
xuetao_macro-2023-02-13-美国经济可能-不衰退-天风宏观宋雪涛,xuetao_macro,雪涛宏观笔记,雪涛宏观笔记,exact,美国经济可能“不衰退”(天风宏观宋雪涛),https://finance.sina.com.cn/money/bond/research/2023-02-13/doc-imyfpmyy9321703.shtml,full_mirror,clean,verified_from_publisher_label,22,3232,,2023-02-13
huatai_macro-2023-02-13-华泰宏观-深度-全球制造业需求是否将初现曙光,huatai_macro,华泰宏观,华泰证券宏观研究,configured_public_index,【华泰宏观 | 深度】全球制造业需求是否将初现曙光？,https://www.10100.com/article/65865138,full_mirror,clean,verified_from_configured_author_id,14,7395,,2023-02-13
huatai_macro-2023-02-13-华泰宏观-图解国内周报-消费活动持续走强-复工有所加速,huatai_macro,华泰宏观,华泰证券宏观研究,configured_public_index,【华泰宏观 | 图解国内周报】消费活动持续走强、复工有所加速,https://www.10100.com/article/65959061,full_mirror,clean,verified_from_configured_author_id,16,3340,,2023-02-13
cicc_perspective-2023-02-13-中金宏观-流动资产支撑投资复苏,cicc_perspective,中金点睛,中金宏观,team_channel,中金宏观 | 流动资产支撑投资复苏,https://www.10100.com/article/148035508,full_mirror,clean,verified_from_configured_author_id,29,6795,,2023-02-13
cicc_perspective-2023-02-13-中金宏观-市场对美联储加息预期抬升,cicc_perspective,中金点睛,中金宏观,team_channel,中金宏观 | 市场对美联储加息预期抬升,https://www.10100.com/article/148029403,full_mirror,clean,verified_from_configured_author_id,11,4229,,2023-02-13
xuetao_macro-2023-02-12-经济复苏的成色-天风宏观宋雪涛,xuetao_macro,雪涛宏观笔记,雪涛宏观笔记,exact,经济复苏的成色(天风宏观宋雪涛),https://m.yicai.com/news/101578108.html,full_mirror,clean,verified_from_publisher_label,15,4857,,2023-02-12
guolei_macro-2023-02-12-广发宏观郭磊-贺骁束-PPI定买卖-2006-2022年复盘,guolei_macro,郭磊宏观茶座,郭磊宏观茶座,exact,【广发宏观郭磊、贺骁束】“PPI定买卖”:2006-2022年复盘,http://stock.finance.sina.com.cn/stock/go.php/vReport_Show/kind/macro/rptid/729517639355/index.phtml,abstract_only,flagged,verified_from_publisher_label,0,5865,mirror_is_abstract,2023-02-12
huatai_macro-2023-02-11-华泰宏观-解读2023年1月CPI及PPI数据,huatai_macro,华泰宏观,华泰证券宏观研究,team_channel,【华泰宏观】解读2023年1月CPI及PPI数据,https://www.gov.cn/xinwen/2023-02/10/content_5740952.htm,derived_text,clean,verified_from_publisher_label,0,1851,,2023-02-11
huatai_macro-2023-02-11-华泰宏观-1月社融-基建先行-地产滞后,huatai_macro,华泰宏观,华泰证券宏观研究,configured_public_index,【华泰宏观】1月社融：基建先行，地产滞后,https://www.10100.com/article/65959038,full_mirror,clean,verified_from_configured_author_id,7,3607,,2023-02-11
cicc_perspective-2023-02-11-中金宏观-货币财政协同支撑信贷扩张-1月金融数据点评,cicc_perspective,中金点睛,中金宏观,team_channel,中金宏观|货币财政协同支撑信贷扩张——1月金融数据点评,https://www.10100.com/article/148042064,full_mirror,clean,verified_from_configured_author_id,8,2797,,2023-02-11
cicc_perspective-2023-02-11-中金宏观-不只有错位-更有疫后复苏-2023年1月通胀数据点评,cicc_perspective,中金点睛,中金宏观,team_channel,中金宏观|不只有错位，更有疫后复苏——2023年1月通胀数据点评,https://www.10100.com/article/148029026,full_mirror,clean,verified_from_configured_author_id,8,2255,,2023-02-11
huatai_macro-2023-02-10-华泰宏观-华泰宏观重启指数-HRT-更新至2023年2月8日,huatai_macro,华泰宏观,华泰证券宏观研究,configured_public_index,【华泰宏观】华泰宏观重启指数（HRT）更新至2023年2月8日,https://www.10100.com/article/65865430,full_mirror,clean,verified_from_configured_author_id,5,2002,,2023-02-10
huatai_macro-2023-02-09-华泰宏观-华泰宏观重启指数-HRT-更新至2023年2月7日,huatai_macro,华泰宏观,华泰证券宏观研究,configured_public_index,【华泰宏观】华泰宏观重启指数（HRT）更新至2023年2月7日,https://www.10100.com/article/65959086,full_mirror,clean,verified_from_configured_author_id,5,1925,,2023-02-09
yiyuzhongde-2023-02-06-华创宏观-张瑜团队-2023年海内外有哪些-大事-每周经济观察第5期,yiyuzhongde,一瑜中的,一瑜中的,exact,【华创宏观·张瑜团队】2023年海内外有哪些“大事”?——每周经济观察第5期,https://www.163.com/dy/article/HSSTF90O0519QIKK.html,full_mirror,clean,verified_from_publisher_label,19,7987,,2023-02-06
huatai_macro-2023-02-06-华泰宏观-图解海外周报-联储表态偏鸽-但非农超预期显隐忧,huatai_macro,华泰宏观,华泰证券宏观研究,configured_public_index,【华泰宏观|图解海外周报】联储表态偏鸽，但非农超预期显隐忧,https://www.10100.com/article/65865131,full_mirror,clean,verified_from_configured_author_id,28,3703,,2023-02-06
cicc_perspective-2023-02-06-中金宏观-节后复工快于去年,cicc_perspective,中金点睛,中金宏观,team_channel,中金宏观 | 节后复工快于去年,https://www.10100.com/article/148029067,full_mirror,clean,verified_from_configured_author_id,26,5175,,2023-02-06
yiyuzhongde-2023-02-05-华创宏观-张瑜团队-1月非农为何超预期-1月非农数据点评,yiyuzhongde,一瑜中的,一瑜中的,exact,【华创宏观·张瑜团队】1月非农为何超预期?——1月非农数据点评,https://news.qq.com/rain/a/20230205A06VG200,full_mirror,clean,verified_from_publisher_label,9,4818,,2023-02-05
huatai_macro-2023-02-04-华泰宏观-1月美国非农新增就业大超预期,huatai_macro,华泰宏观,华泰证券宏观研究,configured_public_index,【华泰宏观】1月美国非农新增就业大超预期,https://www.10100.com/article/65959001,full_mirror,clean,verified_from_configured_author_id,8,3237,,2023-02-04
cicc_perspective-2023-02-04-中金宏观-从劳动力囤积看非农超预期,cicc_perspective,中金点睛,中金宏观,team_channel,中金宏观 | 从劳动力囤积看非农超预期,https://www.10100.com/article/148035578,full_mirror,clean,verified_from_configured_author_id,18,4590,,2023-02-04
cicc_perspective-2023-02-03-中金-欧央行-加息继续-态度偏谨慎,cicc_perspective,中金点睛,中金宏观,team_channel,中金 | 欧央行：加息继续，态度偏谨慎,https://www.10100.com/article/148029287,full_mirror,clean,verified_from_configured_author_id,8,5060,,2023-02-03
yiyuzhongde-2023-02-02-张瑜-美国经济何时陷入衰退-衰退幅度有多大-关于衰退这件事-系列二,yiyuzhongde,一瑜中的,一瑜中的,exact,张瑜:美国经济何时陷入衰退?衰退幅度有多大?——关于衰退这件事·系列二,https://m.jrj.com.cn/madapter/finance/2023/02/02092137313055.shtml,full_mirror,clean,verified_from_publisher_label,31,12117,,2023-02-02
huatai_macro-2023-02-02-华泰宏观-华泰宏观重启指数-HRT-更新至2023年2月1日,huatai_macro,华泰宏观,华泰证券宏观研究,configured_public_index,【华泰宏观】华泰宏观重启指数（HRT）更新至2023年2月1日,https://www.10100.com/article/65959005,full_mirror,clean,verified_from_configured_author_id,5,1992,,2023-02-02
huatai_macro-2023-02-01-华泰宏观-韩国出口下降-部分受春节错位影响,huatai_macro,华泰宏观,华泰证券宏观研究,configured_public_index,【华泰宏观】韩国出口下降，部分受春节错位影响,https://www.10100.com/article/65959059,full_mirror,clean,verified_from_configured_author_id,9,2837,,2023-02-01
huatai_macro-2023-02-01-华泰宏观-盈利增长筑底-关注1季度回升斜率,huatai_macro,华泰宏观,华泰证券宏观研究,configured_public_index,【华泰宏观】盈利增长筑底、关注1季度回升斜率,https://www.10100.com/article/65865132,full_mirror,clean,verified_from_configured_author_id,12,4317,,2023-02-01
huatai_macro-2023-01-31-华泰宏观-解析12月财政数据,huatai_macro,华泰宏观,华泰证券宏观研究,configured_public_index,【华泰宏观】解析12月财政数据,https://www.10100.com/article/65865167,full_mirror,clean,verified_from_configured_author_id,7,3212,,2023-01-31
huatai_macro-2023-01-31-华泰宏观-华泰宏观重启指数-HRT-更新至2023年1月30日,huatai_macro,华泰宏观,华泰证券宏观研究,configured_public_index,【华泰宏观】华泰宏观重启指数（HRT）更新至2023年1月30日,https://www.10100.com/article/65959071,full_mirror,clean,verified_from_configured_author_id,5,2047,,2023-01-31
cicc_perspective-2023-01-31-中金宏观-利润结构或迎来转变-12月工业企业利润点评,cicc_perspective,中金点睛,中金宏观,team_channel,中金宏观 | 利润结构或迎来转变 — 12月工业企业利润点评,https://www.10100.com/article/148035585,full_mirror,clean,verified_from_configured_author_id,10,3461,,2023-01-31
cicc_perspective-2023-01-31-中金宏观-内需是亮点-1月PMI点评,cicc_perspective,中金点睛,中金宏观,team_channel,中金宏观 | 内需是亮点——1月PMI点评,https://www.10100.com/article/148029068,full_mirror,clean,verified_from_configured_author_id,12,2788,,2023-01-31
cicc_perspective-2023-01-31-中金宏观-从中金LEI看-非典型-复苏,cicc_perspective,中金点睛,中金宏观,team_channel,中金宏观 | 从中金LEI看“非典型”复苏,https://www.10100.com/article/148042203,full_mirror,clean,verified_from_configured_author_id,9,3036,,2023-01-31
cicc_perspective-2023-01-31-中金宏观-2023专项债结转不低-基建可期-2022年财政收支数据点评,cicc_perspective,中金点睛,中金宏观,team_channel,中金宏观 | 2023专项债结转不低，基建可期 ——2022年财政收支数据点评,https://www.10100.com/article/148028891,full_mirror,clean,verified_from_configured_author_id,6,2198,,2023-01-31
cicc_perspective-2023-01-29-中金宏观-春节消费环比明显改善-同比温和复苏,cicc_perspective,中金点睛,中金宏观,team_channel,中金宏观 | 春节消费环比明显改善，同比温和复苏,https://www.10100.com/article/148035561,full_mirror,clean,verified_from_configured_author_id,24,4809,,2023-01-29
yiyuzhongde-2023-01-28-华创宏观-张瑜团队-春节海外六大要闻-海外双周报第2期,yiyuzhongde,一瑜中的,一瑜中的,exact,【华创宏观·张瑜团队】春节海外六大要闻——海外双周报第2期,https://news.qq.com/rain/a/20230128A02KRT00,full_mirror,clean,verified_from_publisher_label,35,9256,,2023-01-28
macrofans-2023-01-26-春节对2023消费复苏有何指示意义,macrofans,宏观fans哲,宏观fans哲,author_research_stream,春节对2023消费复苏有何指示意义？,https://m.gelonghui.com/p/575705,full_mirror,clean,verified_from_publisher_citation,16,5055,,2023-01-26
lichao_macro-2023-01-21-浙商李超宏观团队恭祝大家新春吉祥,lichao_macro,李超宏观研究与资产配置,李超宏观研究与资产配置,exact,浙商李超宏观团队恭祝大家新春吉祥!,https://finance.sina.cn/2023-01-21/detail-imyawvrx5528774.d.html?cref=cj,abstract_only,flagged,verified_from_publisher_label,10,1293,duplicate_content|mirror_is_abstract,2023-01-21
xuetao_macro-2023-01-19-年末经济数据的诸多意外-天风宏观宋雪涛,xuetao_macro,雪涛宏观笔记,雪涛宏观笔记,exact,年末经济数据的诸多意外(天风宏观宋雪涛),https://finance.sina.com.cn/money/bond/research/2023-01-19/doc-imyaspts5536515.shtml,full_mirror,clean,verified_from_publisher_label,20,2937,,2023-01-19
huatai_macro-2023-01-19-华泰宏观-华泰宏观重启指数-HRT-更新至2023年1月18日,huatai_macro,华泰宏观,华泰证券宏观研究,configured_public_index,【华泰宏观】华泰宏观重启指数（HRT）更新至2023年1月18日,https://www.10100.com/article/65865124,full_mirror,clean,verified_from_configured_author_id,5,1838,,2023-01-19
huatai_macro-2023-01-18-华泰宏观-华泰宏观重启指数-HRT-更新至2023年1月17日,huatai_macro,华泰宏观,华泰证券宏观研究,configured_public_index,【华泰宏观】华泰宏观重启指数（HRT）更新至2023年1月17日,https://www.10100.com/article/65959055,full_mirror,clean,verified_from_configured_author_id,5,1837,,2023-01-18
cicc_perspective-2023-01-18-中金宏观-总体好于预期-必需品与医药支撑消费-12月经济数据点评,cicc_perspective,中金点睛,中金宏观,team_channel,中金宏观 | 总体好于预期，必需品与医药支撑消费——12月经济数据点评,https://www.10100.com/article/148042109,full_mirror,clean,verified_from_configured_author_id,2,2703,,2023-01-18
huatai_macro-2023-01-17-华泰宏观-华泰宏观重启指数-HRT-更新至2023年1月15日,huatai_macro,华泰宏观,华泰证券宏观研究,configured_public_index,【华泰宏观】华泰宏观重启指数（HRT）更新至2023年1月15日,https://www.10100.com/article/65865130,full_mirror,clean,verified_from_configured_author_id,5,1831,,2023-01-17
yiyuzhongde-2023-01-16-华创宏观-张瑜团队-疫情过峰追踪-已达峰-感染率多高-每周经济观察第3期,yiyuzhongde,一瑜中的,一瑜中的,exact,【华创宏观·张瑜团队】疫情过峰追踪:已达峰?感染率多高?——每周经济观察第3期,http://m.microbell.com/wap_detail.aspx?id=28ebe4b125b9dd7b45aa50ff1000b3e1,abstract_only,flagged,verified_from_publisher_label,0,1303,mirror_is_abstract,2023-01-16
cicc_perspective-2023-01-16-中金-旅游快速复苏的宏观含义,cicc_perspective,中金点睛,中金宏观,team_channel,中金：旅游快速复苏的宏观含义,https://www.10100.com/article/148029062,full_mirror,clean,verified_from_configured_author_id,6,4221,,2023-01-16
cicc_perspective-2023-01-15-中金宏观-美联储加息或进一步放缓,cicc_perspective,中金点睛,中金宏观,team_channel,中金宏观 | 美联储加息或进一步放缓,https://www.10100.com/article/148029044,full_mirror,clean,verified_from_configured_author_id,13,4346,,2023-01-15
cicc_perspective-2023-01-14-中金宏观-出口弱势或仍将持续-12月进出口点评,cicc_perspective,中金点睛,中金宏观,team_channel,中金宏观 | 出口弱势或仍将持续——12月进出口点评,https://www.10100.com/article/148035535,full_mirror,clean,verified_from_configured_author_id,11,2685,,2023-01-14
huatai_macro-2023-01-13-华泰宏观-华泰宏观重启指数-HRT-更新至2023年1月12日,huatai_macro,华泰宏观,华泰证券宏观研究,configured_public_index,【华泰宏观】华泰宏观重启指数（HRT）更新至2023年1月12日,https://www.10100.com/article/65959056,full_mirror,clean,verified_from_configured_author_id,5,1863,,2023-01-13
cicc_perspective-2023-01-13-中金宏观-服务价格率先修复-2022-年-12-月通胀数据点评,cicc_perspective,中金点睛,中金宏观,team_channel,中金宏观|服务价格率先修复——2022 年 12 月通胀数据点评,https://www.10100.com/article/148029429,full_mirror,clean,verified_from_configured_author_id,14,3432,,2023-01-13
cicc_perspective-2023-01-11-中金宏观-美国四次大通胀的历史比较,cicc_perspective,中金点睛,中金宏观,team_channel,中金宏观 | 美国四次大通胀的历史比较,https://www.10100.com/article/148029045,full_mirror,clean,verified_from_configured_author_id,48,26894,,2023-01-11
cicc_perspective-2023-01-11-中金宏观-上调2023年GDP增速预测为5-5,cicc_perspective,中金点睛,中金宏观,team_channel,中金宏观 | 上调2023年GDP增速预测为5.5%,https://www.10100.com/article/148042197,full_mirror,clean,verified_from_configured_author_id,27,10453,,2023-01-11
huatai_macro-2023-01-10-华泰宏观-深度-解析海外地产下行周期的宏观影响,huatai_macro,华泰宏观,华泰证券宏观研究,configured_public_index,【华泰宏观|深度】解析海外地产下行周期的宏观影响,https://www.10100.com/article/65865163,full_mirror,clean,verified_from_configured_author_id,19,10435,,2023-01-10
cicc_perspective-2023-01-09-近期经济活动修复较快,cicc_perspective,中金点睛,中金宏观,team_channel,近期经济活动修复较快,https://www.10100.com/article/148029281,full_mirror,clean,verified_from_configured_author_id,24,4692,,2023-01-09
cicc_perspective-2023-01-08-中金宏观-美国经济放缓-但货币转向门槛高,cicc_perspective,中金点睛,中金宏观,team_channel,中金宏观 | 美国经济放缓，但货币转向门槛高,https://www.10100.com/article/148035589,full_mirror,clean,verified_from_configured_author_id,15,4080,,2023-01-08
cicc_perspective-2023-01-06-中金宏观-地产支持政策持续加码,cicc_perspective,中金点睛,中金宏观,team_channel,中金宏观：地产支持政策持续加码,https://www.10100.com/article/148029450,full_mirror,clean,verified_from_configured_author_id,8,4052,,2023-01-06
huatai_macro-2023-01-05-华泰宏观-华泰宏观重启指数-HRT-更新至2023年1月4日,huatai_macro,华泰宏观,华泰证券宏观研究,configured_public_index,【华泰宏观】华泰宏观重启指数（HRT）更新至2023年1月4日,https://www.10100.com/article/65865117,full_mirror,clean,verified_from_configured_author_id,5,2019,,2023-01-05
huatai_macro-2023-01-04-华泰宏观-华泰宏观重启指数-HRT-更新至2023年1月3日,huatai_macro,华泰宏观,华泰证券宏观研究,configured_public_index,【华泰宏观】华泰宏观重启指数（HRT）更新至2023年1月3日,https://www.10100.com/article/65958992,full_mirror,clean,verified_from_configured_author_id,5,2019,,2023-01-04
cicc_perspective-2023-01-03-中金宏观-经济再次探底-近期有修复迹象,cicc_perspective,中金点睛,中金宏观,team_channel,中金宏观 | 经济再次探底，近期有修复迹象,https://www.10100.com/article/148042116,full_mirror,clean,verified_from_configured_author_id,12,4576,,2023-01-03
cicc_perspective-2023-01-02-中金宏观-美国地产-衰退的前兆,cicc_perspective,中金点睛,中金宏观,team_channel,"中金宏观 | 美国地产,衰退的前兆",https://m.gelonghui.com/p/571888,full_mirror,clean,verified_from_publisher_label,12,3904,,2023-01-02
cicc_perspective-2022-12-31-中金宏观-短期供给受到影响更大-12月PMI点评,cicc_perspective,中金点睛,中金宏观,team_channel,中金宏观 | 短期供给受到影响更大——12月PMI点评,https://www.10100.com/article/148035550,full_mirror,clean,verified_from_configured_author_id,16,3246,,2022-12-31
cicc_perspective-2022-12-27-中金宏观-制造业利润占比上升-11月工业企业利润点评,cicc_perspective,中金点睛,中金宏观,team_channel,中金宏观 | 制造业利润占比上升 — 11月工业企业利润点评,https://www.10100.com/article/148035497,full_mirror,clean,verified_from_configured_author_id,8,2439,,2022-12-27
huatai_macro-2022-12-26-华泰宏观-Q-A-消费需求修复空间几何,huatai_macro,华泰宏观,华泰证券宏观研究,configured_public_index,【华泰宏观】Q&A: 消费需求修复空间几何？,https://www.10100.com/article/65959048,full_mirror,clean,verified_from_configured_author_id,17,10673,,2022-12-26
lichao_macro-2022-12-25-浙商宏观-李超-新能源-指数产品日报-2022-12-23,lichao_macro,李超宏观研究与资产配置,李超宏观研究与资产配置,exact,【浙商宏观||李超】“新能源+”指数产品日报(2022.12.23),https://finance.sina.cn/2022-12-25/detail-imxxxcpt1274095.d.html?cref=cj,abstract_only,flagged,verified_from_publisher_label,6,565,figure_count_mismatch|mirror_is_abstract,2022-12-25
cicc_perspective-2022-12-25-中金宏观-劳动供给冲击下的货币政策选择,cicc_perspective,中金点睛,中金宏观,team_channel,中金宏观 | 劳动供给冲击下的货币政策选择,https://www.10100.com/article/148042074,full_mirror,clean,verified_from_configured_author_id,10,4238,,2022-12-25
cicc_perspective-2022-12-21-中金-日本央行退出宽松风险上升,cicc_perspective,中金点睛,中金宏观,team_channel,中金：日本央行退出宽松风险上升,https://www.10100.com/article/148028863,full_mirror,clean,verified_from_configured_author_id,3,4041,,2022-12-21
cicc_perspective-2022-12-19-高频数据看疫情影响,cicc_perspective,中金点睛,中金宏观,team_channel,高频数据看疫情影响,https://www.10100.com/article/148035499,full_mirror,clean,verified_from_configured_author_id,20,2584,,2022-12-19
yiyuzhongde-2022-12-18-张瑜-一切围绕-提振信心-中央经济工作会议极简解读,yiyuzhongde,一瑜中的,一瑜中的,exact,张瑜:一切围绕“提振信心”——中央经济工作会议极简解读,https://news.qq.com/rain/a/20221218A06P4Q00?id=20221218A06P4Q00&path=a&app=news&suid=&redirect_pc=1,full_mirror,clean,verified_from_publisher_label,14,7599,,2022-12-18
guolei_macro-2022-12-18-广发宏观团队-展望2023,guolei_macro,郭磊宏观茶座,郭磊宏观茶座,exact,【广发宏观团队】展望2023,https://m.thepaper.cn/newsDetail_forward_21367794,full_mirror,clean,verified_from_publisher_label,17,4248,,2022-12-18
cicc_perspective-2022-12-18-中金宏观-通胀放缓-美联储仍保持警惕,cicc_perspective,中金点睛,中金宏观,team_channel,中金宏观 | 通胀放缓，美联储仍保持警惕,https://www.10100.com/article/148029422,full_mirror,clean,verified_from_configured_author_id,15,4874,,2022-12-18
xuetao_macro-2022-12-17-经济的黎明之前-天风宏观宋雪涛,xuetao_macro,雪涛宏观笔记,雪涛宏观笔记,exact,经济的黎明之前(天风宏观宋雪涛),https://finance.sina.com.cn/money/bond/research/2022-11-25/doc-imqqsmrp7544728.shtml,full_mirror,clean,verified_from_publisher_label,23,3607,,2022-12-17
lichao_macro-2022-12-17-浙商宏观-李超-中央经济工作会议解读-夺回失去的牛市,lichao_macro,李超宏观研究与资产配置,李超宏观研究与资产配置,exact,【浙商宏观||李超】中央经济工作会议解读:夺回失去的牛市,https://m.jrj.com.cn/madapter/finance/2022/12/17143037220109.shtml,full_mirror,clean,verified_from_publisher_label,0,5059,,2022-12-17
cicc_perspective-2022-12-16-中金宏观-欧央行-加息放缓-但态度偏鹰,cicc_perspective,中金点睛,中金宏观,team_channel,中金宏观 | 欧央行：加息放缓，但态度偏鹰,https://www.10100.com/article/148042179,full_mirror,clean,verified_from_configured_author_id,9,4042,,2022-12-16
huatai_macro-2022-12-15-华泰-策略-扩大内需-一剂信心-两则前提-三重抓手,huatai_macro,华泰宏观,华泰证券宏观研究,configured_public_index,华泰 | 策略：“扩大内需”一剂信心、两则前提、三重抓手,https://www.10100.com/article/65866165,full_mirror,clean,verified_from_configured_author_id,4,2747,,2022-12-15
guolei_macro-2022-12-15-广发宏观-美联储12月议息会议要点解读,guolei_macro,郭磊宏观茶座,郭磊宏观茶座,exact,【广发宏观】美联储12月议息会议要点解读,https://finance.sina.cn/2023-01-06/detail-imxzewyr8905870.d.html?cref=cj,full_mirror,clean,verified_from_publisher_label,0,4075,,2022-12-15
cicc_perspective-2022-12-15-中金宏观-近期疫情的影响上升-11月经济数据点评,cicc_perspective,中金点睛,中金宏观,team_channel,中金宏观 | 近期疫情的影响上升——11月经济数据点评,https://www.10100.com/article/148035536,full_mirror,clean,verified_from_configured_author_id,1,2544,,2022-12-15
cicc_perspective-2022-12-15-中金宏观-充分发挥规模经济的新优势-扩内需纲要点评,cicc_perspective,中金点睛,中金宏观,team_channel,中金宏观 | 充分发挥规模经济的新优势 ——扩内需纲要点评,https://www.10100.com/article/148029041,full_mirror,clean,verified_from_configured_author_id,3,5359,,2022-12-15
yiyuzhongde-2022-12-14-华创宏观-张瑜团队-让子弹再飞一会儿-11月美国CPI数据点评,yiyuzhongde,一瑜中的,一瑜中的,exact,【华创宏观·张瑜团队】让子弹再飞一会儿——11月美国CPI数据点评,https://finance.sina.cn/2022-12-15/detail-imxwthtz9654378.d.html?cref=cj,full_mirror,clean,verified_from_publisher_label,8,4808,,2022-12-14
huatai_macro-2022-12-14-华泰宏观-2023年宏观经济展望更新,huatai_macro,华泰宏观,华泰证券宏观研究,configured_public_index,【华泰宏观】2023年宏观经济展望更新,https://www.10100.com/article/65959091,full_mirror,clean,verified_from_configured_author_id,30,9569,,2022-12-14
yiyuzhongde-2022-12-12-华创宏观-张瑜团队-防疫优化后-医疗体系如何应对-政策观察双周报第48期,yiyuzhongde,一瑜中的,一瑜中的,exact,"【华创宏观·张瑜团队】防疫优化后,医疗体系如何应对?——政策观察双周报第48期",http://www.163.com/dy/article/HOD36U500519QIKK.html,full_mirror,clean,verified_from_publisher_label,4,12245,,2022-12-12
cicc_perspective-2022-12-12-中金宏观-包机争订单对出口有一定积极作用,cicc_perspective,中金点睛,中金宏观,team_channel,中金宏观 | 包机争订单对出口有一定积极作用,https://www.10100.com/article/148042102,full_mirror,clean,verified_from_configured_author_id,10,5726,,2022-12-12
cicc_perspective-2022-12-11-中金宏观-市场对美国加息的影响过于乐观,cicc_perspective,中金点睛,中金宏观,team_channel,中金宏观 | 市场对美国加息的影响过于乐观,https://www.10100.com/article/148035553,full_mirror,clean,verified_from_configured_author_id,17,4195,,2022-12-11
huatai_macro-2022-12-08-华泰宏观-浅析越南经济重启进程,huatai_macro,华泰宏观,华泰证券宏观研究,configured_public_index,【华泰宏观】浅析越南经济重启进程,https://www.10100.com/article/65865116,full_mirror,clean,verified_from_configured_author_id,17,6079,,2022-12-08
cicc_perspective-2022-12-07-中金宏观-海外库存调整加剧出口下行-11月进出口点评,cicc_perspective,中金点睛,中金宏观,team_channel,中金宏观 | 海外库存调整加剧出口下行——11月进出口点评,https://www.10100.com/article/148042108,full_mirror,clean,verified_from_configured_author_id,17,3333,,2022-12-07
cicc_perspective-2022-12-07-中金宏观-政策合力-提振信心-12月政治局会议点评,cicc_perspective,中金点睛,中金宏观,team_channel,中金宏观| 政策合力，提振信心——12月政治局会议点评,https://www.10100.com/article/148029282,full_mirror,clean,verified_from_configured_author_id,5,3342,,2022-12-07
macrofans-2022-12-05-从居民超储看美国衰退时点,macrofans,宏观fans哲,宏观fans哲,author_research_stream,从居民超储看美国衰退时点,https://finance.sina.com.cn/stock/usstock/c/2022-12-05/doc-imqqsmrp8688513.shtml,full_mirror,clean,verified_from_publisher_citation,24,6973,,2022-12-05
cicc_perspective-2022-12-04-经济活力待改善-11月经济数据前瞻,cicc_perspective,中金点睛,中金宏观,team_channel,经济活力待改善——11月经济数据前瞻,https://www.10100.com/article/148029059,full_mirror,clean,verified_from_configured_author_id,36,5713,,2022-12-04
cicc_perspective-2022-12-03-中金宏观-重视劳动力供给冲击的深远影响,cicc_perspective,中金点睛,中金宏观,team_channel,中金宏观 | 重视劳动力供给冲击的深远影响,https://www.10100.com/article/148035539,full_mirror,clean,verified_from_configured_author_id,14,6405,,2022-12-03
guolei_macro-2022-12-01-广发宏观郭磊-走出谷底-2023年宏观环境展望,guolei_macro,郭磊宏观茶座,郭磊宏观茶座,exact,【广发宏观郭磊】走出谷底:2023年宏观环境展望,https://c.m.163.com/news/a/HNHJHAKK0519IGF7.html,full_mirror,clean,verified_from_publisher_label,0,24315,,2022-12-01
cicc_perspective-2022-11-30-中金宏观-从PMI看本轮疫情影响的新特点-11月PMI点评,cicc_perspective,中金点睛,中金宏观,team_channel,中金宏观 | 从PMI看本轮疫情影响的新特点——11月PMI点评,https://www.10100.com/article/148029283,full_mirror,clean,verified_from_configured_author_id,14,2888,,2022-11-30
huatai_macro-2022-11-29-华泰宏观-美国通胀是否能持续回落,huatai_macro,华泰宏观,华泰证券宏观研究,configured_public_index,【华泰宏观】美国通胀是否能持续回落？,https://www.10100.com/article/65958991,full_mirror,clean,verified_from_configured_author_id,20,7534,,2022-11-29
cicc_perspective-2022-11-28-中金宏观-利润下行但不乏结构亮点-10月工业企业利润点评,cicc_perspective,中金点睛,中金宏观,team_channel,中金宏观 | 利润下行但不乏结构亮点 - 10月工业企业利润点评,https://www.10100.com/article/148028887,full_mirror,clean,verified_from_configured_author_id,36,6011,,2022-11-28
lichao_macro-2022-11-23-浙商宏观-李超-国常会部署降准解读-稳增长保就业诉求增强,lichao_macro,李超宏观研究与资产配置,李超宏观研究与资产配置,exact,【浙商宏观||李超】国常会部署降准解读:稳增长保就业诉求增强,https://m.yicai.com/news/101604933.html,full_mirror,clean,verified_from_publisher_label,11,2951,,2022-11-23
cicc_perspective-2022-11-21-中金宏观-预期转向触发利率波动-关键还看疫情影响,cicc_perspective,中金点睛,中金宏观,team_channel,中金宏观| 预期转向触发利率波动，关键还看疫情影响,https://www.10100.com/article/148029431,full_mirror,clean,verified_from_configured_author_id,15,5412,,2022-11-21
cicc_perspective-2022-11-20-中金宏观-美联储加息态度依旧坚决,cicc_perspective,中金点睛,中金宏观,team_channel,中金宏观 | 美联储加息态度依旧坚决,https://www.10100.com/article/148042201,full_mirror,clean,verified_from_configured_author_id,17,5323,,2022-11-20
cicc_perspective-2022-11-17-中金宏观-央行关注通胀风险-但不代表系统性收紧,cicc_perspective,中金点睛,中金宏观,team_channel,中金宏观 | 央行关注通胀风险，但不代表系统性收紧,https://www.10100.com/article/148029049,full_mirror,clean,verified_from_configured_author_id,3,1983,,2022-11-17
cicc_perspective-2022-11-15-增长亮点在新经济-10月经济数据点评,cicc_perspective,中金点睛,中金宏观,team_channel,增长亮点在新经济 ——10月经济数据点评,https://www.10100.com/article/148029448,full_mirror,clean,verified_from_configured_author_id,3,2928,,2022-11-15
guolei_macro-2022-11-14-广发宏观-三个边际变化,guolei_macro,郭磊宏观茶座,广发证券,institutional_archive,【广发宏观】三个边际变化,https://www.10100.com/article/76476213,full_mirror,clean,verified_from_configured_author_id_and_title_signature,3,4009,,2022-11-14
cicc_perspective-2022-11-14-中金宏观-中期选举后续-消失的-红色浪潮,cicc_perspective,中金点睛,中金宏观,team_channel,中金宏观 | 中期选举后续：消失的“红色浪潮”,https://www.10100.com/article/148029069,full_mirror,clean,verified_from_configured_author_id,9,6166,,2022-11-14
cicc_perspective-2022-11-12-中金宏观-美国的通胀与加息路径-11月宏观月月谈,cicc_perspective,中金点睛,中金宏观,team_channel,【中金宏观】美国的通胀与加息路径｜11月宏观月月谈,https://www.10100.com/article/148035547,full_mirror,clean,verified_from_configured_author_id,1,10567,,2022-11-12
yiyuzhongde-2022-11-11-华创宏观-张瑜团队-美国通胀回落背后的两个-细节,yiyuzhongde,一瑜中的,一瑜中的,exact,【华创宏观·张瑜团队】美国通胀回落背后的两个“细节”,https://finance.sina.com.cn/stock/usstock/c/2022-11-11/doc-imqqsmrp5817001.shtml,full_mirror,clean,verified_from_publisher_label,24,5172,,2022-11-11
cicc_perspective-2022-11-11-中金宏观-美国通胀有望回落-但速度不会很快,cicc_perspective,中金点睛,中金宏观,team_channel,中金宏观 | 美国通胀有望回落，但速度不会很快,https://www.10100.com/article/148029449,full_mirror,clean,verified_from_configured_author_id,8,2586,,2022-11-11
cicc_perspective-2022-11-10-中金宏观-疫情致通胀超预期回落-2022年10月物价数据点评,cicc_perspective,中金点睛,中金宏观,team_channel,中金宏观| 疫情致通胀超预期回落——2022年10月物价数据点评,https://www.10100.com/article/148028902,full_mirror,clean,verified_from_configured_author_id,13,2864,,2022-11-10
cicc_perspective-2022-11-08-中金宏观-需求走弱是出口转负的主因-10月进出口点评,cicc_perspective,中金点睛,中金宏观,team_channel,中金宏观 | 需求走弱是出口转负的主因——10月进出口点评,https://www.10100.com/article/148029319,full_mirror,clean,verified_from_configured_author_id,11,3109,,2022-11-08
cicc_perspective-2022-11-07-十月非农释放了哪些信号,cicc_perspective,中金点睛,中金宏观,team_channel,十月非农释放了哪些信号？,https://www.10100.com/article/148028930,full_mirror,clean,verified_from_configured_author_id,13,4247,,2022-11-07
cicc_perspective-2022-11-07-中金宏观-更应关注BOP口径下的FDI,cicc_perspective,中金点睛,中金宏观,team_channel,中金宏观 | 更应关注BOP口径下的FDI,https://www.10100.com/article/148035568,full_mirror,clean,verified_from_configured_author_id,7,5377,,2022-11-07
cicc_perspective-2022-11-03-中金宏观-加息或放缓-但利率高点或更高,cicc_perspective,中金点睛,中金宏观,team_channel,【中金宏观】加息或放缓，但利率高点或更高,https://www.10100.com/article/148042224,full_mirror,clean,verified_from_configured_author_id,2,4302,,2022-11-03
cicc_perspective-2022-11-03-中金宏观-中期选举-拜登经济学的-试金石,cicc_perspective,中金点睛,中金宏观,team_channel,【中金宏观】中期选举：拜登经济学的“试金石”,https://www.10100.com/article/148029465,full_mirror,clean,verified_from_configured_author_id,10,13967,,2022-11-03
cicc_perspective-2022-11-02-内外需边际走弱-10月经济数据前瞻,cicc_perspective,中金点睛,中金宏观,team_channel,内外需边际走弱 ——10月经济数据前瞻,https://www.10100.com/article/148028931,full_mirror,clean,verified_from_configured_author_id,3,2646,,2022-11-02
cicc_perspective-2022-11-01-中金宏观-设备专项再贷款扩围,cicc_perspective,中金点睛,中金宏观,team_channel,中金宏观 | 设备专项再贷款扩围,https://www.10100.com/article/148029292,full_mirror,clean,verified_from_configured_author_id,26,5127,,2022-11-01
cicc_perspective-2022-10-31-中金宏观-疫情再起-需求仍弱-10月PMI点评,cicc_perspective,中金点睛,中金宏观,team_channel,中金宏观 | 疫情再起，需求仍弱——10月PMI点评,https://www.10100.com/article/148042117,full_mirror,clean,verified_from_configured_author_id,12,2679,,2022-10-31
cicc_perspective-2022-10-30-中金宏观-FOMC前瞻-美联储会放缓加息吗,cicc_perspective,中金点睛,中金宏观,team_channel,中金宏观 | FOMC前瞻：美联储会放缓加息吗？,https://www.10100.com/article/148029071,full_mirror,clean,verified_from_configured_author_id,9,4269,,2022-10-30
guolei_macro-2022-10-27-广发宏观-财政收入好转-但土地出让收入仍低,guolei_macro,郭磊宏观茶座,广发证券,institutional_archive,【广发宏观】财政收入好转，但土地出让收入仍低,https://www.10100.com/article/76701540,full_mirror,clean,verified_from_configured_author_id_and_title_signature,11,5548,,2022-10-27
guolei_macro-2022-10-27-广发宏观-如何看三季度经济数据,guolei_macro,郭磊宏观茶座,广发证券,institutional_archive,【广发宏观】如何看三季度经济数据,https://www.10100.com/article/76476214,full_mirror,clean,verified_from_configured_author_id_and_title_signature,9,7233,,2022-10-27
cicc_perspective-2022-10-27-中金宏观-成本下降支撑制造业利润-9月工业企业利润点评,cicc_perspective,中金点睛,中金宏观,team_channel,中金宏观 | 成本下降支撑制造业利润 — 9月工业企业利润点评,https://www.10100.com/article/148035554,full_mirror,clean,verified_from_configured_author_id,10,2711,,2022-10-27
cicc_perspective-2022-10-25-需求分化加大-楼市融资仍弱-复工复产跟踪系列-十八,cicc_perspective,中金点睛,中金宏观,team_channel,需求分化加大，楼市融资仍弱——复工复产跟踪系列（十八）,https://www.10100.com/article/148042214,full_mirror,clean,verified_from_configured_author_id,19,3020,,2022-10-25
cicc_perspective-2022-10-25-政策发力支撑内需-9月经济数据点评,cicc_perspective,中金点睛,中金宏观,team_channel,政策发力支撑内需——9月经济数据点评,https://www.10100.com/article/148029452,full_mirror,clean,verified_from_configured_author_id,3,3373,,2022-10-25
cicc_perspective-2022-10-24-中金宏观-美联储官员-放鸽-如何理解,cicc_perspective,中金点睛,中金宏观,team_channel,中金宏观 | 美联储官员“放鸽”，如何理解？,https://www.10100.com/article/148029442,full_mirror,clean,verified_from_configured_author_id,13,4661,,2022-10-24
cicc_perspective-2022-10-24-中金宏观-我国制造业优势扩大,cicc_perspective,中金点睛,中金宏观,team_channel,中金宏观 | 我国制造业优势扩大,https://www.10100.com/article/148035542,full_mirror,clean,verified_from_configured_author_id,28,4384,,2022-10-24
cicc_perspective-2022-10-17-中金宏观-美联储加息高点或接近5,cicc_perspective,中金点睛,中金宏观,team_channel,中金宏观 | 美联储加息高点或接近5%,https://www.10100.com/article/148035543,full_mirror,clean,verified_from_configured_author_id,11,5722,,2022-10-17
cicc_perspective-2022-10-17-中金宏观-疫情扰动实体-楼市初现回温-复工复产跟踪系列-十七,cicc_perspective,中金点睛,中金宏观,team_channel,中金宏观| 疫情扰动实体，楼市初现回温 ——复工复产跟踪系列（十七）,https://www.10100.com/article/148042204,full_mirror,clean,verified_from_configured_author_id,20,4767,,2022-10-17
cicc_perspective-2022-10-15-中金宏观-PPI显示政策加速落地-2022年9月通胀数据点评,cicc_perspective,中金点睛,中金宏观,team_channel,中金宏观| PPI显示政策加速落地 ——2022年9月通胀数据点评,https://www.10100.com/article/148029284,full_mirror,clean,verified_from_configured_author_id,9,2072,,2022-10-15
yiyuzhongde-2022-10-14-张瑜-美国通胀何时才算看到-胜利曙光,yiyuzhongde,一瑜中的,一瑜中的,exact,张瑜:美国通胀何时才算看到“胜利曙光”?,https://finance.sina.cn/forex/hsxw/2022-10-14/detail-imqqsmrp2528611.d.html?cref=cj,full_mirror,clean,verified_from_publisher_label,24,7164,,2022-10-14
cicc_perspective-2022-10-14-中金宏观专题-财政还将如何发力,cicc_perspective,中金点睛,中金宏观,team_channel,中金宏观专题 | 财政还将如何发力？,https://www.10100.com/article/148028895,full_mirror,clean,verified_from_configured_author_id,26,9016,,2022-10-14
cicc_perspective-2022-10-14-中金-通胀顽固-联储加息还慢不下来,cicc_perspective,中金点睛,中金宏观,team_channel,中金：通胀顽固，联储加息还慢不下来,https://www.10100.com/article/148042111,full_mirror,clean,verified_from_configured_author_id,9,4013,,2022-10-14
cicc_perspective-2022-10-13-中金-英国政策矛盾未解-警惕外溢效应,cicc_perspective,中金点睛,中金宏观,team_channel,中金：英国政策矛盾未解，警惕外溢效应,https://www.10100.com/article/148028914,full_mirror,clean,verified_from_configured_author_id,6,8268,,2022-10-13
cicc_perspective-2022-10-12-中金宏观-社融增长仍有后劲,cicc_perspective,中金点睛,中金宏观,team_channel,中金宏观 | 社融增长仍有后劲,https://www.10100.com/article/148035557,full_mirror,clean,verified_from_configured_author_id,5,3620,,2022-10-12
cicc_perspective-2022-10-10-中金宏观-美国货币政策转向时机未到,cicc_perspective,中金点睛,中金宏观,team_channel,中金宏观 | 美国货币政策转向时机未到,https://www.10100.com/article/148029297,full_mirror,clean,verified_from_configured_author_id,16,6031,,2022-10-10
cicc_perspective-2022-10-09-详解国庆假期消费,cicc_perspective,中金点睛,中金宏观,team_channel,详解国庆假期消费,https://www.10100.com/article/148042118,full_mirror,clean,verified_from_configured_author_id,16,2488,,2022-10-09
cicc_perspective-2022-10-07-政策发力与外生冲击带来数据分化-9月经济数据前瞻,cicc_perspective,中金点睛,中金宏观,team_channel,政策发力与外生冲击带来数据分化 ——9月经济数据前瞻,https://www.10100.com/article/148028918,full_mirror,clean,verified_from_configured_author_id,3,3438,,2022-10-07
cicc_perspective-2022-09-30-中金宏观-外需下降-内需改善-9月PMI点评,cicc_perspective,中金点睛,中金宏观,team_channel,中金宏观 | 外需下降，内需改善——9月PMI点评,https://www.10100.com/article/148035571,full_mirror,clean,verified_from_configured_author_id,12,2673,,2022-09-30
cicc_perspective-2022-09-30-中金-扩信贷仍是货币政策的主要抓手-3季度货币政策委员会例会点评,cicc_perspective,中金点睛,中金宏观,team_channel,中金：扩信贷仍是货币政策的主要抓手——3季度货币政策委员会例会点评,https://www.10100.com/article/148029444,full_mirror,clean,verified_from_configured_author_id,6,3607,,2022-09-30
guojun_macro-2022-09-28-国君宏观-中国能源格局未来图景猜想,guojun_macro,国君宏观研究,国泰君安证券研究,parent_platform,国君宏观 |中国能源格局未来图景猜想,https://finance.sina.cn/2023-01-12/detail-imxzwrwt8854457.d.html?cref=cj,full_mirror,clean,verified_from_publisher_label,40,4995,,2022-09-28
cicc_perspective-2022-09-26-中金宏观-疫情影响减弱-房企融资回温-复工复产跟踪系列-十六,cicc_perspective,中金点睛,中金宏观,team_channel,中金宏观| 疫情影响减弱，房企融资回温 ——复工复产跟踪系列（十六）,https://www.10100.com/article/148042206,full_mirror,clean,verified_from_configured_author_id,20,5519,,2022-09-26
cicc_perspective-2022-09-25-中金宏观-英国-减税恐慌-影响几何,cicc_perspective,中金点睛,中金宏观,team_channel,中金宏观 | 英国“减税恐慌”，影响几何？,https://www.10100.com/article/148029066,full_mirror,clean,verified_from_configured_author_id,15,7361,,2022-09-25
zhongzhengsheng-2022-09-22-美联储信誉保卫战-2022年9月美联储议息会议解读,zhongzhengsheng,钟正生经济分析,钟正生经济分析,exact,美联储信誉保卫战——2022年9月美联储议息会议解读,https://finance.sina.cn/forex/hsxw/2022-09-22/detail-imqmmtha8266776.d.html?cref=cj,full_mirror,clean,verified_from_publisher_label,22,7866,,2022-09-22
yiyuzhongde-2022-09-22-华创宏观-张瑜团队-20个指标看美国衰退预期-9月FOMC会议点评,yiyuzhongde,一瑜中的,一瑜中的,exact,【华创宏观·张瑜团队】20个指标看美国衰退预期——9月FOMC会议点评,https://finance.sina.cn/2022-09-22/detail-imqmmtha8314667.d.html?cref=cj,full_mirror,clean,verified_from_publisher_label,32,7810,,2022-09-22
cicc_perspective-2022-09-19-楼市旺季不旺-基建落地加速-复工复产系列跟踪-十五,cicc_perspective,中金点睛,中金宏观,team_channel,楼市旺季不旺，基建落地加速——复工复产系列跟踪（十五）,https://www.10100.com/article/148029286,full_mirror,clean,verified_from_configured_author_id,21,3476,,2022-09-19
cicc_perspective-2022-09-19-中金宏观-详解各行业库存动态,cicc_perspective,中金点睛,中金宏观,team_channel,中金宏观 | 详解各行业库存动态,https://www.10100.com/article/148035546,full_mirror,clean,verified_from_configured_author_id,12,3668,,2022-09-19
cicc_perspective-2022-09-18-中金宏观-FOMC前瞻-迎接-鹰-派加息,cicc_perspective,中金点睛,中金宏观,team_channel,中金宏观 | FOMC前瞻：迎接“鹰”派加息,https://www.10100.com/article/148042207,full_mirror,clean,verified_from_configured_author_id,12,3707,,2022-09-18
xuetao_macro-2022-09-17-8月数据里的中国经济逻辑-天风宏观宋雪涛,xuetao_macro,雪涛宏观笔记,雪涛宏观笔记,exact,8月数据里的中国经济逻辑(天风宏观宋雪涛),https://finance.sina.com.cn/money/bond/research/2022-09-17/doc-imqqsmrn9486704.shtml,full_mirror,clean,verified_from_publisher_label,32,3499,,2022-09-17
cicc_perspective-2022-09-17-准财政助力经济修复-8-月经济数据点评,cicc_perspective,中金点睛,中金宏观,team_channel,准财政助力经济修复——8 月经济数据点评,https://www.10100.com/article/148042137,full_mirror,clean,verified_from_configured_author_id,7,2837,,2022-09-17
cicc_perspective-2022-09-14-中金-美国消灭通胀还有很长的路,cicc_perspective,中金点睛,中金宏观,team_channel,中金：美国消灭通胀还有很长的路,https://www.10100.com/article/148035611,full_mirror,clean,verified_from_configured_author_id,10,4141,,2022-09-14
yiyuzhongde-2022-09-13-华创宏观-张瑜团队-探寻核心通胀的秘密,yiyuzhongde,一瑜中的,一瑜中的,exact,【华创宏观·张瑜团队】探寻核心通胀的秘密,https://m.gelonghui.com/p/551448,full_mirror,clean,verified_from_publisher_label,17,8970,,2022-09-13
cicc_perspective-2022-09-13-中金宏观-三大制约因素边际改善-复工复产跟踪系列-十四,cicc_perspective,中金点睛,中金宏观,team_channel,中金宏观 | 三大制约因素边际改善 ——复工复产跟踪系列（十四）,https://www.10100.com/article/148042237,full_mirror,clean,verified_from_configured_author_id,20,4723,,2022-09-13
xuetao_macro-2022-09-12-欧洲制造大转移-天风宏观宋雪涛,xuetao_macro,雪涛宏观笔记,雪涛宏观笔记,exact,欧洲制造大转移(天风宏观宋雪涛),https://finance.sina.cn/forex/hsxw/2022-09-15/detail-imqmmtha7408678.d.html?cref=cj,full_mirror,clean,verified_from_publisher_label,20,3428,,2022-09-12
cicc_perspective-2022-09-10-中金宏观-需求偏弱-主导近期通胀走势-2022年8月通胀数据点评,cicc_perspective,中金点睛,中金宏观,team_channel,中金宏观 | 需求偏弱，主导近期通胀走势——2022年8月通胀数据点评,https://www.10100.com/article/148035574,full_mirror,clean,verified_from_configured_author_id,10,2274,,2022-09-10
cicc_perspective-2022-09-10-中金宏观-流动性仍淤积-但积极因素增强-8月金融数据点评,cicc_perspective,中金点睛,中金宏观,team_channel,中金宏观 | 流动性仍淤积，但积极因素增强 - 8月金融数据点评,https://www.10100.com/article/148028945,full_mirror,clean,verified_from_configured_author_id,13,3151,,2022-09-10
cicc_perspective-2022-09-07-中金宏观-出口增速下滑源于两个主要因素-8月进出口点评,cicc_perspective,中金点睛,中金宏观,team_channel,中金宏观 | 出口增速下滑源于两个主要因素——8月进出口点评,https://www.10100.com/article/148029485,full_mirror,clean,verified_from_configured_author_id,13,3332,,2022-09-07
cicc_perspective-2022-09-06-中金宏观月月谈-9月视点,cicc_perspective,中金点睛,中金宏观,team_channel,中金宏观月月谈:9月视点,https://finance.sina.com.cn/stock/stockzmt/2022-09-05/doc-imqmmtha5972942.shtml,full_mirror,clean,verified_from_publisher_label,16,10205,,2022-09-06
cicc_perspective-2022-09-06-中金-消灭通胀还需付出多少代价,cicc_perspective,中金点睛,中金宏观,team_channel,中金：消灭通胀还需付出多少代价？,https://www.10100.com/article/148028920,full_mirror,clean,verified_from_configured_author_id,21,12101,,2022-09-06
cicc_perspective-2022-09-05-中金宏观-专项借款-托底交楼-复工复产跟踪系列-十三,cicc_perspective,中金点睛,中金宏观,team_channel,中金宏观 | 专项借款，托底交楼 ——复工复产跟踪系列（十三）,https://www.10100.com/article/148029306,full_mirror,clean,verified_from_configured_author_id,18,4979,,2022-09-05
huatai_macro-2022-09-04-华泰宏观-图解海外周报-能源短缺加剧-衰退风险上升,huatai_macro,华泰宏观,华泰证券宏观研究,configured_public_index,【华泰宏观 | 图解海外周报】能源短缺加剧；衰退风险上升,https://www.10100.com/article/65959039,full_mirror,clean,verified_from_configured_author_id,17,3362,,2022-09-04
cicc_perspective-2022-09-04-短期扰动加大-8月经济数据前瞻,cicc_perspective,中金点睛,中金宏观,team_channel,短期扰动加大——8月经济数据前瞻,https://www.10100.com/article/148042122,full_mirror,clean,verified_from_configured_author_id,9,3482,,2022-09-04
huatai_macro-2022-09-02-华泰宏观-韩国出口大幅走弱-9月韩国出口点评,huatai_macro,华泰宏观,华泰证券宏观研究,configured_public_index,【华泰宏观】韩国出口大幅走弱|9月韩国出口点评,https://www.10100.com/article/65959040,full_mirror,clean,verified_from_configured_author_id,6,3149,,2022-09-02
huatai_macro-2022-09-01-华泰宏观-图解海外月报-海外-关注美元流动性进一步收紧风险,huatai_macro,华泰宏观,华泰证券宏观研究,configured_public_index,【华泰宏观 | 图解海外月报】海外：关注美元流动性进一步收紧风险,https://www.10100.com/article/65865394,full_mirror,clean,verified_from_configured_author_id,15,2290,,2022-09-01
huatai_macro-2022-09-01-华泰宏观-8月PMI-制造业景气微升但仍在收缩区间,huatai_macro,华泰宏观,华泰证券宏观研究,configured_public_index,【华泰宏观】8月PMI：制造业景气微升但仍在收缩区间,https://www.10100.com/article/65959089,full_mirror,clean,verified_from_configured_author_id,5,2872,,2022-09-01
cicc_perspective-2022-08-31-中金宏观-需求修复偏慢-带动企业去库-8月PMI点评,cicc_perspective,中金点睛,中金宏观,team_channel,中金宏观 | 需求修复偏慢，带动企业去库——8月PMI点评,https://www.10100.com/article/148028928,full_mirror,clean,verified_from_configured_author_id,12,2669,,2022-08-31
cicc_perspective-2022-08-30-中金-低利率还能持续多久,cicc_perspective,中金点睛,中金宏观,team_channel,中金：低利率还能持续多久？,https://www.10100.com/article/148035562,full_mirror,clean,verified_from_configured_author_id,37,12407,,2022-08-30
cicc_perspective-2022-08-30-中金-三个视角看出口,cicc_perspective,中金点睛,中金宏观,team_channel,中金：三个视角看出口,https://www.10100.com/article/148029314,full_mirror,clean,verified_from_configured_author_id,45,11177,,2022-08-30
cicc_perspective-2022-08-29-中金宏观-虽有扰动-更有行动-复工复产跟踪系列-十二,cicc_perspective,中金点睛,中金宏观,team_channel,中金宏观 | 虽有扰动，更有行动 ——复工复产跟踪系列（十二）,https://www.10100.com/article/148042222,full_mirror,clean,verified_from_configured_author_id,20,4692,,2022-08-29
huatai_macro-2022-08-28-华泰宏观-深度-美元去哪了-海外衰退风险跟踪之三,huatai_macro,华泰宏观,华泰证券宏观研究,configured_public_index,【华泰宏观|深度】美元去哪了？｜海外衰退风险跟踪之三,https://www.10100.com/article/65959035,full_mirror,clean,verified_from_configured_author_id,30,12307,,2022-08-28
huatai_macro-2022-08-28-华泰宏观-工业盈利同比转负-地产拖累加剧-7月工业企业财务数据点评,huatai_macro,华泰宏观,华泰证券宏观研究,configured_public_index,【华泰宏观】工业盈利同比转负，地产拖累加剧|7月工业企业财务数据点评,https://www.10100.com/article/65865169,full_mirror,clean,verified_from_configured_author_id,11,2804,,2022-08-28
huatai_macro-2022-08-27-华泰宏观-联储年会-衰退担忧或无法及时逼退紧缩,huatai_macro,华泰宏观,华泰证券宏观研究,configured_public_index,【华泰宏观】联储年会：衰退担忧或无法及时逼退紧缩,https://www.10100.com/article/65959036,full_mirror,clean,verified_from_configured_author_id,6,1993,,2022-08-27
cicc_perspective-2022-08-27-中金宏观-通胀很顽固-美联储很-鹰,cicc_perspective,中金点睛,中金宏观,team_channel,中金宏观 | 通胀很顽固 ，美联储很“鹰,https://www.10100.com/article/148028933,full_mirror,clean,verified_from_configured_author_id,7,3958,,2022-08-27
xuetao_macro-2022-08-25-不应低估政策的力度-天风宏观宋雪涛,xuetao_macro,雪涛宏观笔记,雪涛宏观笔记,exact,不应低估政策的力度(天风宏观宋雪涛),https://finance.sina.com.cn/money/bond/research/2022-08-25/doc-imizirav9682327.shtml,full_mirror,clean,verified_from_publisher_label,19,2098,,2022-08-25
cicc_perspective-2022-08-25-中金宏观-实物加快-基建乘数效应有望提升,cicc_perspective,中金点睛,中金宏观,team_channel,中金宏观 | 实物加快，基建乘数效应有望提升,https://www.10100.com/article/148035564,full_mirror,clean,verified_from_configured_author_id,9,2162,,2022-08-25
cicc_perspective-2022-08-25-中金宏观-再谈限电对工业的影响,cicc_perspective,中金点睛,中金宏观,team_channel,中金宏观 | 再谈限电对工业的影响,https://www.10100.com/article/148029459,full_mirror,clean,verified_from_configured_author_id,16,2607,,2022-08-25
huatai_macro-2022-08-24-华泰宏观-深度-全球隐性库存周期与消失的外贸订单-海外衰退风险跟踪之二,huatai_macro,华泰宏观,华泰证券宏观研究,configured_public_index,【华泰宏观|深度】全球隐性库存周期与消失的外贸订单｜海外衰退风险跟踪之二,https://www.10100.com/article/65865139,full_mirror,clean,verified_from_configured_author_id,41,10447,,2022-08-24
huatai_macro-2022-08-23-华泰宏观-深度-电力紧张再现-宏观影响几何,huatai_macro,华泰宏观,华泰证券宏观研究,configured_public_index,【华泰宏观|深度】电力紧张再现，宏观影响几何？,https://www.10100.com/article/65959060,full_mirror,clean,verified_from_configured_author_id,18,8247,,2022-08-23
cicc_perspective-2022-08-23-从保主体到保消费-复工复产跟踪系列-十一,cicc_perspective,中金点睛,中金宏观,team_channel,从保主体到保消费——复工复产跟踪系列（十一）,https://www.10100.com/article/148029089,full_mirror,clean,verified_from_configured_author_id,23,6573,,2022-08-23
cicc_perspective-2022-08-23-中金宏观-再度非对称降息托举楼市-LPR降息点评,cicc_perspective,中金点睛,中金宏观,team_channel,中金宏观 | 再度非对称降息托举楼市——LPR降息点评,https://www.10100.com/article/148042129,full_mirror,clean,verified_from_configured_author_id,2,2046,,2022-08-23
guolei_macro-2022-08-22-广发宏观-吴棋滢-读懂财政四本账的意义不亚于读懂货币政策,guolei_macro,郭磊宏观茶座,广发证券,institutional_archive,【广发宏观】吴棋滢：读懂财政四本账的意义不亚于读懂货币政策,https://www.10100.com/article/76476252,full_mirror,clean,verified_from_configured_author_id_and_title_signature,0,15136,,2022-08-22
cicc_perspective-2022-08-22-中金宏观-疫情第三年-美国服务复苏几何,cicc_perspective,中金点睛,中金宏观,team_channel,中金宏观 | 疫情第三年，美国服务复苏几何？,https://www.10100.com/article/148028912,full_mirror,clean,verified_from_configured_author_id,19,4196,,2022-08-22
huatai_macro-2022-08-21-华泰宏观-图解海外周报-美国消费动能趋弱-欧日通胀继续上行,huatai_macro,华泰宏观,华泰证券宏观研究,configured_public_index,【华泰宏观 | 图解海外周报】美国消费动能趋弱；欧日通胀继续上行,https://www.10100.com/article/65865137,full_mirror,clean,verified_from_configured_author_id,21,2545,,2022-08-21
huatai_macro-2022-08-19-华泰宏观-视频-7月经济数据凸显内外压力,huatai_macro,华泰宏观,华泰证券宏观研究,configured_public_index,【华泰宏观 | 视频】7月经济数据凸显内外压力,https://www.10100.com/article/65959102,full_mirror,clean,verified_from_configured_author_id,8,2278,,2022-08-19
yiyuzhongde-2022-08-18-华创宏观-张瑜团队-莱茵河断航会怎样-海外双周报第13期,yiyuzhongde,一瑜中的,一瑜中的,exact,【华创宏观·张瑜团队】莱茵河断航会怎样?——海外双周报第13期,https://www.chinascrap.com/topic/topic_view?key=172505,full_mirror,clean,verified_from_publisher_label,18,6259,,2022-08-18
huatai_macro-2022-08-18-华泰宏观-美国零售-实物消费转负-服务走弱,huatai_macro,华泰宏观,华泰证券宏观研究,configured_public_index,【华泰宏观】美国零售：实物消费转负、服务走弱,https://www.10100.com/article/65866233,full_mirror,clean,verified_from_configured_author_id,8,1883,,2022-08-18
xuetao_macro-2022-08-16-降息响应-稳地产-天风宏观宋雪涛,xuetao_macro,雪涛宏观笔记,雪涛宏观笔记,exact,降息响应“稳地产”(天风宏观宋雪涛),https://m.21jingji.com/article/20220816/herald/d6eb63e13b76b6e7c0e9feaab3e6ce10.html,full_mirror,clean,verified_from_publisher_label,8,2791,,2022-08-16
cicc_perspective-2022-08-16-中金宏观-地产多维度拖累-7月经济数据点评,cicc_perspective,中金点睛,中金宏观,team_channel,中金宏观 | 地产多维度拖累——7月经济数据点评,https://www.10100.com/article/148029296,full_mirror,clean,verified_from_configured_author_id,6,3407,,2022-08-16
cicc_perspective-2022-08-16-中金-利率的底色是增长-央行降息点评,cicc_perspective,中金点睛,中金宏观,team_channel,中金：利率的底色是增长——央行降息点评,https://www.10100.com/article/148042215,full_mirror,clean,verified_from_configured_author_id,7,4127,,2022-08-16
huatai_macro-2022-08-15-华泰宏观-三驾马车-同时减速-7月经济活动数据点评,huatai_macro,华泰宏观,华泰证券宏观研究,configured_public_index,【华泰宏观】“三驾马车”同时减速 | 7月经济活动数据点评,https://www.10100.com/article/65959121,full_mirror,clean,verified_from_configured_author_id,10,3422,,2022-08-15
cicc_perspective-2022-08-15-中金宏观-复苏仍受疫情和保交楼困扰-复工复产跟踪系列-十,cicc_perspective,中金点睛,中金宏观,team_channel,中金宏观 | 复苏仍受疫情和保交楼困扰——复工复产跟踪系列（十）,https://www.10100.com/article/148035598,full_mirror,clean,verified_from_configured_author_id,21,4669,,2022-08-15
cicc_perspective-2022-08-15-中金宏观-利润重心下沉,cicc_perspective,中金点睛,中金宏观,team_channel,中金宏观 | 利润重心下沉,https://www.10100.com/article/148029073,full_mirror,clean,verified_from_configured_author_id,26,4638,,2022-08-15
huatai_macro-2022-08-12-华泰宏观-地产拖累-周期走弱-社融拐点确认-7月金融数据点评,huatai_macro,华泰宏观,华泰证券宏观研究,configured_public_index,【华泰宏观】地产拖累+周期走弱=社融拐点确认|7月金融数据点评,https://www.10100.com/article/65865170,full_mirror,clean,verified_from_configured_author_id,10,2780,,2022-08-12
huatai_macro-2022-08-09-华泰宏观-中国贸易顺差逆势上升的成因与启示,huatai_macro,华泰宏观,华泰证券宏观研究,configured_public_index,【华泰宏观】中国贸易顺差逆势上升的成因与启示,https://www.10100.com/article/65959081,full_mirror,clean,verified_from_configured_author_id,14,6564,,2022-08-09
cicc_perspective-2022-08-09-中金-汇率向能源看齐,cicc_perspective,中金点睛,中金宏观,team_channel,中金：汇率向能源看齐,https://www.10100.com/article/148035599,full_mirror,clean,verified_from_configured_author_id,7,3536,,2022-08-09
cicc_perspective-2022-08-08-中金宏观-楼市偏弱-实体向好-复工复产跟踪系列-九,cicc_perspective,中金点睛,中金宏观,team_channel,中金宏观 | 楼市偏弱，实体向好 ——复工复产跟踪系列（九）,https://www.10100.com/article/148042121,full_mirror,clean,verified_from_configured_author_id,22,4203,,2022-08-08
cicc_perspective-2022-08-08-中金宏观-出口竞争力显现-7月进出口点评,cicc_perspective,中金点睛,中金宏观,team_channel,中金宏观 | 出口竞争力显现——7月进出口点评,https://www.10100.com/article/148029303,full_mirror,clean,verified_from_configured_author_id,13,3251,,2022-08-08
huatai_macro-2022-08-07-华泰宏观-美债价格上涨及小幅流入推升外储-7月外储数据简评,huatai_macro,华泰宏观,华泰证券宏观研究,configured_public_index,【华泰宏观】美债价格上涨及小幅流入推升外储|7月外储数据简评,https://www.10100.com/article/65865128,full_mirror,clean,verified_from_configured_author_id,6,1975,,2022-08-07
huatai_macro-2022-08-07-华泰宏观-图解国内周报-强出口-弱内需势头持续,huatai_macro,华泰宏观,华泰证券宏观研究,configured_public_index,【华泰宏观|图解国内周报】强出口、弱内需势头持续,https://www.10100.com/article/65959054,full_mirror,clean,verified_from_configured_author_id,20,2790,,2022-08-07
cicc_perspective-2022-08-07-中金宏观-为何美国经济数据弱-就业数据强,cicc_perspective,中金点睛,中金宏观,team_channel,中金宏观 | 为何美国经济数据弱，就业数据强？,https://www.10100.com/article/148029075,full_mirror,clean,verified_from_configured_author_id,12,5570,,2022-08-07
huatai_macro-2022-08-05-华泰宏观-疫情更新-局部反复冲击旅游与出口,huatai_macro,华泰宏观,华泰证券宏观研究,configured_public_index,【华泰宏观】疫情更新：局部反复冲击旅游与出口,https://www.10100.com/article/65865129,full_mirror,clean,verified_from_configured_author_id,10,2476,,2022-08-05
cicc_perspective-2022-08-03-中金宏观-7月经济数据前瞻-通胀或渐成焦点,cicc_perspective,中金点睛,中金宏观,team_channel,中金宏观 | 7月经济数据前瞻： 通胀或渐成焦点,https://www.10100.com/article/148035600,full_mirror,clean,verified_from_configured_author_id,3,3096,,2022-08-03
cicc_perspective-2022-08-01-中金宏观-需求还待提振-7月PMI点评,cicc_perspective,中金点睛,中金宏观,team_channel,中金宏观 | 需求还待提振——7月PMI点评,https://www.10100.com/article/148029457,full_mirror,clean,verified_from_configured_author_id,12,3406,,2022-08-01
cicc_perspective-2022-08-01-中金宏观-疫情缓解-保交楼需加力-复工复产跟踪系列-八,cicc_perspective,中金点睛,中金宏观,team_channel,中金宏观 | 疫情缓解，保交楼需加力 ——复工复产跟踪系列（八）,https://www.10100.com/article/148042220,full_mirror,clean,verified_from_configured_author_id,18,3974,,2022-08-01
huatai_macro-2022-07-31-华泰宏观-核心PCE高于预期-通胀仍有黏性,huatai_macro,华泰宏观,华泰证券宏观研究,configured_public_index,【华泰宏观】核心PCE高于预期，通胀仍有黏性,https://www.10100.com/article/65865119,full_mirror,clean,verified_from_configured_author_id,6,1946,,2022-07-31
huatai_macro-2022-07-31-华泰宏观-多重因素加剧2H社融增长下行压力,huatai_macro,华泰宏观,华泰证券宏观研究,configured_public_index,【华泰宏观】多重因素加剧2H社融增长下行压力,https://www.10100.com/article/65958997,full_mirror,clean,verified_from_configured_author_id,13,8202,,2022-07-31
huatai_macro-2022-07-31-华泰宏观-图解国内周报-工业减速地产暂稳-政策定调保底线,huatai_macro,华泰宏观,华泰证券宏观研究,configured_public_index,【华泰宏观|图解国内周报】工业减速地产暂稳，政策定调保底线,https://www.10100.com/article/65959000,full_mirror,clean,verified_from_configured_author_id,20,2861,,2022-07-31
cicc_perspective-2022-07-31-中金宏观-能源变局下的出口-跷跷板,cicc_perspective,中金点睛,中金宏观,team_channel,中金宏观 | 能源变局下的出口“跷跷板”,https://www.10100.com/article/148028936,full_mirror,clean,verified_from_configured_author_id,24,10236,,2022-07-31
huatai_macro-2022-07-29-华泰宏观-电话会-火线解读7月政治局会议,huatai_macro,华泰宏观,华泰证券宏观研究,configured_public_index,【华泰宏观｜电话会】火线解读7月政治局会议,https://www.10100.com/article/65866197,full_mirror,clean,verified_from_configured_author_id,2,1242,,2022-07-29
huatai_macro-2022-07-29-华泰宏观-图解海外月报-海外-增长继续超预期下行但通胀困扰犹存,huatai_macro,华泰宏观,华泰证券宏观研究,configured_public_index,【华泰宏观|图解海外月报】海外：增长继续超预期下行但通胀困扰犹存,https://www.10100.com/article/65959095,full_mirror,clean,verified_from_configured_author_id,17,2660,,2022-07-29
huatai_macro-2022-07-29-华泰宏观-图解国内月报-地产风波蔓延加剧内需增长不确定性,huatai_macro,华泰宏观,华泰证券宏观研究,configured_public_index,【华泰宏观|图解国内月报】地产风波蔓延加剧内需增长不确定性,https://www.10100.com/article/65866194,full_mirror,clean,verified_from_configured_author_id,17,2777,,2022-07-29
cicc_perspective-2022-07-29-中金宏观-实事求是-积极有为-7月政治局会议点评,cicc_perspective,中金点睛,中金宏观,team_channel,中金宏观 | 实事求是，积极有为——7月政治局会议点评,https://www.10100.com/article/148035609,full_mirror,clean,verified_from_configured_author_id,2,2543,,2022-07-29
cicc_perspective-2022-07-29-中金-美国经济列车向衰退驶去,cicc_perspective,中金点睛,中金宏观,team_channel,中金：美国经济列车向衰退驶去,https://www.10100.com/article/148029468,full_mirror,clean,verified_from_configured_author_id,6,4382,,2022-07-29
huatai_macro-2022-07-28-华泰宏观-7月FOMC-联储如期加息75基点-后续相机而动,huatai_macro,华泰宏观,华泰证券宏观研究,configured_public_index,【华泰宏观】7月FOMC: 联储如期加息75基点，后续相机而动,https://www.10100.com/article/65959096,full_mirror,clean,verified_from_configured_author_id,7,2422,,2022-07-28
cicc_perspective-2022-07-28-中金-加息继续推进-增长还需下行,cicc_perspective,中金点睛,中金宏观,team_channel,中金：加息继续推进，增长还需下行,https://www.10100.com/article/148042225,full_mirror,clean,verified_from_configured_author_id,2,3800,,2022-07-28
huatai_macro-2022-07-26-华泰宏观-电话会-地产风波的沙盘推演,huatai_macro,华泰宏观,华泰证券宏观研究,configured_public_index,【华泰宏观｜电话会】地产风波的沙盘推演,https://www.10100.com/article/65866198,full_mirror,clean,verified_from_configured_author_id,2,1361,,2022-07-26
cicc_perspective-2022-07-25-中金宏观-细数保交楼方案-复工复产跟踪系列-七,cicc_perspective,中金点睛,中金宏观,team_channel,中金宏观 | 细数保交楼方案——复工复产跟踪系列（七）,https://www.10100.com/article/148035610,full_mirror,clean,verified_from_configured_author_id,33,6388,,2022-07-25
cicc_perspective-2022-07-25-中金宏观-欧美陷入-数据弱-政策紧-窘境,cicc_perspective,中金点睛,中金宏观,team_channel,中金宏观 | 欧美陷入“数据弱、政策紧”窘境,https://www.10100.com/article/148029338,full_mirror,clean,verified_from_configured_author_id,17,4421,,2022-07-25
huatai_macro-2022-07-24-华泰宏观-7月FOMC前瞻-或继续-快加息-1-2次,huatai_macro,华泰宏观,华泰证券宏观研究,configured_public_index,【华泰宏观】7月FOMC前瞻: 或继续“快加息”1-2次,https://www.10100.com/article/65959057,full_mirror,clean,verified_from_configured_author_id,7,2203,,2022-07-24
lichao_macro-2022-07-23-浙商宏观-李超-新能源-指数日报-2022-7-22,lichao_macro,李超宏观研究与资产配置,李超宏观研究与资产配置,exact,【浙商宏观||李超】“新能源+”指数日报(2022.7.22),https://finance.sina.cn/2022-12-04/detail-imqqsmrp8575066.d.html?cref=cj,abstract_only,flagged,verified_from_publisher_label,6,558,mirror_is_abstract,2022-07-23
huatai_macro-2022-07-23-华泰宏观-视频-欧洲和全球能源短缺对中国的影响-一个-喜忧参半-的视角,huatai_macro,华泰宏观,华泰证券宏观研究,configured_public_index,【华泰宏观 | 视频】欧洲和全球能源短缺对中国的影响——一个“喜忧参半”的视角,https://www.10100.com/article/65959088,full_mirror,clean,verified_from_configured_author_id,11,4447,,2022-07-23
huatai_macro-2022-07-23-华泰宏观-国常会-促基建-但或不足以稳增长,huatai_macro,华泰宏观,华泰证券宏观研究,configured_public_index,【华泰宏观】国常会：促基建，但或不足以稳增长,https://www.10100.com/article/65865431,full_mirror,clean,verified_from_configured_author_id,7,2185,,2022-07-23
cicc_perspective-2022-07-22-中金-欧央行告别负利率-推出稳定工具,cicc_perspective,中金点睛,中金宏观,team_channel,中金：欧央行告别负利率，推出稳定工具,https://www.10100.com/article/148042131,full_mirror,clean,verified_from_configured_author_id,6,4893,,2022-07-22
huatai_macro-2022-07-21-华泰宏观-LPR如期持平-最宽松时段或已过去,huatai_macro,华泰宏观,华泰证券宏观研究,configured_public_index,【华泰宏观】LPR如期持平，最宽松时段或已过去,https://www.10100.com/article/65865392,full_mirror,clean,verified_from_configured_author_id,6,2044,,2022-07-21
cicc_perspective-2022-07-18-中金宏观-意大利示警-欧元区走向十字路口,cicc_perspective,中金点睛,中金宏观,team_channel,中金宏观 | 意大利示警，欧元区走向十字路口,https://www.10100.com/article/148028954,full_mirror,clean,verified_from_configured_author_id,16,8132,,2022-07-18
cicc_perspective-2022-07-18-中金宏观-复苏斜率-近期跟2020年的差异-复工复产跟踪系列-六,cicc_perspective,中金点睛,中金宏观,team_channel,中金宏观 | 复苏斜率：近期跟2020年的差异——复工复产跟踪系列（六）,https://www.10100.com/article/148042143,full_mirror,clean,verified_from_configured_author_id,23,4583,,2022-07-18
huatai_macro-2022-07-17-华泰宏观-图解海外周报-海外-美国通胀创新高-欧洲衰退预期加剧,huatai_macro,华泰宏观,华泰证券宏观研究,configured_public_index,"【华泰宏观|图解海外周报】海外:美国通胀创新高,欧洲衰退预期加剧",https://www.10100.com/article/65959062,full_mirror,clean,verified_from_configured_author_id,20,2916,,2022-07-17
cicc_perspective-2022-07-16-中金宏观-服务业复苏待提速-2022年6月经济数据点评,cicc_perspective,中金点睛,中金宏观,team_channel,中金宏观 | 服务业复苏待提速 ——2022年6月经济数据点评,https://www.10100.com/article/148035577,full_mirror,clean,verified_from_configured_author_id,7,2919,,2022-07-16
huatai_macro-2022-07-14-华泰宏观-美国6月CPI-美国CPI破9-或-做实-75bp加息,huatai_macro,华泰宏观,华泰证券宏观研究,configured_public_index,【华泰宏观】美国6月CPI：美国CPI破9，或“做实”75bp加息,https://www.10100.com/article/65865142,full_mirror,clean,verified_from_configured_author_id,6,2347,,2022-07-14
cicc_perspective-2022-07-14-中金宏观-回补因素继续推升出口-6月进出口点评,cicc_perspective,中金点睛,中金宏观,team_channel,中金宏观 | 回补因素继续推升出口——6月进出口点评,https://www.10100.com/article/148042243,full_mirror,clean,verified_from_configured_author_id,13,2844,,2022-07-14
cicc_perspective-2022-07-14-中金-通胀破9-美联储或迎沃尔克时刻,cicc_perspective,中金点睛,中金宏观,team_channel,中金：通胀破9，美联储或迎沃尔克时刻,https://www.10100.com/article/148029117,full_mirror,clean,verified_from_configured_author_id,10,4307,,2022-07-14
cicc_perspective-2022-07-14-中金-欧洲经济-不可低估的风险,cicc_perspective,中金点睛,中金宏观,team_channel,中金 | 欧洲经济：不可低估的风险,https://www.10100.com/article/148029354,full_mirror,clean,verified_from_configured_author_id,31,18167,,2022-07-14
huatai_macro-2022-07-13-华泰宏观-6月贸易数据-出口疫后反弹且结构向好-顺差再扩张,huatai_macro,华泰宏观,华泰证券宏观研究,configured_public_index,"【华泰宏观】6月贸易数据：出口疫后反弹且结构向好,顺差再扩张",https://www.10100.com/article/65959021,full_mirror,clean,verified_from_configured_author_id,8,2367,,2022-07-13
cicc_perspective-2022-07-13-中金-货币收紧尚不紧迫-流动性观察,cicc_perspective,中金点睛,中金宏观,team_channel,中金：货币收紧尚不紧迫——流动性观察,https://www.10100.com/article/148035620,full_mirror,clean,verified_from_configured_author_id,22,5881,,2022-07-13
cicc_perspective-2022-07-13-中金-散发疫情带来噪音-复工复产跟踪系列-五,cicc_perspective,中金点睛,中金宏观,team_channel,中金：散发疫情带来噪音——复工复产跟踪系列（五）,https://www.10100.com/article/148042245,full_mirror,clean,verified_from_configured_author_id,22,6112,,2022-07-13
cicc_perspective-2022-07-13-中金-两个层面看经济复苏,cicc_perspective,中金点睛,中金宏观,team_channel,中金：两个层面看经济复苏,https://www.10100.com/article/148029494,full_mirror,clean,verified_from_configured_author_id,42,13472,,2022-07-13
cicc_perspective-2022-07-11-中金宏观-强劲非农支持强硬加息,cicc_perspective,中金点睛,中金宏观,team_channel,中金宏观 | 强劲非农支持强硬加息,https://www.10100.com/article/148042247,full_mirror,clean,verified_from_configured_author_id,12,4220,,2022-07-11
cicc_perspective-2022-07-11-中金宏观-中国对美出口数据的迷思,cicc_perspective,中金点睛,中金宏观,team_channel,中金宏观 | 中国对美出口数据的迷思,https://www.10100.com/article/148029356,full_mirror,clean,verified_from_configured_author_id,17,5673,,2022-07-11
huatai_macro-2022-07-10-华泰宏观-6月美国非农-超额-职位空缺凸显通胀粘性,huatai_macro,华泰宏观,华泰证券宏观研究,configured_public_index,【华泰宏观】6月美国非农：“超额”职位空缺凸显通胀粘性,https://www.10100.com/article/65959066,full_mirror,clean,verified_from_configured_author_id,8,2294,,2022-07-10
cicc_perspective-2022-07-10-中金宏观-通胀短期难致货币收紧-未来高度需视财政力度-2022年6月物价数据点评,cicc_perspective,中金点睛,中金宏观,team_channel,中金宏观 | 通胀短期难致货币收紧，未来高度需视财政力度——2022年6月物价数据点评,https://www.10100.com/article/148028956,full_mirror,clean,verified_from_configured_author_id,11,3146,,2022-07-10
huatai_macro-2022-07-09-华泰宏观-6月通胀-CPI上行压力开始显现-PPI略降,huatai_macro,华泰宏观,华泰证券宏观研究,configured_public_index,【华泰宏观】6月通胀：CPI上行压力开始显现，PPI略降,https://www.10100.com/article/65865161,full_mirror,clean,verified_from_configured_author_id,7,2538,,2022-07-09
cicc_perspective-2022-07-08-中金-消费复苏之路,cicc_perspective,中金点睛,中金宏观,team_channel,中金：消费复苏之路,https://www.10100.com/article/148035581,full_mirror,clean,verified_from_configured_author_id,51,17765,,2022-07-08
huatai_macro-2022-07-07-华泰宏观-外储下跌但主要是估值效应拖累-6月外储数据简评,huatai_macro,华泰宏观,华泰证券宏观研究,configured_public_index,【华泰宏观】外储下跌但主要是估值效应拖累 | 6月外储数据简评,https://www.10100.com/article/65959070,full_mirror,clean,verified_from_configured_author_id,7,2265,,2022-07-07
huatai_macro-2022-07-05-华泰宏观-政策性金融债再现-本次有何异同,huatai_macro,华泰宏观,华泰证券宏观研究,configured_public_index,【华泰宏观】政策性金融债再现，本次有何异同？,https://www.10100.com/article/65959058,full_mirror,clean,verified_from_configured_author_id,7,4825,,2022-07-05
huatai_macro-2022-07-05-华泰宏观-6月预览-复工渐入佳境-社融扩张加速,huatai_macro,华泰宏观,华泰证券宏观研究,configured_public_index,【华泰宏观】6月预览：复工渐入佳境，社融扩张加速,https://www.10100.com/article/65866200,full_mirror,clean,verified_from_configured_author_id,6,2380,,2022-07-05
huatai_macro-2022-07-04-华泰宏观-深度-2022下半年中国宏观展望-经济回温-但增长通胀的组合仍不理想,huatai_macro,华泰宏观,华泰证券宏观研究,configured_public_index,【华泰宏观|深度】2022下半年中国宏观展望：经济回温，但增长通胀的组合仍不理想,https://www.10100.com/article/65959097,full_mirror,clean,verified_from_configured_author_id,33,18923,,2022-07-04
cicc_perspective-2022-07-04-中金宏观-票房和汽车消费大幅反弹-复工复产跟踪系列-四,cicc_perspective,中金点睛,中金宏观,team_channel,中金宏观 | 票房和汽车消费大幅反弹 ——复工复产跟踪系列（四）,https://www.10100.com/article/148029495,full_mirror,clean,verified_from_configured_author_id,19,2853,,2022-07-04
cicc_perspective-2022-07-03-中金宏观-软贷款补位-基建可期,cicc_perspective,中金点睛,中金宏观,team_channel,中金宏观 | 软贷款补位，基建可期,https://www.10100.com/article/148029128,full_mirror,clean,verified_from_configured_author_id,6,3134,,2022-07-03
cicc_perspective-2022-07-03-中金宏观-供需继续回暖-货币增速亦较快-6月经济数据前瞻,cicc_perspective,中金点睛,中金宏观,team_channel,中金宏观 | 供需继续回暖，货币增速亦较快——6月经济数据前瞻,https://www.10100.com/article/148042154,full_mirror,clean,verified_from_configured_author_id,3,2976,,2022-07-03
cicc_perspective-2022-07-02-中金宏观-衰退担忧加剧-利率难言见顶,cicc_perspective,中金点睛,中金宏观,team_channel,中金宏观 | 衰退担忧加剧，利率难言见顶,https://www.10100.com/article/148029362,full_mirror,clean,verified_from_configured_author_id,8,2870,,2022-07-02
huatai_macro-2022-07-01-华泰宏观-美国核心PCE同比微跌但仍有粘性,huatai_macro,华泰宏观,华泰证券宏观研究,configured_public_index,【华泰宏观】美国核心PCE同比微跌但仍有粘性,https://www.10100.com/article/65866202,full_mirror,clean,verified_from_configured_author_id,6,2283,,2022-07-01
huatai_macro-2022-07-01-华泰宏观-图解国内月报-复工复产渐入佳境-基建地产先行,huatai_macro,华泰宏观,华泰证券宏观研究,configured_public_index,【华泰宏观|图解国内月报】复工复产渐入佳境，基建地产先行,https://www.10100.com/article/65959099,full_mirror,clean,verified_from_configured_author_id,25,2943,,2022-07-01
huatai_macro-2022-06-30-华泰宏观-6月PMI-疫后供需明显改善-消费低位回升,huatai_macro,华泰宏观,华泰证券宏观研究,configured_public_index,【华泰宏观】6月PMI: 疫后供需明显改善，消费低位回升,https://www.10100.com/article/65866224,full_mirror,clean,verified_from_configured_author_id,8,2284,,2022-06-30
cicc_perspective-2022-06-30-中金宏观-实际恢复程度强于表征-6月PMI点评,cicc_perspective,中金点睛,中金宏观,team_channel,中金宏观 | 实际恢复程度强于表征——6月PMI点评,https://www.10100.com/article/148042275,full_mirror,clean,verified_from_configured_author_id,12,2856,,2022-06-30
cicc_perspective-2022-06-30-中金-流动性拐点未到-2季度货币政策委员会例会点评,cicc_perspective,中金点睛,中金宏观,team_channel,中金：流动性拐点未到——2季度货币政策委员会例会点评,https://www.10100.com/article/148035665,full_mirror,clean,verified_from_configured_author_id,8,3982,,2022-06-30
cicc_perspective-2022-06-30-中金-加息启示录-1980的沃尔克时刻,cicc_perspective,中金点睛,中金宏观,team_channel,中金 | 加息启示录：1980的沃尔克时刻,https://www.10100.com/article/148029139,full_mirror,clean,verified_from_configured_author_id,17,14624,,2022-06-30
cicc_perspective-2022-06-29-中金宏观-详解结构性就业压力,cicc_perspective,中金点睛,中金宏观,team_channel,中金宏观 | 详解结构性就业压力,https://www.10100.com/article/148042282,full_mirror,clean,verified_from_configured_author_id,41,12938,,2022-06-29
cicc_perspective-2022-06-29-中金宏观-两大指数跟踪复苏进度,cicc_perspective,中金点睛,中金宏观,team_channel,中金宏观 | 两大指数跟踪复苏进度,https://www.10100.com/article/148029524,full_mirror,clean,verified_from_configured_author_id,22,3923,,2022-06-29
xuetao_macro-2022-06-27-经济修复的斜率-天风宏观赵宏鹤,xuetao_macro,雪涛宏观笔记,雪涛宏观笔记,exact,经济修复的斜率(天风宏观赵宏鹤),https://m.yicai.com/news/101697542.html,full_mirror,clean,verified_from_publisher_label,16,3100,,2022-06-27
huatai_macro-2022-06-27-华泰宏观-工业盈利降幅收窄-整体仍偏弱,huatai_macro,华泰宏观,华泰证券宏观研究,configured_public_index,【华泰宏观】工业盈利降幅收窄，整体仍偏弱,https://www.10100.com/article/65959127,full_mirror,clean,verified_from_configured_author_id,11,2880,,2022-06-27
cicc_perspective-2022-06-27-中金宏观-复工复产加快-工企利润有望继续回升-5月工业企业利润点评,cicc_perspective,中金点睛,中金宏观,team_channel,中金宏观 | 复工复产加快，工企利润有望继续回升 — 5月工业企业利润点评,https://www.10100.com/article/148028966,full_mirror,clean,verified_from_configured_author_id,12,3013,,2022-06-27
cicc_perspective-2022-06-26-中金宏观-欧美PMI加剧全球增长担忧,cicc_perspective,中金点睛,中金宏观,team_channel,中金宏观 | 欧美PMI加剧全球增长担忧,https://www.10100.com/article/148029104,full_mirror,clean,verified_from_configured_author_id,15,5942,,2022-06-26
guolei_macro-2022-06-25-广发宏观郭磊-曲线右半边-2022年中期宏观环境展望,guolei_macro,郭磊宏观茶座,郭磊宏观茶座,exact,【广发宏观郭磊】曲线右半边:2022年中期宏观环境展望,https://www.163.com/dy/article/HAQQTHBP0519IGF7.html,full_mirror,clean,verified_from_publisher_label,17,26935,,2022-06-25
huatai_macro-2022-06-23-华泰宏观-视频-复工进度如何-经济回暖持续性如何观察,huatai_macro,华泰宏观,华泰证券宏观研究,configured_public_index,【华泰宏观 | 视频】复工进度如何？经济回暖持续性如何观察？,https://www.10100.com/article/65866168,full_mirror,clean,verified_from_configured_author_id,9,2515,,2022-06-23
cicc_perspective-2022-06-23-数字经济再迈一步-深改委会议点评,cicc_perspective,中金点睛,中金宏观,team_channel,数字经济再迈一步 | 深改委会议点评,https://www.10100.com/article/148035572,full_mirror,clean,verified_from_configured_author_id,2,2107,,2022-06-23
zhongzhengsheng-2022-06-22-直播-钟正生-2022年下半年宏观经济展望,zhongzhengsheng,钟正生经济分析,钟正生经济分析,exact,直播 | 钟正生:2022年下半年宏观经济展望,https://m.yicai.com/news/101800480.html,full_mirror,clean,verified_from_publisher_label,11,3925,,2022-06-22
zhongzhengsheng-2022-06-20-坐看云起-2022下半年宏观经济展望,zhongzhengsheng,钟正生经济分析,钟正生经济分析,exact,坐看云起——2022下半年宏观经济展望,https://m.yicai.com/news/101450290.html,abstract_only,flagged,verified_from_publisher_label,7,1753,mirror_is_abstract,2022-06-20
huatai_macro-2022-06-20-华泰宏观-降息窗口再次关闭-评-6-月-LPR,huatai_macro,华泰宏观,华泰证券宏观研究,configured_public_index,【华泰宏观】降息窗口再次关闭？——评 6 月 LPR,https://www.10100.com/article/65866219,full_mirror,clean,verified_from_configured_author_id,6,2258,,2022-06-20
cicc_perspective-2022-06-20-中金宏观-货运物流恢复至去年同期八成-复工复产跟踪系列-二,cicc_perspective,中金点睛,中金宏观,team_channel,中金宏观 | 货运物流恢复至去年同期八成——复工复产跟踪系列(二),https://www.10100.com/article/148042134,full_mirror,clean,verified_from_configured_author_id,17,2575,,2022-06-20
cicc_perspective-2022-06-20-中金宏观-省以下财改路线图日渐清晰,cicc_perspective,中金点睛,中金宏观,team_channel,中金宏观 | 省以下财改路线图日渐清晰,https://www.10100.com/article/148029471,full_mirror,clean,verified_from_configured_author_id,4,3230,,2022-06-20
yiyuzhongde-2022-06-19-华创宏观-张瑜团队-30城地产销售有异动-怎么理解-每周经济观察第24期,yiyuzhongde,一瑜中的,一瑜中的,exact,"【华创宏观·张瑜团队】30城地产销售有异动,怎么理解?——每周经济观察第24期",https://www.163.com/dy/article/HAA7TRA20519QIKK.html,abstract_only,flagged,verified_from_publisher_label,0,1330,mirror_is_abstract,2022-06-19
huatai_macro-2022-06-17-华泰宏观-财政宽松加码-抗疫基建支出加速,huatai_macro,华泰宏观,华泰证券宏观研究,configured_public_index,【华泰宏观】财政宽松加码，抗疫基建支出加速,https://www.10100.com/article/65959072,full_mirror,clean,verified_from_configured_author_id,8,2409,,2022-06-17
huatai_macro-2022-06-16-华泰宏观-美国5月零售-高通胀及服务消费分流压制实物消费,huatai_macro,华泰宏观,华泰证券宏观研究,configured_public_index,【华泰宏观】美国5月零售：高通胀及服务消费分流压制实物消费,https://www.10100.com/article/65866234,full_mirror,clean,verified_from_configured_author_id,6,2263,,2022-06-16
cicc_perspective-2022-06-16-中金-美联储加息高点或超4,cicc_perspective,中金点睛,中金宏观,team_channel,中金：美联储加息高点或超4%,https://www.10100.com/article/148028941,full_mirror,clean,verified_from_configured_author_id,7,3787,,2022-06-16
huatai_macro-2022-06-15-华泰宏观-生产消费略恢复-地产指标仍堪忧-2022年5月经济活动数据点评,huatai_macro,华泰宏观,华泰证券宏观研究,configured_public_index,【华泰宏观】 生产消费略恢复、地产指标仍堪忧 | 2022年5月经济活动数据点评,https://www.10100.com/article/65959073,full_mirror,clean,verified_from_configured_author_id,9,3361,,2022-06-15
guolei_macro-2022-06-14-广发宏观-增长的三个维度,guolei_macro,郭磊宏观茶座,广发证券,institutional_archive,【广发宏观】增长的三个维度,https://www.10100.com/article/76490688,full_mirror,clean,verified_from_configured_author_id_and_title_signature,4,7893,,2022-06-14
cicc_perspective-2022-06-14-中金2022下半年展望-通胀-喧嚣中的平静,cicc_perspective,中金点睛,中金宏观,team_channel,中金2022下半年展望 | 通胀：喧嚣中的平静,https://www.10100.com/article/148035608,full_mirror,clean,verified_from_configured_author_id,61,18861,,2022-06-14
cicc_perspective-2022-06-14-中金-资金面宽松还将持续多久,cicc_perspective,中金点睛,中金宏观,team_channel,中金：资金面宽松还将持续多久？,https://www.10100.com/article/148029337,full_mirror,clean,verified_from_configured_author_id,24,6876,,2022-06-14
guolei_macro-2022-06-12-广发宏观郭磊-增长的三个维度,guolei_macro,郭磊宏观茶座,郭磊宏观茶座,exact,【广发宏观郭磊】增长的三个维度,https://m.yicai.com/news/101442959.html,full_mirror,clean,verified_from_publisher_label,7,2780,,2022-06-12
cicc_perspective-2022-06-12-中金宏观-复工复产程度如何,cicc_perspective,中金点睛,中金宏观,team_channel,中金宏观 | 复工复产程度如何？,https://www.10100.com/article/148042223,full_mirror,clean,verified_from_configured_author_id,30,4544,,2022-06-12
cicc_perspective-2022-06-12-中金宏观-5月金融数据点评-稳增长态度十分积极,cicc_perspective,中金点睛,中金宏观,team_channel,中金宏观 | 5月金融数据点评-稳增长态度十分积极,https://www.10100.com/article/148029099,full_mirror,clean,verified_from_configured_author_id,9,2356,,2022-06-12
huatai_macro-2022-06-11-华泰宏观-美国通胀超预期回升至年内高点,huatai_macro,华泰宏观,华泰证券宏观研究,configured_public_index,【华泰宏观】 美国通胀超预期回升至年内高点,https://www.10100.com/article/65866191,full_mirror,clean,verified_from_configured_author_id,6,2236,,2022-06-11
cicc_perspective-2022-06-11-中金宏观-通胀创新高-美联储或已无路可退,cicc_perspective,中金点睛,中金宏观,team_channel,中金宏观 | 通胀创新高，美联储或已无路可退,https://www.10100.com/article/148035569,full_mirror,clean,verified_from_configured_author_id,7,2670,,2022-06-11
cicc_perspective-2022-06-11-中金宏观-疫情对通胀的压制将减弱-2022年5月通胀数据点评,cicc_perspective,中金点睛,中金宏观,team_channel,中金宏观 | 疫情对通胀的压制将减弱——2022年5月通胀数据点评,https://www.10100.com/article/148029469,full_mirror,clean,verified_from_configured_author_id,7,1936,,2022-06-11
huatai_macro-2022-06-10-华泰宏观-超额储蓄仍高企-货币宽松效果初显-5月金融数据点评,huatai_macro,华泰宏观,华泰证券宏观研究,configured_public_index,【华泰宏观】超额储蓄仍高企，货币宽松效果初显 | 5月金融数据点评,https://www.10100.com/article/65959050,full_mirror,clean,verified_from_configured_author_id,7,2858,,2022-06-10
huatai_macro-2022-06-09-华泰宏观-5月贸易数据-复工复产拉动出口-能源贸易支撑进口,huatai_macro,华泰宏观,华泰证券宏观研究,configured_public_index,【华泰宏观】5月贸易数据：复工复产拉动出口;能源贸易支撑进口,https://www.10100.com/article/65865162,full_mirror,clean,verified_from_configured_author_id,15,2592,,2022-06-09
cicc_perspective-2022-06-09-中金宏观-赶工导致出口超预期-5月进出口点评,cicc_perspective,中金点睛,中金宏观,team_channel,中金宏观 | 赶工导致出口超预期——5月进出口点评,https://www.10100.com/article/148042127,full_mirror,clean,verified_from_configured_author_id,13,2491,,2022-06-09
huatai_macro-2022-06-07-华泰宏观-弱美元下-5-月外储水平今年首次回升-5-月外储数据简评,huatai_macro,华泰宏观,华泰证券宏观研究,configured_public_index,【华泰宏观】弱美元下 5 月外储水平今年首次回升——5 月外储数据简评,https://www.10100.com/article/65959033,full_mirror,clean,verified_from_configured_author_id,7,2048,,2022-06-07
cicc_perspective-2022-06-06-中金宏观-落实政策有力-复工复产在即,cicc_perspective,中金点睛,中金宏观,team_channel,中金宏观 | 落实政策有力，复工复产在即,https://www.10100.com/article/148028961,full_mirror,clean,verified_from_configured_author_id,6,4134,,2022-06-06
cicc_perspective-2022-06-06-中金宏观-强非农支持继续加息,cicc_perspective,中金点睛,中金宏观,team_channel,中金宏观 | 强非农支持继续加息,https://www.10100.com/article/148042272,full_mirror,clean,verified_from_configured_author_id,18,5729,,2022-06-06
huatai_macro-2022-06-05-华泰宏观-图解海外周报-通胀预期回升-但增长预期下修,huatai_macro,华泰宏观,华泰证券宏观研究,configured_public_index,【华泰宏观|图解海外周报】通胀预期回升、但增长预期下修,https://www.10100.com/article/65865166,full_mirror,clean,verified_from_configured_author_id,23,3026,,2022-06-05
huatai_macro-2022-06-04-华泰宏观-深度重温-千呼万唤的稳增长政策关键窗口期-5年LPR意外下调后再谈宏观与政策,huatai_macro,华泰宏观,华泰证券宏观研究,configured_public_index,【华泰宏观|深度重温】千呼万唤的稳增长政策关键窗口期——5年LPR意外下调后再谈宏观与政策,https://www.10100.com/article/65959034,full_mirror,clean,verified_from_configured_author_id,21,13686,,2022-06-04
cicc_perspective-2022-06-02-海外宏观-周期拐点-险滩行舟,cicc_perspective,中金点睛,中金宏观,team_channel,海外宏观：周期拐点，险滩行舟,https://www.10100.com/article/148035593,full_mirror,clean,verified_from_configured_author_id,43,17303,,2022-06-02
guolei_macro-2022-06-01-广发宏观-高频数据下的5月经济,guolei_macro,郭磊宏观茶座,广发证券,institutional_archive,【广发宏观】高频数据下的5月经济,https://www.10100.com/article/76701492,full_mirror,clean,verified_from_configured_author_id_and_title_signature,8,7030,,2022-06-01
cicc_perspective-2022-06-01-中金宏观-生产端回升或快于需求-5月经济数据前瞻,cicc_perspective,中金点睛,中金宏观,team_channel,中金宏观 | 生产端回升或快于需求——5月经济数据前瞻,https://www.10100.com/article/148029498,full_mirror,clean,verified_from_configured_author_id,3,2728,,2022-06-01
huatai_macro-2022-05-31-华泰宏观-PMI-生产小幅重启-就业压力继续攀升,huatai_macro,华泰宏观,华泰证券宏观研究,configured_public_index,【华泰宏观】 PMI：生产小幅重启，就业压力继续攀升,https://www.10100.com/article/65959077,full_mirror,clean,verified_from_configured_author_id,6,2330,,2022-05-31
cicc_perspective-2022-05-31-中金宏观-供应链疏通促反弹-5月PMI点评,cicc_perspective,中金点睛,中金宏观,team_channel,中金宏观 | 供应链疏通促反弹——5月PMI点评,https://www.10100.com/article/148042270,full_mirror,clean,verified_from_configured_author_id,14,2855,,2022-05-31
cicc_perspective-2022-05-30-中金宏观-如何看待美联储加息预期降温,cicc_perspective,中金点睛,中金宏观,team_channel,中金宏观 | 如何看待美联储加息预期降温?,https://finance.sina.cn/forex/hsxw/2022-05-30/detail-imizirau5546657.d.html?cid=76557&node_id=76557,full_mirror,clean,verified_from_publisher_label,28,3643,,2022-05-30
huatai_macro-2022-05-29-华泰宏观-图解海外周报-联储不再超预期鹰派-加息预期微降,huatai_macro,华泰宏观,华泰证券宏观研究,configured_public_index,【华泰宏观|图解海外周报】联储不再超预期鹰派，加息预期微降,https://www.10100.com/article/65959079,full_mirror,clean,verified_from_configured_author_id,22,2931,,2022-05-29
cicc_perspective-2022-05-29-中金宏观-就业-新特征与新解法,cicc_perspective,中金点睛,中金宏观,team_channel,中金宏观 | 就业：新特征与新解法,https://www.10100.com/article/148042299,full_mirror,clean,verified_from_configured_author_id,18,4550,,2022-05-29
huatai_macro-2022-05-28-华泰宏观-美国PCE-服务业重启需求支撑核心PCE,huatai_macro,华泰宏观,华泰证券宏观研究,configured_public_index,【华泰宏观】美国PCE：服务业重启需求支撑核心PCE,https://www.10100.com/article/65866243,full_mirror,clean,verified_from_configured_author_id,6,2241,,2022-05-28
cicc_perspective-2022-05-28-中金宏观-4月工业企业利润点评-疫情反弹-利润仍有分化,cicc_perspective,中金点睛,中金宏观,team_channel,中金宏观 | 4月工业企业利润点评：疫情反弹，利润仍有分化,https://www.10100.com/article/148029146,full_mirror,clean,verified_from_configured_author_id,12,2757,,2022-05-28
huatai_macro-2022-05-26-华泰宏观-稳增长战鼓齐鸣-今天又有何增量,huatai_macro,华泰宏观,华泰证券宏观研究,configured_public_index,【华泰宏观】稳增长战鼓齐鸣，今天又有何增量？,https://www.10100.com/article/65959074,full_mirror,clean,verified_from_configured_author_id,10,3794,,2022-05-26
huatai_macro-2022-05-24-华泰宏观-国常会增量几何-后续还有何期待,huatai_macro,华泰宏观,华泰证券宏观研究,configured_public_index,【华泰宏观】国常会增量几何、后续还有何期待？,https://www.10100.com/article/65959076,full_mirror,clean,verified_from_configured_author_id,6,2597,,2022-05-24
cicc_perspective-2022-05-22-中金宏观-疫情加大地区数据分化,cicc_perspective,中金点睛,中金宏观,team_channel,中金宏观 | 疫情加大地区数据分化,https://www.10100.com/article/148035612,full_mirror,clean,verified_from_configured_author_id,11,3405,,2022-05-22
cicc_perspective-2022-05-21-中金宏观-欧央行会是下一只-鹰-吗,cicc_perspective,中金点睛,中金宏观,team_channel,中金宏观 | 欧央行会是下一只“鹰”吗？,https://www.10100.com/article/148029528,full_mirror,clean,verified_from_configured_author_id,19,4602,,2022-05-21
huatai_macro-2022-05-19-华泰宏观-人民币贬值向全球传递了什么信号,huatai_macro,华泰宏观,华泰证券宏观研究,configured_public_index,【华泰宏观】人民币贬值向全球传递了什么信号？,https://www.10100.com/article/65959042,full_mirror,clean,verified_from_configured_author_id,13,5145,,2022-05-19
huatai_macro-2022-05-18-华泰宏观-高通胀-金融条件收紧下美国消费略减速,huatai_macro,华泰宏观,华泰证券宏观研究,configured_public_index,【华泰宏观】高通胀+金融条件收紧下美国消费略减速,https://www.10100.com/article/65866166,full_mirror,clean,verified_from_configured_author_id,8,2326,,2022-05-18
cicc_perspective-2022-05-18-中金宏观-增量财政工具的资金来自哪-前4月财政数据跟踪,cicc_perspective,中金点睛,中金宏观,team_channel,中金宏观 | 增量财政工具的资金来自哪？——前4月财政数据跟踪,https://www.10100.com/article/148028970,full_mirror,clean,verified_from_configured_author_id,8,2352,,2022-05-18
cicc_perspective-2022-05-17-中金宏观-4月经济数据点评-短期影响大-复工纾困助反弹,cicc_perspective,中金点睛,中金宏观,team_channel,中金宏观 | 4月经济数据点评：短期影响大，复工纾困助反弹,https://www.10100.com/article/148035681,full_mirror,clean,verified_from_configured_author_id,6,3438,,2022-05-17
cicc_perspective-2022-05-16-中金宏观-细数近5年政治局会议重点政策,cicc_perspective,中金点睛,中金宏观,team_channel,中金宏观 | 细数近5年政治局会议重点政策,https://www.10100.com/article/148029365,full_mirror,clean,verified_from_configured_author_id,13,9925,,2022-05-16
cicc_perspective-2022-05-16-中金宏观-又见曲线陡峭化-流动性观察,cicc_perspective,中金点睛,中金宏观,team_channel,中金宏观 | 又见曲线陡峭化——流动性观察,https://www.10100.com/article/148042301,full_mirror,clean,verified_from_configured_author_id,12,3920,,2022-05-16
huatai_macro-2022-05-15-华泰宏观-图解海外周报-美国通胀升势不减-但增长预期回落,huatai_macro,华泰宏观,华泰证券宏观研究,configured_public_index,【华泰宏观|图解海外周报】美国通胀升势不减、但增长预期回落,https://www.10100.com/article/65959094,full_mirror,clean,verified_from_configured_author_id,25,3100,,2022-05-15
huatai_macro-2022-05-12-华泰宏观-美国CPI-环比核心通胀仍大幅超出舒适区,huatai_macro,华泰宏观,华泰证券宏观研究,configured_public_index,【华泰宏观】美国CPI：环比核心通胀仍大幅超出舒适区,https://www.10100.com/article/65866182,full_mirror,clean,verified_from_configured_author_id,6,2426,,2022-05-12
cicc_perspective-2022-05-12-中金-美国通胀动能未见缓解,cicc_perspective,中金点睛,中金宏观,team_channel,中金：美国通胀动能未见缓解,https://www.10100.com/article/148035682,full_mirror,clean,verified_from_configured_author_id,6,3868,,2022-05-12
cicc_perspective-2022-05-11-中金宏观-双冲击持续影响通胀-2022年4月物价数据点评,cicc_perspective,中金点睛,中金宏观,team_channel,中金宏观 | 双冲击持续影响通胀——2022年4月物价数据点评,https://www.10100.com/article/148035616,full_mirror,clean,verified_from_configured_author_id,9,2307,,2022-05-11
cicc_perspective-2022-05-10-中金宏观-高新技术产品冲击大-4月进出口点评,cicc_perspective,中金点睛,中金宏观,team_channel,中金宏观 | 高新技术产品冲击大——4月进出口点评,https://www.10100.com/article/148042146,full_mirror,clean,verified_from_configured_author_id,13,2841,,2022-05-10
cicc_perspective-2022-05-10-中金宏观-内外约束-力求平衡-2022年1季度货币政策执行报告-点评,cicc_perspective,中金点睛,中金宏观,team_channel,中金宏观 | 内外约束，力求平衡 ——《2022年1季度货币政策执行报告》点评,https://www.10100.com/article/148029488,full_mirror,clean,verified_from_configured_author_id,5,3803,,2022-05-10
huatai_macro-2022-05-09-华泰宏观-4月贸易数据-疫情冲击加深-进出口量均同比收缩,huatai_macro,华泰宏观,华泰证券宏观研究,configured_public_index,"【华泰宏观】4月贸易数据：疫情冲击加深,进出口量均同比收缩",https://www.10100.com/article/65866240,full_mirror,clean,verified_from_configured_author_id,14,2640,,2022-05-09
cicc_perspective-2022-05-09-中金宏观-如何看待英国经济可能衰退,cicc_perspective,中金点睛,中金宏观,team_channel,中金宏观 | 如何看待英国经济可能衰退？,https://www.10100.com/article/148029116,full_mirror,clean,verified_from_configured_author_id,18,4658,,2022-05-09
huatai_macro-2022-05-08-华泰宏观-4月外储值下降或主要归咎估值效应-4月外储数据简评,huatai_macro,华泰宏观,华泰证券宏观研究,configured_public_index,【华泰宏观】4月外储值下降或主要归咎估值效应｜4月外储数据简评,https://www.10100.com/article/65959128,full_mirror,clean,verified_from_configured_author_id,7,2215,,2022-05-08
cicc_perspective-2022-05-08-中金宏观-县城城镇化-不只是基建,cicc_perspective,中金点睛,中金宏观,team_channel,中金宏观 | 县城城镇化，不只是基建,https://www.10100.com/article/148035576,full_mirror,clean,verified_from_configured_author_id,8,4265,,2022-05-08
huatai_macro-2022-05-07-华泰宏观-美国非农-服务业需求强劲-支持黏性通胀,huatai_macro,华泰宏观,华泰证券宏观研究,configured_public_index,【华泰宏观】美国非农:服务业需求强劲，支持黏性通胀,https://www.10100.com/article/65959131,full_mirror,clean,verified_from_configured_author_id,7,2298,,2022-05-07
yiyuzhongde-2022-05-05-华创宏观-张瑜团队-各类资产-已计入-多少加息-这才最重要-5月FOMC会议点评,yiyuzhongde,一瑜中的,一瑜中的,exact,【华创宏观·张瑜团队】各类资产“已计入”多少加息?这才最重要——5月FOMC会议点评,https://finance.sina.cn/futuremarket/qsyw/2022-05-06/detail-imcwipii8258205.d.html?cref=cj,full_mirror,clean,verified_from_publisher_label,15,6136,,2022-05-05
huatai_macro-2022-05-05-华泰宏观-5月FOMC-联储如期加息50bp但缩表速度温和,huatai_macro,华泰宏观,华泰证券宏观研究,configured_public_index,【华泰宏观】5月FOMC：联储如期加息50bp但缩表速度温和,https://www.10100.com/article/65866246,full_mirror,clean,verified_from_configured_author_id,8,2558,,2022-05-05
cicc_perspective-2022-05-05-中金-联储如期紧缩-暂时没有更加鹰,cicc_perspective,中金点睛,中金宏观,team_channel,中金 | 联储如期紧缩，暂时没有更加鹰,https://www.10100.com/article/148029353,full_mirror,clean,verified_from_configured_author_id,6,3840,,2022-05-05
huatai_macro-2022-05-04-华泰宏观-5月FOMC前瞻-箭已在弦-联储进入快加息-缩表阶段,huatai_macro,华泰宏观,华泰证券宏观研究,configured_public_index,【华泰宏观】5月FOMC前瞻：箭已在弦，联储进入快加息+缩表阶段,https://www.10100.com/article/65866247,full_mirror,clean,verified_from_configured_author_id,8,2290,,2022-05-04
cicc_perspective-2022-05-03-中金宏观-5月议息会议的四大看点,cicc_perspective,中金点睛,中金宏观,team_channel,中金宏观 | 5月议息会议的四大看点,https://www.10100.com/article/148029361,full_mirror,clean,verified_from_configured_author_id,20,4846,,2022-05-03
huatai_macro-2022-05-02-华泰宏观-视频-人民币缘何突然走弱-后续如何,huatai_macro,华泰宏观,华泰证券宏观研究,configured_public_index,【华泰宏观|视频】人民币缘何突然走弱、后续如何？,https://www.10100.com/article/65959135,full_mirror,clean,verified_from_configured_author_id,8,4032,,2022-05-02
cicc_perspective-2022-05-02-中金宏观-疫情冲击全面显现-4月数据前瞻,cicc_perspective,中金点睛,中金宏观,team_channel,中金宏观 | 疫情冲击全面显现 —— 4月数据前瞻,https://www.10100.com/article/148042161,full_mirror,clean,verified_from_configured_author_id,3,4227,,2022-05-02
cicc_perspective-2022-04-30-中金宏观-回应市场关切-政治局会议点评,cicc_perspective,中金点睛,中金宏观,team_channel,中金宏观 | 回应市场关切——政治局会议点评,https://www.10100.com/article/148035663,full_mirror,clean,verified_from_configured_author_id,2,3092,,2022-04-30
cicc_perspective-2022-04-30-中金宏观-供给冲击再现-4月PMI点评,cicc_perspective,中金点睛,中金宏观,team_channel,中金宏观 | 供给冲击再现——4月PMI点评,https://www.10100.com/article/148028964,full_mirror,clean,verified_from_configured_author_id,12,2797,,2022-04-30
huatai_macro-2022-04-29-华泰宏观-图解海外月报-鹰派联储推升美元利率及汇率,huatai_macro,华泰宏观,华泰证券宏观研究,configured_public_index,【华泰宏观|图解海外月报】鹰派联储推升美元利率及汇率,https://www.10100.com/article/65959090,full_mirror,clean,verified_from_configured_author_id,20,2951,,2022-04-29
yiyuzhongde-2022-04-25-华创宏观-张瑜团队-建方舱要花多少钱-见微知疫系列三,yiyuzhongde,一瑜中的,一瑜中的,exact,【华创宏观·张瑜团队】建方舱要花多少钱?——见微知疫系列三,http://stock.finance.sina.com.cn/stock/go.php/vReport_Show/kind/search/rptid/704091843077/index.phtml,abstract_only,flagged,verified_from_publisher_label,0,1092,mirror_is_abstract,2022-04-25
huatai_macro-2022-04-25-华泰宏观-人民币缘何突然走弱-后续如何,huatai_macro,华泰宏观,华泰证券宏观研究,configured_public_index,【华泰宏观】人民币缘何突然走弱、后续如何？,https://www.10100.com/article/65959041,full_mirror,clean,verified_from_configured_author_id,15,3572,,2022-04-25
cicc_perspective-2022-04-25-中金宏观-汇率波动与资本外流,cicc_perspective,中金点睛,中金宏观,team_channel,中金宏观 | 汇率波动与资本外流,https://www.10100.com/article/148042232,full_mirror,clean,verified_from_configured_author_id,13,3392,,2022-04-25
cicc_perspective-2022-04-25-中金宏观-复工进展有多快,cicc_perspective,中金点睛,中金宏观,team_channel,中金宏观 | 复工进展有多快？,https://www.10100.com/article/148029473,full_mirror,clean,verified_from_configured_author_id,16,3948,,2022-04-25
cicc_perspective-2022-04-22-中金宏观-个人养老金-一举多得,cicc_perspective,中金点睛,中金宏观,team_channel,中金宏观 | 个人养老金，一举多得,https://www.10100.com/article/148035573,full_mirror,clean,verified_from_configured_author_id,9,2514,,2022-04-22
cicc_perspective-2022-04-21-中金-美国通胀-拐点之后又如何,cicc_perspective,中金点睛,中金宏观,team_channel,中金：美国通胀，拐点之后又如何？,https://www.10100.com/article/148029343,full_mirror,clean,verified_from_configured_author_id,31,14286,,2022-04-21
cicc_perspective-2022-04-19-中金-央行新举措的两个特点,cicc_perspective,中金点睛,中金宏观,team_channel,中金：央行新举措的两个特点,https://www.10100.com/article/148035622,full_mirror,clean,verified_from_configured_author_id,2,3342,,2022-04-19
xuetao_macro-2022-04-18-美国经济能承受多少加息-天风宏观向静姝,xuetao_macro,雪涛宏观笔记,雪涛宏观笔记,exact,美国经济能承受多少加息?(天风宏观向静姝),https://finance.sina.cn/forex/hsxw/2022-04-19/detail-imcwiwst2665795.d.html?cref=cj,full_mirror,clean,verified_from_publisher_label,24,3837,,2022-04-18
huatai_macro-2022-04-18-华泰宏观-疫情影响3月全面显现-4月或加剧-2022年1季度及3月经济活动数据点评,huatai_macro,华泰宏观,华泰证券宏观研究,team_channel,"【华泰宏观】疫情影响3月全面显现,4月或加剧 | 2022年1季度及3月经济活动数据点评",https://finance.sina.com.cn/stock/stockzmt/2022-04-19/doc-imcwiwst2664386.shtml,full_mirror,clean,verified_from_publisher_label,21,2959,,2022-04-18
cicc_perspective-2022-04-18-中金宏观-3月经济数据点评-3月数据隐含两大信息,cicc_perspective,中金点睛,中金宏观,team_channel,中金宏观 | 3月经济数据点评：3月数据隐含两大信息,https://www.10100.com/article/148029355,full_mirror,clean,verified_from_configured_author_id,9,3420,,2022-04-18
huatai_macro-2022-04-17-华泰宏观-图解海外周报-美国服务消费旺盛加大通胀黏性,huatai_macro,华泰宏观,华泰证券宏观研究,configured_public_index,【华泰宏观|图解海外周报】美国服务消费旺盛加大通胀黏性,https://www.10100.com/article/65959092,full_mirror,clean,verified_from_configured_author_id,21,2899,,2022-04-17
cicc_perspective-2022-04-17-中金宏观-下调欧元区经济增长预测,cicc_perspective,中金点睛,中金宏观,team_channel,中金宏观 | 下调欧元区经济增长预测,https://www.10100.com/article/148042150,full_mirror,clean,verified_from_configured_author_id,21,4767,,2022-04-17
huatai_macro-2022-04-15-华泰宏观-美国实物消费减速-服务消费动能回升,huatai_macro,华泰宏观,华泰证券宏观研究,configured_public_index,【华泰宏观】美国实物消费减速、服务消费动能回升,https://www.10100.com/article/65866173,full_mirror,clean,verified_from_configured_author_id,7,2137,,2022-04-15
huatai_macro-2022-04-14-华泰宏观-国常会再次预告降准-或为权宜之策,huatai_macro,华泰宏观,华泰证券宏观研究,configured_public_index,【华泰宏观】国常会再次预告降准，或为权宜之策,https://www.10100.com/article/65959043,full_mirror,clean,verified_from_configured_author_id,7,2372,,2022-04-14
cicc_perspective-2022-04-14-中金-别人的-后地产-时代,cicc_perspective,中金点睛,中金宏观,team_channel,中金：别人的“后地产”时代,https://www.10100.com/article/148035623,full_mirror,clean,verified_from_configured_author_id,41,11109,,2022-04-14
guolei_macro-2022-04-13-广发宏观-通胀尚不是一个主要矛盾,guolei_macro,郭磊宏观茶座,广发证券,institutional_archive,【广发宏观】通胀尚不是一个主要矛盾,https://www.10100.com/article/76491841,full_mirror,clean,verified_from_configured_author_id_and_title_signature,2,5284,,2022-04-13
cicc_perspective-2022-04-13-中金宏观-量价背离-供给冲击特征显著-3月进出口点评,cicc_perspective,中金点睛,中金宏观,team_channel,中金宏观 | 量价背离：供给冲击特征显著 —— 3月进出口点评,https://www.10100.com/article/148029535,full_mirror,clean,verified_from_configured_author_id,13,2974,,2022-04-13
cicc_perspective-2022-04-13-中金-油价接棒-美国通胀再创新高,cicc_perspective,中金点睛,中金宏观,team_channel,中金：油价接棒，美国通胀再创新高,https://www.10100.com/article/148029163,full_mirror,clean,verified_from_configured_author_id,4,3547,,2022-04-13
cicc_perspective-2022-04-12-中金宏观-俄乌冲突影响持久-疫情管控影响短暂-2022年3月物价数据点评,cicc_perspective,中金点睛,中金宏观,team_channel,中金宏观 | 俄乌冲突影响持久，疫情管控影响短暂——2022年3月物价数据点评,https://www.10100.com/article/148042305,full_mirror,clean,verified_from_configured_author_id,2,1798,,2022-04-12
cicc_perspective-2022-04-12-中金-立破并举-畅通循环,cicc_perspective,中金点睛,中金宏观,team_channel,中金：立破并举，畅通循环,https://www.10100.com/article/148035702,full_mirror,clean,verified_from_configured_author_id,2,7922,,2022-04-12
cicc_perspective-2022-04-12-中金-一文详解基建进度,cicc_perspective,中金点睛,中金宏观,team_channel,中金：一文详解基建进度,https://www.10100.com/article/148029371,full_mirror,clean,verified_from_configured_author_id,39,16115,,2022-04-12
cicc_perspective-2022-04-12-中金-3月金融数据解读,cicc_perspective,中金点睛,中金宏观,team_channel,中金：3月金融数据解读,https://www.10100.com/article/148028996,full_mirror,clean,verified_from_configured_author_id,23,9944,,2022-04-12
huatai_macro-2022-04-11-华泰宏观-流动性压力-展期-但尚未根除-3月金融数据点评,huatai_macro,华泰宏观,华泰证券宏观研究,configured_public_index,【华泰宏观】流动性压力“展期”但尚未根除 | 3月金融数据点评,https://www.10100.com/article/65866177,full_mirror,clean,verified_from_configured_author_id,7,2645,,2022-04-11
huatai_macro-2022-04-11-华泰宏观-3月通胀-食品与能源齐飞-对比核心通胀低迷,huatai_macro,华泰宏观,华泰证券宏观研究,configured_public_index,【华泰宏观】3月通胀：食品与能源齐飞，对比核心通胀低迷,https://www.10100.com/article/65959044,full_mirror,clean,verified_from_configured_author_id,7,2534,,2022-04-11
cicc_perspective-2022-04-11-中金宏观-浅谈-缩表-的机制与影响,cicc_perspective,中金点睛,中金宏观,team_channel,中金宏观 | 浅谈“缩表”的机制与影响,https://www.10100.com/article/148035703,full_mirror,clean,verified_from_configured_author_id,19,5245,,2022-04-11
cicc_perspective-2022-04-10-中金宏观-详解疫情对出口的影响,cicc_perspective,中金点睛,中金宏观,team_channel,中金宏观 | 详解疫情对出口的影响,https://www.10100.com/article/148029536,full_mirror,clean,verified_from_configured_author_id,36,5769,,2022-04-10
zhongzhengsheng-2022-04-08-钟正生-张德礼-多维度理解我国GDP增速目标的设定,zhongzhengsheng,钟正生经济分析,钟正生经济分析,exact,钟正生 张德礼:多维度理解我国GDP增速目标的设定,https://m.yicai.com/news/101375766.html,full_mirror,clean,verified_from_publisher_label,12,6564,,2022-04-08
huatai_macro-2022-04-08-华泰宏观-估值效应拖累外储-外汇或转为净流入-3月外储数据简评,huatai_macro,华泰宏观,华泰证券宏观研究,configured_public_index,"【华泰宏观】估值效应拖累外储,外汇或转为净流入｜3月外储数据简评",https://www.10100.com/article/65866179,full_mirror,clean,verified_from_configured_author_id,7,2108,,2022-04-08
cicc_perspective-2022-04-06-中金宏观-利差收窄-货币政策且行且看-2022年3月流动性观察,cicc_perspective,中金点睛,中金宏观,team_channel,中金宏观 | 利差收窄，货币政策且行且看——2022年3月流动性观察,https://www.10100.com/article/148042306,full_mirror,clean,verified_from_configured_author_id,13,5769,,2022-04-06
huatai_macro-2022-04-05-华泰宏观-由2月结售汇转-小逆差-看稳预期痛点,huatai_macro,华泰宏观,华泰证券宏观研究,configured_public_index,【华泰宏观】由2月结售汇转“小逆差”看稳预期痛点,https://www.10100.com/article/65959093,full_mirror,clean,verified_from_configured_author_id,8,2780,,2022-04-05
cicc_perspective-2022-04-05-中金宏观-就业强劲-联储加息将提速,cicc_perspective,中金点睛,中金宏观,team_channel,中金宏观 | 就业强劲，联储加息将提速,https://www.10100.com/article/148028995,full_mirror,clean,verified_from_configured_author_id,20,4794,,2022-04-05
huatai_macro-2022-04-02-华泰宏观-美国非农-劳工供需改善-强化加息预期,huatai_macro,华泰宏观,华泰证券宏观研究,configured_public_index,【华泰宏观】美国非农:劳工供需改善，强化加息预期,https://www.10100.com/article/65866180,full_mirror,clean,verified_from_configured_author_id,6,2151,,2022-04-02
cicc_perspective-2022-04-02-中金宏观-消费受疫情的冲击大于生产-3月数据前瞻,cicc_perspective,中金点睛,中金宏观,team_channel,中金宏观 | 消费受疫情的冲击大于生产 —— 3月数据前瞻,https://www.10100.com/article/148029397,full_mirror,clean,verified_from_configured_author_id,3,2731,,2022-04-02
huatai_macro-2022-03-31-华泰宏观-3月预览-消费再承压-地产加速探底,huatai_macro,华泰宏观,华泰证券宏观研究,configured_public_index,【华泰宏观】3月预览：消费再承压、地产加速探底,https://www.10100.com/article/65959047,full_mirror,clean,verified_from_configured_author_id,6,2331,,2022-03-31
cicc_perspective-2022-03-31-中金宏观-需关注供应链冲击-3月PMI点评,cicc_perspective,中金点睛,中金宏观,team_channel,中金宏观 | 需关注供应链冲击——3月PMI点评,https://www.10100.com/article/148042310,full_mirror,clean,verified_from_configured_author_id,12,2639,,2022-03-31
cicc_perspective-2022-03-31-中金-详解俄乌冲突对全球经济的影响,cicc_perspective,中金点睛,中金宏观,team_channel,中金：详解俄乌冲突对全球经济的影响,https://www.10100.com/article/148029165,full_mirror,clean,verified_from_configured_author_id,57,28815,,2022-03-31
cicc_perspective-2022-03-31-中金-曲线倒挂并非恐慌开始,cicc_perspective,中金点睛,中金宏观,team_channel,中金：曲线倒挂并非恐慌开始,https://www.10100.com/article/148035625,full_mirror,clean,verified_from_configured_author_id,15,4472,,2022-03-31
cicc_perspective-2022-03-27-中金宏观-油价大涨会引发衰退吗,cicc_perspective,中金点睛,中金宏观,team_channel,中金宏观 | 油价大涨会引发衰退吗？,https://www.10100.com/article/148099397,full_mirror,clean,verified_from_configured_author_id,21,5458,,2022-03-27
cicc_perspective-2022-03-27-中金宏观-1-2月工业企业利润点评-总体利润回暖-但结构压力仍存,cicc_perspective,中金点睛,中金宏观,team_channel,中金宏观|1-2月工业企业利润点评：总体利润回暖，但结构压力仍存,https://finance.sina.com.cn/stock/hkstock/hkstocknews/2022-03-28/doc-imcwipii0933520.shtml,full_mirror,clean,verified_from_configured_author_id,47,6060,,2022-03-27
cicc_perspective-2022-03-24-中金宏观-近八成清单内商品重获豁免,cicc_perspective,中金点睛,中金宏观,team_channel,中金宏观 | 近八成清单内商品重获豁免,https://www.10100.com/article/148035615,full_mirror,clean,verified_from_configured_author_id,7,2422,,2022-03-24
huatai_macro-2022-03-21-华泰宏观-LPR未调降-稳预期需加力,huatai_macro,华泰宏观,华泰证券宏观研究,configured_public_index,【华泰宏观】LPR未调降，稳预期需加力,https://www.10100.com/article/65866268,full_mirror,clean,verified_from_configured_author_id,6,2340,,2022-03-21
huatai_macro-2022-03-20-华泰宏观-专项债发行同比扩张-关注减税落地-1-2月财政数据点评,huatai_macro,华泰宏观,华泰证券宏观研究,configured_public_index,【华泰宏观】专项债发行同比扩张，关注减税落地｜1-2月财政数据点评,https://www.10100.com/article/65959087,full_mirror,clean,verified_from_configured_author_id,7,2363,,2022-03-20
cicc_perspective-2022-03-20-中金宏观-鸽派加息能走多远,cicc_perspective,中金点睛,中金宏观,team_channel,中金宏观 | 鸽派加息能走多远？,https://www.10100.com/article/148029113,full_mirror,clean,verified_from_configured_author_id,17,4613,,2022-03-20
cicc_perspective-2022-03-20-中金宏观-基建可期-减税升级-2022年前2月财政收支点评,cicc_perspective,中金点睛,中金宏观,team_channel,中金宏观 | 基建可期，减税升级 —— 2022年前2月财政收支点评,https://www.10100.com/article/148042239,full_mirror,clean,verified_from_configured_author_id,8,1850,,2022-03-20
huatai_macro-2022-03-18-华泰宏观-视频-快评3月16日金稳委会议-短期-及时雨-中期看执行,huatai_macro,华泰宏观,华泰证券宏观研究,configured_public_index,【华泰宏观｜视频】快评3月16日金稳委会议：短期“及时雨”；中期看执行,https://www.10100.com/article/65866265,full_mirror,clean,verified_from_configured_author_id,2,3825,,2022-03-18
huatai_macro-2022-03-17-华泰宏观-金稳委会议-短期稳预期的-及时雨,huatai_macro,华泰宏观,华泰证券宏观研究,configured_public_index,【华泰宏观】金稳委会议：短期稳预期的“及时雨”,https://www.10100.com/article/65866267,full_mirror,clean,verified_from_configured_author_id,6,2834,,2022-03-17
huatai_macro-2022-03-17-华泰宏观-美国2月零售-实际收入减速拖累增长放缓,huatai_macro,华泰宏观,华泰证券宏观研究,configured_public_index,【华泰宏观】美国2月零售：实际收入减速拖累增长放缓,https://www.10100.com/article/65959139,full_mirror,clean,verified_from_configured_author_id,6,2054,,2022-03-17
huatai_macro-2022-03-15-华泰宏观-降息未必足够-但或许仍优于不降-关于货币宽松稳增长需要重申的-4-点分析,huatai_macro,华泰宏观,华泰证券宏观研究,configured_public_index,【华泰宏观】降息未必足够，但或许仍优于不降|关于货币宽松稳增长需要重申的 4 点分析,https://www.10100.com/article/65959085,full_mirror,clean,verified_from_configured_author_id,7,2599,,2022-03-15
cicc_perspective-2022-03-15-1-2月经济数据点评-数据亮眼-但政策宽松态势不变,cicc_perspective,中金点睛,中金宏观,team_channel,1-2月经济数据点评： 数据亮眼，但政策宽松态势不变,https://www.10100.com/article/148029531,full_mirror,clean,verified_from_configured_author_id,4,3571,,2022-03-15
cicc_perspective-2022-03-13-中金宏观-FOMC前瞻-加息将至-险滩行舟,cicc_perspective,中金点睛,中金宏观,team_channel,中金宏观 | FOMC前瞻：加息将至，险滩行舟,https://www.10100.com/article/148042303,full_mirror,clean,verified_from_configured_author_id,16,4490,,2022-03-13
cicc_perspective-2022-03-11-中金-人民币离避险货币有多远,cicc_perspective,中金点睛,中金宏观,team_channel,中金 | 人民币离避险货币有多远？,https://www.10100.com/article/148035621,full_mirror,clean,verified_from_configured_author_id,19,7221,,2022-03-11
cicc_perspective-2022-03-09-俄乌冲突对通胀影响几何-2022年2月物价数据点评,cicc_perspective,中金点睛,中金宏观,team_channel,俄乌冲突对通胀影响几何？——2022年2月物价数据点评,https://www.10100.com/article/148042304,full_mirror,clean,verified_from_configured_author_id,5,3203,,2022-03-09
cicc_perspective-2022-03-09-中金宏观-油价高涨-中下游行业盈利如何变,cicc_perspective,中金点睛,中金宏观,team_channel,中金宏观 | 油价高涨，中下游行业盈利如何变？,https://www.10100.com/article/148028983,full_mirror,clean,verified_from_configured_author_id,7,2856,,2022-03-09
huatai_macro-2022-03-08-华泰宏观-1-2月进出口-出口增势-外强中干-进口量零增长,huatai_macro,华泰宏观,华泰证券宏观研究,configured_public_index,"【华泰宏观】1-2月进出口：出口增势“外强中干”,进口量零增长",https://www.10100.com/article/65959126,full_mirror,clean,verified_from_configured_author_id,8,2388,,2022-03-08
guolei_macro-2022-03-08-广发宏观-对政府工作报告的几点理解,guolei_macro,郭磊宏观茶座,广发证券,institutional_archive,【广发宏观】对政府工作报告的几点理解,https://www.10100.com/article/77169306,full_mirror,clean,verified_from_configured_author_id_and_title_signature,0,8884,,2022-03-08
cicc_perspective-2022-03-08-中金宏观-一文读懂财政扩张细节,cicc_perspective,中金点睛,中金宏观,team_channel,中金宏观 | 一文读懂财政扩张细节,https://www.10100.com/article/148035583,full_mirror,clean,verified_from_configured_author_id,8,3790,,2022-03-08
cicc_perspective-2022-03-07-中金宏观-量价贡献各半-内需逐渐企稳-1-2月进出口点评,cicc_perspective,中金点睛,中金宏观,team_channel,中金宏观 | 量价贡献各半，内需逐渐企稳——1-2月进出口点评,https://www.10100.com/article/148029497,full_mirror,clean,verified_from_configured_author_id,11,2999,,2022-03-07
cicc_perspective-2022-03-06-中金宏观-金融周期下行-财政加码稳增长-政府工作报告-点评,cicc_perspective,中金点睛,中金宏观,team_channel,中金宏观 | 金融周期下行，财政加码稳增长——《政府工作报告》点评,https://www.10100.com/article/148042271,full_mirror,clean,verified_from_configured_author_id,8,5536,,2022-03-06
huatai_macro-2022-03-05-华泰宏观-2022政府工作报告-增长目标5-5-关注实际财政力度,huatai_macro,华泰宏观,华泰证券宏观研究,configured_public_index,【华泰宏观】2022政府工作报告：增长目标5.5%，关注实际财政力度,https://www.10100.com/article/65959067,full_mirror,clean,verified_from_configured_author_id,6,2326,,2022-03-05
cicc_perspective-2022-03-05-中金宏观-油价上涨如何影响美国通胀,cicc_perspective,中金点睛,中金宏观,team_channel,中金宏观 | 油价上涨如何影响美国通胀？,https://www.10100.com/article/148029132,full_mirror,clean,verified_from_configured_author_id,20,4662,,2022-03-05
cicc_perspective-2022-03-04-中金-稳增长-政策三角-的进度-宏观指数月报-2022年2月,cicc_perspective,中金点睛,中金宏观,team_channel,中金 | 稳增长：“政策三角”的进度 - 宏观指数月报（2022年2月）,https://www.10100.com/article/148035584,full_mirror,clean,verified_from_configured_author_id,13,7741,,2022-03-04
cicc_perspective-2022-03-03-中金宏观-出口强劲-融资继续改善-2月经济数据前瞻,cicc_perspective,中金点睛,中金宏观,team_channel,中金宏观 | 出口强劲，融资继续改善——2月经济数据前瞻,https://www.10100.com/article/148042302,full_mirror,clean,verified_from_configured_author_id,3,2632,,2022-03-03
cicc_perspective-2022-03-03-中金宏观-从国新办吹风会看两会政策,cicc_perspective,中金点睛,中金宏观,team_channel,中金宏观 | 从国新办吹风会看两会政策​,https://www.10100.com/article/148029529,full_mirror,clean,verified_from_configured_author_id,6,7366,,2022-03-03
huatai_macro-2022-03-02-华泰宏观-视频-两会前瞻-延续稳增长基调-但政策力度待验证,huatai_macro,华泰宏观,华泰证券宏观研究,configured_public_index,【华泰宏观 | 视频】两会前瞻：延续稳增长基调，但政策力度待验证,https://www.10100.com/article/65959069,full_mirror,clean,verified_from_configured_author_id,2,2877,,2022-03-02
huatai_macro-2022-03-02-华泰宏观-图解国内月报-地产严冬不散-专项债扩容预热基建,huatai_macro,华泰宏观,华泰证券宏观研究,configured_public_index,【华泰宏观 | 图解国内月报】地产严冬不散、专项债扩容预热基建,https://www.10100.com/article/65866218,full_mirror,clean,verified_from_configured_author_id,29,3235,,2022-03-02
huatai_macro-2022-03-01-华泰宏观-深度重温-美联储-当通胀成为最大的政治,huatai_macro,华泰宏观,华泰证券宏观研究,configured_public_index,【华泰宏观 | 深度重温】美联储：当通胀成为最大的政治…,https://www.10100.com/article/65959122,full_mirror,clean,verified_from_configured_author_id,29,11580,,2022-03-01
cicc_perspective-2022-03-01-中金宏观-反季节性主因需求扩张和就地过年-2月PMI点评,cicc_perspective,中金点睛,中金宏观,team_channel,中金宏观 | 反季节性主因需求扩张和就地过年——2月PMI点评,https://www.10100.com/article/148029149,full_mirror,clean,verified_from_configured_author_id,10,2204,,2022-03-01
lichao_macro-2022-02-28-浙商宏观-李超-俄罗斯面临的SWIFT制裁影响几何,lichao_macro,李超宏观研究与资产配置,李超宏观研究与资产配置,exact,【浙商宏观||李超】俄罗斯面临的SWIFT制裁影响几何?,https://finance.sina.cn/forex/hsxw/2022-02-28/detail-imcwipih5727552.d.html?cref=cj,full_mirror,clean,verified_from_publisher_label,12,3292,,2022-02-28
huatai_macro-2022-02-28-华泰宏观-图解国内周报-工业活动略加速-关注两会政策信号,huatai_macro,华泰宏观,华泰证券宏观研究,configured_public_index,【华泰宏观 | 图解国内周报】工业活动略加速；关注两会政策信号,https://www.10100.com/article/65959065,full_mirror,clean,verified_from_configured_author_id,18,2752,,2022-02-28
huatai_macro-2022-02-28-华泰宏观-两会前瞻-延续稳增长基调-但政策力度待验证,huatai_macro,华泰宏观,华泰证券宏观研究,configured_public_index,【华泰宏观】两会前瞻：延续稳增长基调，但政策力度待验证,https://www.10100.com/article/65866207,full_mirror,clean,verified_from_configured_author_id,6,3749,,2022-02-28
cicc_perspective-2022-02-28-对俄制裁升级影响几何,cicc_perspective,中金点睛,中金宏观,team_channel,对俄制裁升级影响几何？,https://www.10100.com/article/148035619,full_mirror,clean,verified_from_configured_author_id,13,8060,,2022-02-28
cicc_perspective-2022-02-27-中金宏观-美联储加息指南,cicc_perspective,中金点睛,中金宏观,team_channel,中金宏观 | 美联储加息指南,https://www.10100.com/article/148029367,full_mirror,clean,verified_from_configured_author_id,13,4696,,2022-02-27
lichao_macro-2022-02-24-浙商宏观-李超-乌克兰为何成为地缘政治的冲突焦点,lichao_macro,李超宏观研究与资产配置,李超宏观研究与资产配置,exact,【浙商宏观||李超】乌克兰为何成为地缘政治的冲突焦点?,https://m.jrj.com.cn/madapter/finance/2022/02/24142534448838.shtml,full_mirror,clean,verified_from_publisher_label,10,4905,,2022-02-24
guolei_macro-2022-02-23-广发宏观郭磊-投资率在中期如何-打平,guolei_macro,郭磊宏观茶座,郭磊宏观茶座,exact,【广发宏观郭磊】投资率在中期如何“打平”,https://m.yicai.com/news/101328148.html,full_mirror,clean,verified_from_publisher_label,8,6614,,2022-02-23
cicc_perspective-2022-02-23-中金-宏观眼中的中美市场联动,cicc_perspective,中金点睛,中金宏观,team_channel,中金：宏观眼中的中美市场联动,https://www.10100.com/article/148042176,full_mirror,clean,verified_from_configured_author_id,22,9066,,2022-02-23
huatai_macro-2022-02-21-华泰宏观-图解国内周报-需求仍偏疲弱-地方债发行明显提速,huatai_macro,华泰宏观,华泰证券宏观研究,configured_public_index,"【华泰宏观 | 图解国内周报】需求仍偏疲弱,地方债发行明显提速",https://www.10100.com/article/65866211,full_mirror,clean,verified_from_configured_author_id,18,2779,,2022-02-21
cicc_perspective-2022-02-21-中金宏观-稳增长政策大全,cicc_perspective,中金点睛,中金宏观,team_channel,中金宏观 | 稳增长政策大全,https://www.10100.com/article/148035678,full_mirror,clean,verified_from_configured_author_id,18,8082,,2022-02-21
cicc_perspective-2022-02-17-中金宏观-提振需求仍需加码-2022年1月通胀数据点评,cicc_perspective,中金点睛,中金宏观,team_channel,中金宏观 | 提振需求仍需加码 ——2022年1月通胀数据点评,https://www.10100.com/article/148042169,full_mirror,clean,verified_from_configured_author_id,2,1450,,2022-02-17
cicc_perspective-2022-02-14-中金宏观-能源绿色转型稳健化,cicc_perspective,中金点睛,中金宏观,team_channel,中金宏观 | 能源绿色转型稳健化,https://www.10100.com/article/148029145,full_mirror,clean,verified_from_configured_author_id,6,3008,,2022-02-14
cicc_perspective-2022-02-13-中金宏观-美联储紧缩-这次来势汹汹,cicc_perspective,中金点睛,中金宏观,team_channel,"中金宏观 | 美联储紧缩,这次来势汹汹",https://finance.sina.com.cn/money/forex/forexanaly/2022-02-14/doc-ikyakumy5799833.shtml,full_mirror,clean,verified_from_publisher_label,24,2472,,2022-02-13
huatai_macro-2022-02-11-华泰宏观-美国CPI再超预期-联储短期偏紧立场不变,huatai_macro,华泰宏观,华泰证券宏观研究,configured_public_index,"【华泰宏观】美国CPI再超预期,联储短期偏紧立场不变",https://www.10100.com/article/65959125,full_mirror,clean,verified_from_configured_author_id,7,2484,,2022-02-11
cicc_perspective-2022-02-11-中金-通胀爆表-美联储应尽快刹车,cicc_perspective,中金点睛,中金宏观,team_channel,中金 ：通胀爆表，美联储应尽快刹车,https://www.10100.com/article/148042185,full_mirror,clean,verified_from_configured_author_id,6,3684,,2022-02-11
huatai_macro-2022-02-07-华泰宏观-图解海外周报-发达国家加息预期升温-利率普遍上行,huatai_macro,华泰宏观,华泰证券宏观研究,configured_public_index,"【华泰宏观|图解海外周报】发达国家加息预期升温,利率普遍上行",https://www.10100.com/article/65959068,full_mirror,clean,verified_from_configured_author_id,21,2990,,2022-02-07
cicc_perspective-2022-02-07-中金宏观-返乡规模增长-消费或受支撑,cicc_perspective,中金点睛,中金宏观,team_channel,中金宏观 | 返乡规模增长，消费或受支撑,https://www.10100.com/article/148029164,full_mirror,clean,verified_from_configured_author_id,13,2044,,2022-02-07
cicc_perspective-2022-02-07-中金-稳增长-从-德式套餐-到-日式套餐,cicc_perspective,中金点睛,中金宏观,team_channel,中金 | 稳增长：从“德式套餐”到“日式套餐”,https://www.10100.com/article/148035706,full_mirror,clean,verified_from_configured_author_id,8,6390,,2022-02-07
cicc_perspective-2022-02-06-中金宏观-AMC进场房企化债六问六答,cicc_perspective,中金点睛,中金宏观,team_channel,中金宏观 | AMC进场房企化债六问六答,https://www.10100.com/article/148029540,full_mirror,clean,verified_from_configured_author_id,3,4953,,2022-02-06
huatai_macro-2022-02-05-华泰宏观-1-月非农-劳动参与率与薪资通胀赛跑,huatai_macro,华泰宏观,华泰证券宏观研究,configured_public_index,【华泰宏观】1 月非农:劳动参与率与薪资通胀赛跑,https://www.10100.com/article/65866212,full_mirror,clean,verified_from_configured_author_id,7,2360,,2022-02-05
cicc_perspective-2022-02-05-中金宏观-央行-更快-利率-更高,cicc_perspective,中金点睛,中金宏观,team_channel,中金宏观 | 央行“更快”，利率“更高”,https://www.10100.com/article/148042313,full_mirror,clean,verified_from_configured_author_id,19,4804,,2022-02-05
huatai_macro-2022-01-30-华泰宏观-PMI-生产消费走弱-就业压力上升,huatai_macro,华泰宏观,华泰证券宏观研究,configured_public_index,【华泰宏观】PMI：生产消费走弱，就业压力上升,https://www.10100.com/article/65959105,full_mirror,clean,verified_from_configured_author_id,7,1928,,2022-01-30
cicc_perspective-2022-01-30-中金宏观-政策发力可期-1-月-PMI-点评,cicc_perspective,中金点睛,中金宏观,team_channel,中金宏观 | 政策发力可期——1 月 PMI 点评,https://www.10100.com/article/148028998,full_mirror,clean,verified_from_configured_author_id,10,2562,,2022-01-30
huatai_macro-2022-01-29-华泰宏观-核心通胀升势不减-联储继续骑虎难下,huatai_macro,华泰宏观,华泰证券宏观研究,configured_public_index,"【华泰宏观】核心通胀升势不减,联储继续骑虎难下",https://www.10100.com/article/65959146,full_mirror,clean,verified_from_configured_author_id,8,2166,,2022-01-29
huatai_macro-2022-01-29-华泰宏观-12-月及2021全年财政数据点评-财政宽松力度不足仍是稳增长制约,huatai_macro,华泰宏观,华泰证券宏观研究,configured_public_index,【华泰宏观】12 月及2021全年财政数据点评: 财政宽松力度不足仍是稳增长制约,https://www.10100.com/article/65866290,full_mirror,clean,verified_from_configured_author_id,8,2223,,2022-01-29
cicc_perspective-2022-01-29-未用资金助力稳增长-2021年12月财政收支数据点评,cicc_perspective,中金点睛,中金宏观,team_channel,未用资金助力稳增长——2021年12月财政收支数据点评,https://www.10100.com/article/148029002,full_mirror,clean,verified_from_configured_author_id,4,2453,,2022-01-29
cicc_perspective-2022-01-28-中金LEI-CMI-企稳信号在-第二关,cicc_perspective,中金点睛,中金宏观,team_channel,中金LEI&CMI | 企稳信号在“第二关”,https://www.10100.com/article/148035710,full_mirror,clean,verified_from_configured_author_id,9,3162,,2022-01-28
huatai_macro-2022-01-25-华泰宏观-视频-政策应对地产相关风险是否有效-该如何调整,huatai_macro,华泰宏观,华泰证券宏观研究,configured_public_index,【华泰宏观 | 视频】政策应对地产相关风险是否有效？该如何调整？,https://www.10100.com/article/65959143,full_mirror,clean,verified_from_configured_author_id,2,3662,,2022-01-25
huatai_macro-2022-01-25-华泰宏观-FOMC前瞻-联储短期-骑虎难下,huatai_macro,华泰宏观,华泰证券宏观研究,configured_public_index,【华泰宏观】FOMC前瞻：联储短期“骑虎难下”,https://www.10100.com/article/65866279,full_mirror,clean,verified_from_configured_author_id,8,2218,,2022-01-25
huatai_macro-2022-01-22-华泰宏观-视频-12月及四季度经济数据-增长反弹动力不足-稳地产方能稳预期,huatai_macro,华泰宏观,华泰证券宏观研究,configured_public_index,【华泰宏观 | 视频】12月及四季度经济数据：增长反弹动力不足，稳地产方能稳预期,https://www.10100.com/article/65959101,full_mirror,clean,verified_from_configured_author_id,2,3471,,2022-01-22
cicc_perspective-2022-01-22-中金宏观-美股下跌的宏观逻辑,cicc_perspective,中金点睛,中金宏观,team_channel,中金宏观 | 美股下跌的宏观逻辑,https://finance.sina.com.cn/stock/usstock/c/2022-01-23/doc-ikyakumy2073645.shtml,full_mirror,clean,verified_from_publisher_label,35,4052,,2022-01-22
yiyuzhongde-2022-01-21-华创宏观-张瑜团队-商-领风骚-三十图回顾2021年全球资产走势,yiyuzhongde,一瑜中的,一瑜中的,exact,【华创宏观 张瑜团队】“商”领风骚——三十图回顾2021年全球资产走势,https://news.qq.com/rain/a/20220103A09THO00,full_mirror,clean,verified_from_publisher_label,31,1952,,2022-01-21
yiyuzhongde-2022-01-21-华创宏观-张瑜团队-11月非农数据的两个修复与两个困境-11月非农数据点评-海外双周报第22期,yiyuzhongde,一瑜中的,一瑜中的,exact,【华创宏观·张瑜团队】11月非农数据的两个修复与两个困境——11月非农数据点评&海外双周报第22期,https://news.qq.com/rain/a/20211206A0022E00,full_mirror,clean,verified_from_publisher_label,29,6127,,2022-01-21
huatai_macro-2022-01-21-华泰宏观-欧美确诊上升-但经济影响开始削减,huatai_macro,华泰宏观,华泰证券宏观研究,configured_public_index,【华泰宏观】欧美确诊上升，但经济影响开始削减,https://www.10100.com/article/65959103,full_mirror,clean,verified_from_configured_author_id,11,5394,,2022-01-21
huatai_macro-2022-01-21-华泰宏观-技术贴-本轮LPR需要下调多少,huatai_macro,华泰宏观,华泰证券宏观研究,configured_public_index,【华泰宏观】技术贴 | 本轮LPR需要下调多少？,https://www.10100.com/article/65866287,full_mirror,clean,verified_from_configured_author_id,11,3030,,2022-01-21
huatai_macro-2022-01-20-华泰宏观-深度-旧文重温-当地产相关指标开始滑出历史区间-2020年11月9日首次发表,huatai_macro,华泰宏观,华泰证券宏观研究,configured_public_index,【华泰宏观 | 深度】旧文重温：当地产相关指标开始滑出历史区间…（2020年11月9日首次发表）,https://www.10100.com/article/65866289,full_mirror,clean,verified_from_configured_author_id,23,9626,,2022-01-20
guolei_macro-2022-01-20-广发宏观郭磊-宏观面的两条逻辑线,guolei_macro,郭磊宏观茶座,郭磊宏观茶座,exact,【广发宏观郭磊】宏观面的两条逻辑线,https://www.163.com/dy/article/GU93TEEI0519IGF7.html,full_mirror,clean,verified_from_publisher_label,6,5020,,2022-01-20
cicc_perspective-2022-01-20-中金宏观探市-美国股债的下一站,cicc_perspective,中金点睛,中金宏观,team_channel,中金宏观探市 | 美国股债的下一站,https://www.10100.com/article/148035629,full_mirror,clean,verified_from_configured_author_id,14,3451,,2022-01-20
cicc_perspective-2022-01-20-中金宏观-非对称降息兑现-稳增长未完待续-LPR调降点评,cicc_perspective,中金点睛,中金宏观,team_channel,中金宏观 | 非对称降息兑现，稳增长未完待续——LPR调降点评,https://www.10100.com/article/148029167,full_mirror,clean,verified_from_configured_author_id,2,1868,,2022-01-20
lichao_macro-2022-01-19-浙商宏观-李超-货币政策工具箱还有哪些工具,lichao_macro,李超宏观研究与资产配置,李超宏观研究与资产配置,exact,【浙商宏观||李超】货币政策工具箱还有哪些工具?,https://m.yicai.com/news/101852575.html,full_mirror,clean,verified_from_publisher_label,17,6478,,2022-01-19
huatai_macro-2022-01-17-华泰宏观-美国零售消费加速放缓,huatai_macro,华泰宏观,华泰证券宏观研究,configured_public_index,【华泰宏观】美国零售消费加速放缓,https://www.10100.com/article/65959145,full_mirror,clean,verified_from_configured_author_id,8,1863,,2022-01-17
huatai_macro-2022-01-17-华泰宏观-图解海外周报-海外重启指数有所恢复-利率继续爬升,huatai_macro,华泰宏观,华泰证券宏观研究,configured_public_index,"【华泰宏观|图解海外周报】海外重启指数有所恢复,利率继续爬升",https://www.10100.com/article/65866281,full_mirror,clean,verified_from_configured_author_id,27,2906,,2022-01-17
huatai_macro-2022-01-17-华泰宏观-12月及四季度经济数据-增长反弹动力不足-稳地产方能稳预期,huatai_macro,华泰宏观,华泰证券宏观研究,configured_public_index,【华泰宏观】12月及四季度经济数据：增长反弹动力不足，稳地产方能稳预期,https://www.10100.com/article/65959144,full_mirror,clean,verified_from_configured_author_id,7,3729,,2022-01-17
cicc_perspective-2022-01-17-中金宏观-美联储-缩表-路径探讨,cicc_perspective,中金点睛,中金宏观,team_channel,中金宏观 | 美联储“缩表”路径探讨,https://www.10100.com/article/148029143,full_mirror,clean,verified_from_configured_author_id,21,7667,,2022-01-17
cicc_perspective-2022-01-17-中金宏观-数据有喜有忧-期待更多政策发力-12月经济数据点评,cicc_perspective,中金点睛,中金宏观,team_channel,中金宏观 | 数据有喜有忧，期待更多政策发力——12月经济数据点评,https://www.10100.com/article/148035596,full_mirror,clean,verified_from_configured_author_id,6,3381,,2022-01-17
cicc_perspective-2022-01-17-中金宏观-全面降息六问六答-松货币还有空间,cicc_perspective,中金点睛,中金宏观,team_channel,中金宏观 | 全面降息六问六答——松货币还有空间,https://www.10100.com/article/148029363,full_mirror,clean,verified_from_configured_author_id,3,3256,,2022-01-17
cicc_perspective-2022-01-14-中金宏观-全球供应链小幅改善-12月进出口点评,cicc_perspective,中金点睛,中金宏观,team_channel,中金宏观 | 全球供应链小幅改善——12月进出口点评,https://www.10100.com/article/148035605,full_mirror,clean,verified_from_configured_author_id,15,2990,,2022-01-14
cicc_perspective-2022-01-13-中金宏观-仰望星空-也脚踏实地-十四五-数字经济发展规划-点评,cicc_perspective,中金点睛,中金宏观,team_channel,中金宏观 | 仰望星空，也脚踏实地 -《“十四五”数字经济发展规划》点评,https://www.10100.com/article/148029364,full_mirror,clean,verified_from_configured_author_id,2,4174,,2022-01-13
huatai_macro-2022-01-12-华泰宏观-社融扩张略显乏力-地产宽松效果欠佳-2021年12月金融数据点评,huatai_macro,华泰宏观,华泰证券宏观研究,configured_public_index,【华泰宏观】社融扩张略显乏力、地产宽松效果欠佳｜2021年12月金融数据点评,https://www.10100.com/article/65959104,full_mirror,clean,verified_from_configured_author_id,10,2687,,2022-01-12
huatai_macro-2022-01-12-华泰宏观-专题-12月FOMC纪要缘何引致轩然大波,huatai_macro,华泰宏观,华泰证券宏观研究,configured_public_index,【华泰宏观 | 专题】12月FOMC纪要缘何引致轩然大波,https://www.10100.com/article/65866284,full_mirror,clean,verified_from_configured_author_id,14,11125,,2022-01-12
cicc_perspective-2022-01-12-中金宏观-菜肉高价褪去-关注重回稳增长节奏-2021年12月物价数据点评,cicc_perspective,中金点睛,中金宏观,team_channel,中金宏观 | 菜肉高价褪去，关注重回稳增长节奏 ——2021年12月物价数据点评,https://www.10100.com/article/148028968,full_mirror,clean,verified_from_configured_author_id,6,2086,,2022-01-12
cicc_perspective-2022-01-10-中金宏观-精准深化-节奏加快-要素市场综合试点改革方案点评,cicc_perspective,中金点睛,中金宏观,team_channel,中金宏观 | 精准深化、节奏加快 ——要素市场综合试点改革方案点评,https://www.10100.com/article/148029200,full_mirror,clean,verified_from_configured_author_id,2,4448,,2022-01-10
cicc_perspective-2022-01-10-中金宏观-关于-缩表-的几个问题,cicc_perspective,中金点睛,中金宏观,team_channel,中金宏观 | 关于“缩表”的几个问题,https://www.10100.com/article/148035725,full_mirror,clean,verified_from_configured_author_id,17,5224,,2022-01-10
cicc_perspective-2022-01-09-中金宏观-流动性观察-松货币稳信贷进展多快,cicc_perspective,中金点睛,中金宏观,team_channel,中金宏观 | 流动性观察-松货币稳信贷进展多快?,https://www.10100.com/article/148042199,full_mirror,clean,verified_from_configured_author_id,9,3258,,2022-01-09
huatai_macro-2022-01-08-华泰宏观-外汇准备金率上调未阻外汇持续流入-2021年12月外储数据简评,huatai_macro,华泰宏观,华泰证券宏观研究,configured_public_index,【华泰宏观】外汇准备金率上调未阻外汇持续流入｜2021年12月外储数据简评,https://www.10100.com/article/65866318,full_mirror,clean,verified_from_configured_author_id,6,2050,,2022-01-08
huatai_macro-2022-01-07-华泰宏观-专题-量化O株对全球重启的影响及其演变,huatai_macro,华泰宏观,华泰证券宏观研究,configured_public_index,【华泰宏观|专题】量化O株对全球重启的影响及其演变,https://www.10100.com/article/65959110,full_mirror,clean,verified_from_configured_author_id,16,10060,,2022-01-07
cicc_perspective-2022-01-07-中金宏观-联储转鹰对我国货币政策影响有限,cicc_perspective,中金点睛,中金宏观,team_channel,中金宏观 | 联储转鹰对我国货币政策影响有限,https://www.10100.com/article/148029205,full_mirror,clean,verified_from_configured_author_id,9,3201,,2022-01-07
huatai_macro-2022-01-04-华泰宏观-图解海外月报-QE削减如期加速-O株影响蔓延,huatai_macro,华泰宏观,华泰证券宏观研究,configured_public_index,"【华泰宏观 | 图解海外月报】QE削减如期加速,O株影响蔓延",https://www.10100.com/article/65959111,full_mirror,clean,verified_from_configured_author_id,15,2496,,2022-01-04
huatai_macro-2022-01-04-华泰宏观-图解国内月报-稳增长信号明确但执行效果尚待验证,huatai_macro,华泰宏观,华泰证券宏观研究,configured_public_index,【华泰宏观 | 图解国内月报】稳增长信号明确但执行效果尚待验证,https://www.10100.com/article/65866319,full_mirror,clean,verified_from_configured_author_id,16,2422,,2022-01-04
cicc_perspective-2022-01-04-中金宏观-预计四季度GDP同比4-1-12月经济数据前瞻,cicc_perspective,中金点睛,中金宏观,team_channel,中金宏观 | 预计四季度GDP同比4.1%——12月经济数据前瞻,https://www.10100.com/article/148029153,full_mirror,clean,verified_from_configured_author_id,19,5224,,2022-01-04
sws_macro-2021-12-31-申万宏源宏观-2022年宏观经济展望系列报告概览,sws_macro,申万宏源宏观,申万宏源宏观,team_research_stream,申万宏源宏观 | 2022年宏观经济展望系列报告概览,http://finance.sina.com.cn/money/bond/2021-12-31/doc-ikyakumx7608065.shtml,full_mirror,clean,verified_from_publisher_or_team_citation,19,3199,,2021-12-31
cicc_perspective-2021-12-31-中金宏观-保供稳价进一步显现-外需边际回落-12月PMI点评,cicc_perspective,中金点睛,中金宏观,team_channel,中金宏观 | 保供稳价进一步显现，外需边际回落——12月PMI点评,https://www.10100.com/article/148035684,full_mirror,clean,verified_from_configured_author_id,11,2771,,2021-12-31
cicc_perspective-2021-12-31-中金宏观-12月CMI-企稳信号尚不清晰,cicc_perspective,中金点睛,中金宏观,team_channel,中金宏观 | 12月CMI—企稳信号尚不清晰,https://www.10100.com/article/148029368,full_mirror,clean,verified_from_configured_author_id,8,2124,,2021-12-31
huatai_macro-2021-12-27-华泰宏观-11月工业企业-上游回撤-需求偏弱拖累利润增长,huatai_macro,华泰宏观,华泰证券宏观研究,configured_public_index,【华泰宏观】11月工业企业：上游回撤+需求偏弱拖累利润增长,https://www.10100.com/article/65959147,full_mirror,clean,verified_from_configured_author_id,14,2736,,2021-12-27
cicc_perspective-2021-12-27-中金宏观-货币发力的三大看点-21年四季度货币政策委员会例会点评,cicc_perspective,中金点睛,中金宏观,team_channel,中金宏观 | 货币发力的三大看点——21年四季度货币政策委员会例会点评,https://www.10100.com/article/148028977,full_mirror,clean,verified_from_configured_author_id,13,5184,,2021-12-27
cicc_perspective-2021-12-26-中金宏观-美联储会先-缩表-吗,cicc_perspective,中金点睛,中金宏观,team_channel,中金宏观 | 美联储会先“缩表”吗？,https://www.10100.com/article/148035701,full_mirror,clean,verified_from_configured_author_id,18,3945,,2021-12-26
huatai_macro-2021-12-24-华泰宏观-美国核心PCE-通胀压力短期仍高企,huatai_macro,华泰宏观,华泰证券宏观研究,configured_public_index,【华泰宏观】美国核心PCE:通胀压力短期仍高企,https://www.10100.com/article/65866296,full_mirror,clean,verified_from_configured_author_id,9,2107,,2021-12-24
huatai_macro-2021-12-20-华泰宏观-深度-旧文重读-稳增长政策发力需应对哪些制约,huatai_macro,华泰宏观,华泰证券宏观研究,configured_public_index,【华泰宏观|深度】（旧文重读）稳增长政策发力需应对哪些制约？,https://www.10100.com/article/65959106,full_mirror,clean,verified_from_configured_author_id,11,6692,,2021-12-20
cicc_perspective-2021-12-20-中金宏观-美联储或提前加息-不排除缩表,cicc_perspective,中金点睛,中金宏观,team_channel,中金宏观 | 美联储或提前加息，不排除缩表,https://www.10100.com/article/148035641,full_mirror,clean,verified_from_configured_author_id,12,5185,,2021-12-20
cicc_perspective-2021-12-20-中金宏观-税收缓缴效果初现-支出加快-11月财政收支数据点评,cicc_perspective,中金点睛,中金宏观,team_channel,中金宏观 | 税收缓缴效果初现，支出加快——11月财政收支数据点评,https://www.10100.com/article/148099390,full_mirror,clean,verified_from_configured_author_id,4,1870,,2021-12-20
cicc_perspective-2021-12-20-中金宏观-基建和绿色投资能否对冲地产回落,cicc_perspective,中金点睛,中金宏观,team_channel,中金宏观 | 基建和绿色投资能否对冲地产回落？,https://www.10100.com/article/148029173,full_mirror,clean,verified_from_configured_author_id,41,15754,,2021-12-20
cicc_perspective-2021-12-19-中金宏观-学习效应-缓解疫情压制,cicc_perspective,中金点睛,中金宏观,team_channel,中金宏观 | “学习效应”缓解疫情压制,https://www.10100.com/article/148042194,full_mirror,clean,verified_from_configured_author_id,36,5829,,2021-12-19
huatai_macro-2021-12-16-华泰宏观-Taper如期加速-加息尚待数据验证,huatai_macro,华泰宏观,华泰证券宏观研究,configured_public_index,【华泰宏观】Taper如期加速，加息尚待数据验证,https://www.10100.com/article/65959136,full_mirror,clean,verified_from_configured_author_id,9,2315,,2021-12-16
huatai_macro-2021-12-15-华泰宏观-FOMC前瞻-联储或加速taper-意在回归中性立场,huatai_macro,华泰宏观,华泰证券宏观研究,configured_public_index,"【华泰宏观】FOMC前瞻：联储或加速taper, 意在回归中性立场",https://www.10100.com/article/65959137,full_mirror,clean,verified_from_configured_author_id,7,2238,,2021-12-15
huatai_macro-2021-12-15-华泰宏观-11月经济-消费低位减速-地产业寒冬-磨底,huatai_macro,华泰宏观,华泰证券宏观研究,configured_public_index,【华泰宏观】11月经济：消费低位减速，地产业寒冬“磨底”,https://www.10100.com/article/65866250,full_mirror,clean,verified_from_configured_author_id,9,2978,,2021-12-15
cicc_perspective-2021-12-15-中金宏观-纷纷落实-稳增长,cicc_perspective,中金点睛,中金宏观,team_channel,中金宏观 | 纷纷落实“稳增长”,https://www.10100.com/article/148035645,full_mirror,clean,verified_from_configured_author_id,7,2427,,2021-12-15
cicc_perspective-2021-12-15-中金宏观-喜忧参半-需财政发力-11月经济数据点评,cicc_perspective,中金点睛,中金宏观,team_channel,中金宏观 | 喜忧参半，需财政发力——11月经济数据点评,https://www.10100.com/article/148029177,full_mirror,clean,verified_from_configured_author_id,8,3719,,2021-12-15
huatai_macro-2021-12-13-华泰宏观-美国CPI继续上行,huatai_macro,华泰宏观,华泰证券宏观研究,configured_public_index,【华泰宏观】美国CPI继续上行,https://www.10100.com/article/65866260,full_mirror,clean,verified_from_configured_author_id,9,2080,,2021-12-13
cicc_perspective-2021-12-13-中金宏观探市-从Taper到首次加息-美国股债汇发生了什么,cicc_perspective,中金点睛,中金宏观,team_channel,中金宏观探市 | 从Taper到首次加息，美国股债汇发生了什么？,https://www.10100.com/article/148029554,full_mirror,clean,verified_from_configured_author_id,10,2631,,2021-12-13
cicc_perspective-2021-12-12-中金宏观-FOMC前瞻-美联储将顺势转向,cicc_perspective,中金点睛,中金宏观,team_channel,中金宏观 | FOMC前瞻：美联储将顺势转向,https://www.10100.com/article/148042198,full_mirror,clean,verified_from_configured_author_id,19,4254,,2021-12-12
huatai_macro-2021-12-11-华泰宏观-2021年中央经济工作会议-稳字当头-发力靠前,huatai_macro,华泰宏观,华泰证券宏观研究,configured_public_index,【华泰宏观】2021年中央经济工作会议：稳字当头、发力靠前,https://www.10100.com/article/65959082,full_mirror,clean,verified_from_configured_author_id,6,2098,,2021-12-11
cicc_perspective-2021-12-11-中金宏观-对症下药-促增长-中央经济工作会议点评,cicc_perspective,中金点睛,中金宏观,team_channel,中金宏观 | “对症下药”促增长 - 中央经济工作会议点评,https://www.10100.com/article/148029028,full_mirror,clean,verified_from_configured_author_id,25,5757,,2021-12-11
cicc_perspective-2021-12-10-中金宏观-目标明确-进展较慢-11月金融数据点评,cicc_perspective,中金点睛,中金宏观,team_channel,中金宏观 | 目标明确，进展较慢 - 11月金融数据点评,https://www.10100.com/article/148029420,full_mirror,clean,verified_from_configured_author_id,7,2526,,2021-12-10
cicc_perspective-2021-12-10-中金宏观-电价和滞后传导致PPI回落偏慢-2021年11月物价数据点评,cicc_perspective,中金点睛,中金宏观,team_channel,中金宏观 | 电价和滞后传导致PPI回落偏慢——2021年11月物价数据点评,https://www.10100.com/article/148035723,full_mirror,clean,verified_from_configured_author_id,2,1941,,2021-12-10
huatai_macro-2021-12-09-华泰宏观-外汇持续流入显示人民币未偏离基本面-11月外储数据简评,huatai_macro,华泰宏观,华泰证券宏观研究,configured_public_index,【华泰宏观】外汇持续流入显示人民币未偏离基本面｜11月外储数据简评,https://www.10100.com/article/65866261,full_mirror,clean,verified_from_configured_author_id,8,1951,,2021-12-09
huatai_macro-2021-12-09-华泰宏观-PPI如期见顶回落-下游压力缓解,huatai_macro,华泰宏观,华泰证券宏观研究,configured_public_index,【华泰宏观】PPI如期见顶回落，下游压力缓解,https://www.10100.com/article/65959083,full_mirror,clean,verified_from_configured_author_id,6,2155,,2021-12-09
cicc_perspective-2021-12-09-中金宏观探市-稳信用的资产价格推演,cicc_perspective,中金点睛,中金宏观,team_channel,中金宏观探市 | 稳信用的资产价格推演,https://www.10100.com/article/148029030,full_mirror,clean,verified_from_configured_author_id,8,2571,,2021-12-09
cicc_perspective-2021-12-09-中金2022年展望-货币政策-稳信用的底线和抓手,cicc_perspective,中金点睛,中金宏观,team_channel,中金2022年展望 | 货币政策：稳信用的底线和抓手,https://www.10100.com/article/148042333,full_mirror,clean,verified_from_configured_author_id,18,14500,,2021-12-09
huatai_macro-2021-12-08-华泰宏观-制造业补库大幅推升11月进口,huatai_macro,华泰宏观,华泰证券宏观研究,configured_public_index,【华泰宏观】制造业补库大幅推升11月进口,https://www.10100.com/article/65866266,full_mirror,clean,verified_from_configured_author_id,10,2629,,2021-12-08
cicc_perspective-2021-12-08-中金宏观-多因素促进口超预期-11月进出口点评,cicc_perspective,中金点睛,中金宏观,team_channel,中金宏观 | 多因素促进口超预期——11月进出口点评,https://www.10100.com/article/148035648,full_mirror,clean,verified_from_configured_author_id,11,3112,,2021-12-08
cicc_perspective-2021-12-08-中金2022年展望-财政-发力三大抓手,cicc_perspective,中金点睛,中金宏观,team_channel,中金2022年展望 | 财政：发力三大抓手,https://www.10100.com/article/148029562,full_mirror,clean,verified_from_configured_author_id,31,12272,,2021-12-08
huatai_macro-2021-12-07-华泰宏观-12月政治局会议-稳-字当头-防风险-扩内需,huatai_macro,华泰宏观,华泰证券宏观研究,configured_public_index,【华泰宏观】12月政治局会议：“稳”字当头——防风险、扩内需,https://www.10100.com/article/65959138,full_mirror,clean,verified_from_configured_author_id,6,1830,,2021-12-07
cicc_perspective-2021-12-06-中金宏观-稳增长意图明显-12月6日政治局会议点评,cicc_perspective,中金点睛,中金宏观,team_channel,中金宏观 | 稳增长意图明显——12月6日政治局会议点评,https://www.10100.com/article/148029405,full_mirror,clean,verified_from_configured_author_id,3,1796,,2021-12-06
cicc_perspective-2021-12-06-中金-美联储转鹰-亡羊补牢-还是加剧担忧,cicc_perspective,中金点睛,中金宏观,team_channel,中金 | 美联储转鹰：亡羊补牢，还是加剧担忧？,https://www.10100.com/article/148029004,full_mirror,clean,verified_from_configured_author_id,19,4761,,2021-12-06
cicc_perspective-2021-12-05-中金宏观-进一步释放稳增长-防风险信号,cicc_perspective,中金点睛,中金宏观,team_channel,中金宏观 | 进一步释放稳增长、防风险信号,https://www.10100.com/article/148035713,full_mirror,clean,verified_from_configured_author_id,5,3541,,2021-12-05
huatai_macro-2021-12-03-华泰宏观-图解中国月报-地产拖累升级-稳增长进入酝酿阶段,huatai_macro,华泰宏观,华泰证券宏观研究,configured_public_index,【华泰宏观 | 图解中国月报】地产拖累升级、稳增长进入酝酿阶段,https://www.10100.com/article/65866309,full_mirror,clean,verified_from_configured_author_id,16,2401,,2021-12-03
cicc_perspective-2021-12-03-中金宏观-实体承压-融资或改善-11月经济数据前瞻,cicc_perspective,中金点睛,中金宏观,team_channel,中金宏观 | 实体承压，融资或改善——11月经济数据前瞻,https://www.10100.com/article/148042193,full_mirror,clean,verified_from_configured_author_id,3,2887,,2021-12-03
cicc_perspective-2021-12-03-中金2022年展望-通胀-剪刀差收敛的投资机会,cicc_perspective,中金点睛,中金宏观,team_channel,中金2022年展望 | 通胀：剪刀差收敛的投资机会,https://www.10100.com/article/148029409,full_mirror,clean,verified_from_configured_author_id,39,11976,,2021-12-03
huatai_macro-2021-11-30-华泰宏观-11月PMI-限电缓解-制造业PMI重回扩张,huatai_macro,华泰宏观,华泰证券宏观研究,configured_public_index,【华泰宏观】11月PMI：限电缓解，制造业PMI重回扩张,https://www.10100.com/article/65866308,full_mirror,clean,verified_from_configured_author_id,11,2277,,2021-11-30
cicc_perspective-2021-11-30-中金宏观-保供量价效果均显-11月PMI点评,cicc_perspective,中金点睛,中金宏观,team_channel,中金宏观 | 保供量价效果均显——11月PMI点评,https://www.10100.com/article/148029005,full_mirror,clean,verified_from_configured_author_id,10,2651,,2021-11-30
huatai_macro-2021-11-29-华泰宏观-工业企业盈利-上游超额利润及限产缓解推高盈利,huatai_macro,华泰宏观,华泰证券宏观研究,configured_public_index,【华泰宏观】工业企业盈利：上游超额利润及限产缓解推高盈利,https://www.10100.com/article/65959151,full_mirror,clean,verified_from_configured_author_id,19,3363,,2021-11-29
cicc_perspective-2021-11-29-中金宏观-10月LEI-稳增长的信号,cicc_perspective,中金点睛,中金宏观,team_channel,中金宏观 | 10月LEI—稳增长的信号,https://www.10100.com/article/148029036,full_mirror,clean,verified_from_configured_author_id,7,2607,,2021-11-29
cicc_perspective-2021-11-28-中金宏观-海外疫情突变-这次不一样,cicc_perspective,中金点睛,中金宏观,team_channel,中金宏观 | 海外疫情突变，这次不一样？,https://www.10100.com/article/148035650,full_mirror,clean,verified_from_configured_author_id,18,7935,,2021-11-28
cicc_perspective-2021-11-24-中金-美国反垄断-演变与启示,cicc_perspective,中金点睛,中金宏观,team_channel,中金 | 美国反垄断：演变与启示,https://www.10100.com/article/148042348,full_mirror,clean,verified_from_configured_author_id,38,24727,,2021-11-24
cicc_perspective-2021-11-22-中金宏观-美联储会提前紧缩吗,cicc_perspective,中金点睛,中金宏观,team_channel,中金宏观 | 美联储会提前紧缩吗？,https://www.10100.com/article/148035652,full_mirror,clean,verified_from_configured_author_id,17,5491,,2021-11-22
huatai_macro-2021-11-20-华泰宏观-10月财政数据点评-财政宽松尚待发力,huatai_macro,华泰宏观,华泰证券宏观研究,configured_public_index,【华泰宏观】10月财政数据点评：财政宽松尚待发力,https://www.10100.com/article/65866231,full_mirror,clean,verified_from_configured_author_id,16,2765,,2021-11-20
cicc_perspective-2021-11-20-中金宏观-稳增长共识正在形成-三季度-货币政策执行报告-简评,cicc_perspective,中金点睛,中金宏观,team_channel,中金宏观 | 稳增长共识正在形成 ——三季度《货币政策执行报告》简评,https://www.10100.com/article/148035628,full_mirror,clean,verified_from_configured_author_id,4,2732,,2021-11-20
huatai_macro-2021-11-18-华泰宏观-图说研报-近期仍有3个潜在的-预期外-风险,huatai_macro,华泰宏观,华泰证券宏观研究,configured_public_index,【华泰宏观|图说研报】近期仍有3个潜在的“预期外”风险,https://www.10100.com/article/65959134,full_mirror,clean,verified_from_configured_author_id,7,564,,2021-11-18
cicc_perspective-2021-11-15-中金宏观-保供作用显现-就业压力边际上升-10月经济数据点评,cicc_perspective,中金点睛,中金宏观,team_channel,中金宏观 | 保供作用显现，就业压力边际上升——10月经济数据点评,https://www.10100.com/article/148029398,full_mirror,clean,verified_from_configured_author_id,6,3002,,2021-11-15
huatai_macro-2021-11-14-华泰宏观-2022年中国宏观展望合集,huatai_macro,华泰宏观,华泰证券宏观研究,configured_public_index,【华泰宏观】2022年中国宏观展望合集,https://www.10100.com/article/65959098,full_mirror,clean,verified_from_configured_author_id,5,823,,2021-11-14
huatai_macro-2021-11-13-华泰宏观-美国-CPI-破-6-劳工价格扩散,huatai_macro,华泰宏观,华泰证券宏观研究,configured_public_index,【华泰宏观】美国 CPI“破 6”，劳工价格扩散,https://www.10100.com/article/65866274,full_mirror,clean,verified_from_configured_author_id,9,2136,,2021-11-13
huatai_macro-2021-11-12-华泰宏观-深度-增长先抑后扬-新基建-为宽松首选-2022年中国宏观展望,huatai_macro,华泰宏观,华泰证券宏观研究,configured_public_index,"【华泰宏观|深度】增长先抑后扬,“新基建”为宽松首选|2022年中国宏观展望",https://www.10100.com/article/65959100,full_mirror,clean,verified_from_configured_author_id,35,22203,,2021-11-12
huatai_macro-2021-11-11-华泰宏观-PPI-或现高点-核心通胀保持温和,huatai_macro,华泰宏观,华泰证券宏观研究,configured_public_index,【华泰宏观】PPI 或现高点；核心通胀保持温和,https://www.10100.com/article/65959142,full_mirror,clean,verified_from_configured_author_id,9,2345,,2021-11-11
huatai_macro-2021-11-11-华泰宏观-M2-社融数据显示稳增长政策在酝酿中-10月金融数据点评,huatai_macro,华泰宏观,华泰证券宏观研究,configured_public_index,【华泰宏观】M2 社融数据显示稳增长政策在酝酿中——10月金融数据点评,https://www.10100.com/article/65866286,full_mirror,clean,verified_from_configured_author_id,10,2810,,2021-11-11
cicc_perspective-2021-11-10-中金宏观-菜价支撑或短暂-PPI同比或近拐点-2021年10月物价数据点评,cicc_perspective,中金点睛,中金宏观,team_channel,中金宏观 | 菜价支撑或短暂，PPI同比或近拐点 ——2021年10月物价数据点评,https://www.10100.com/article/148029399,full_mirror,clean,verified_from_configured_author_id,4,1982,,2021-11-10
huatai_macro-2021-11-08-华泰宏观-图解海外周报-Taper靴子落地-美债利率回调,huatai_macro,华泰宏观,华泰证券宏观研究,configured_public_index,【华泰宏观 | 图解海外周报】Taper靴子落地；美债利率回调,https://www.10100.com/article/65866358,full_mirror,clean,verified_from_configured_author_id,25,2822,,2021-11-08
cicc_perspective-2021-11-08-中金宏观-被-唤醒-的菲利普斯曲线,cicc_perspective,中金点睛,中金宏观,team_channel,中金宏观 | 被“唤醒”的菲利普斯曲线,https://www.10100.com/article/148035729,full_mirror,clean,verified_from_configured_author_id,20,3988,,2021-11-08
huatai_macro-2021-11-07-华泰宏观-拜登-基建计划-终告落地-符合预期,huatai_macro,华泰宏观,华泰证券宏观研究,configured_public_index,"【华泰宏观】拜登“基建计划”终告落地,符合预期",https://www.10100.com/article/65866357,full_mirror,clean,verified_from_configured_author_id,6,1965,,2021-11-07
huatai_macro-2021-11-07-华泰宏观-强出口-弱进口-顺差扩大,huatai_macro,华泰宏观,华泰证券宏观研究,configured_public_index,【华泰宏观】强出口+弱进口，顺差扩大,https://www.10100.com/article/65959116,full_mirror,clean,verified_from_configured_author_id,11,2535,,2021-11-07
cicc_perspective-2021-11-07-中金宏观-出口继续强劲-顺差创新高-10月进出口点评,cicc_perspective,中金点睛,中金宏观,team_channel,中金宏观 | 出口继续强劲，顺差创新高——10月进出口点评,https://www.10100.com/article/148029566,full_mirror,clean,verified_from_configured_author_id,13,2868,,2021-11-07
huatai_macro-2021-11-06-华泰宏观-非农就业增长再加速-服务业更强,huatai_macro,华泰宏观,华泰证券宏观研究,configured_public_index,【华泰宏观】非农就业增长再加速、服务业更强,https://www.10100.com/article/65959117,full_mirror,clean,verified_from_configured_author_id,10,2151,,2021-11-06
cicc_perspective-2021-11-06-中金宏观-升值的内与外-10月流动性观察,cicc_perspective,中金点睛,中金宏观,team_channel,中金宏观 | 升值的内与外——10月流动性观察,https://www.10100.com/article/148042349,full_mirror,clean,verified_from_configured_author_id,33,3267,,2021-11-06
cicc_perspective-2021-11-04-中金-Taper落地-加息不急,cicc_perspective,中金点睛,中金宏观,team_channel,中金：Taper落地，加息不急,https://www.10100.com/article/148035655,full_mirror,clean,verified_from_configured_author_id,4,1859,,2021-11-04
guolei_macro-2021-11-02-广发宏观-PMI连续第二个月处于50以下,guolei_macro,郭磊宏观茶座,广发证券,institutional_archive,【广发宏观】PMI连续第二个月处于50以下,https://www.10100.com/article/76476350,full_mirror,clean,verified_from_configured_author_id_and_title_signature,6,4613,,2021-11-02
cicc_perspective-2021-11-02-中金宏观-疫情影响消费-PPI再创新高-10月经济数据前瞻,cicc_perspective,中金点睛,中金宏观,team_channel,中金宏观 | 疫情影响消费，PPI再创新高——10月经济数据前瞻,https://www.10100.com/article/148042371,full_mirror,clean,verified_from_configured_author_id,3,2695,,2021-11-02
cicc_perspective-2021-11-01-中金宏观-无处安放-的需求,cicc_perspective,中金点睛,中金宏观,team_channel,中金宏观 | “无处安放”的需求,https://www.10100.com/article/148029217,full_mirror,clean,verified_from_configured_author_id,19,4252,,2021-11-01
huatai_macro-2021-10-31-华泰宏观-图解海外周报-跨境商旅重启渐次铺开-静待FOMC,huatai_macro,华泰宏观,华泰证券宏观研究,configured_public_index,【华泰宏观 | 图解海外周报】跨境商旅重启渐次铺开；静待FOMC,https://www.10100.com/article/65959152,full_mirror,clean,verified_from_configured_author_id,25,2671,,2021-10-31
cicc_perspective-2021-10-31-中金宏观-供给冲击程度加大-10月PMI点评,cicc_perspective,中金点睛,中金宏观,team_channel,中金宏观 | 供给冲击程度加大——10月PMI点评,https://www.10100.com/article/148035666,full_mirror,clean,verified_from_configured_author_id,26,4141,,2021-10-31
cicc_perspective-2021-10-31-中金宏观-10月CMI-量价继续背离-短缺边际缓解,cicc_perspective,中金点睛,中金宏观,team_channel,中金宏观 | 10月CMI——量价继续背离，短缺边际缓解,https://www.10100.com/article/148029585,full_mirror,clean,verified_from_configured_author_id,8,2821,,2021-10-31
huatai_macro-2021-10-30-华泰宏观-核心PCE-出行暂缓但供给瓶颈延续,huatai_macro,华泰宏观,华泰证券宏观研究,configured_public_index,【华泰宏观】核心PCE:出行暂缓但供给瓶颈延续,https://www.10100.com/article/65866327,full_mirror,clean,verified_from_configured_author_id,9,2208,,2021-10-30
huatai_macro-2021-10-29-华泰宏观-供给冲击下美国-3Q-增长远不及预期,huatai_macro,华泰宏观,华泰证券宏观研究,configured_public_index,【华泰宏观】供给冲击下美国 3Q 增长远不及预期,https://www.10100.com/article/65959107,full_mirror,clean,verified_from_configured_author_id,8,2107,,2021-10-29
cicc_perspective-2021-10-29-中金-就业-无远虑有近忧,cicc_perspective,中金点睛,中金宏观,team_channel,中金：就业，无远虑有近忧,https://www.10100.com/article/148042375,full_mirror,clean,verified_from_configured_author_id,50,12438,,2021-10-29
huatai_macro-2021-10-28-华泰宏观-视频-三季度及9月经济活动数据-增长是否-够差,huatai_macro,华泰宏观,华泰证券宏观研究,configured_public_index,【华泰宏观|视频】三季度及9月经济活动数据：增长是否“够差”,https://www.10100.com/article/65959150,full_mirror,clean,verified_from_configured_author_id,1,612,,2021-10-28
cicc_perspective-2021-10-27-中金宏观-财政补助力度或有所加大-9月工业企业利润点评,cicc_perspective,中金点睛,中金宏观,team_channel,中金宏观 | 财政补助力度或有所加大——9月工业企业利润点评,https://www.10100.com/article/148029221,full_mirror,clean,verified_from_configured_author_id,6,2229,,2021-10-27
cicc_perspective-2021-10-26-中金宏观探市-大通胀-对当下的启示,cicc_perspective,中金点睛,中金宏观,team_channel,中金宏观探市 | “大通胀”对当下的启示,https://www.10100.com/article/148029216,full_mirror,clean,verified_from_configured_author_id,11,6168,,2021-10-26
cicc_perspective-2021-10-26-中金宏观-全球大类资产之一-轮动体系,cicc_perspective,中金点睛,中金宏观,team_channel,中金宏观 | 全球大类资产之一：轮动体系,https://www.10100.com/article/148029215,full_mirror,clean,verified_from_configured_author_id,31,10722,,2021-10-26
cicc_perspective-2021-10-26-中金宏观-全球大类资产之一-打分卡,cicc_perspective,中金点睛,中金宏观,team_channel,中金宏观 | 全球大类资产之一：打分卡,https://www.10100.com/article/148042361,full_mirror,clean,verified_from_configured_author_id,67,9619,,2021-10-26
cicc_perspective-2021-10-26-中金宏观-全球大类资产之一-应对通胀,cicc_perspective,中金点睛,中金宏观,team_channel,中金宏观 | 全球大类资产之一：应对通胀,https://www.10100.com/article/148029432,full_mirror,clean,verified_from_configured_author_id,22,8511,,2021-10-26
cicc_perspective-2021-10-26-中金宏观-全球大类资产之一-宏观逻辑,cicc_perspective,中金点睛,中金宏观,team_channel,中金宏观 | 全球大类资产之一：宏观逻辑,https://www.10100.com/article/148042229,full_mirror,clean,verified_from_configured_author_id,23,11933,,2021-10-26
cicc_perspective-2021-10-26-中金宏观-全球大类资产之一-估值模型,cicc_perspective,中金点睛,中金宏观,team_channel,中金宏观 | 全球大类资产之一：估值模型,https://www.10100.com/article/148035662,full_mirror,clean,verified_from_configured_author_id,13,5118,,2021-10-26
cicc_perspective-2021-10-25-中金宏观丨房地产税试点扩围的几点思考,cicc_perspective,中金点睛,中金宏观,team_channel,中金宏观丨房地产税试点扩围的几点思考,https://www.10100.com/article/148035735,full_mirror,clean,verified_from_configured_author_id,7,3030,,2021-10-25
cicc_perspective-2021-10-25-中金宏观-拜登财政-还有多少可以期待,cicc_perspective,中金点睛,中金宏观,team_channel,中金宏观 | 拜登财政，还有多少可以期待？,https://www.10100.com/article/148029433,full_mirror,clean,verified_from_configured_author_id,18,4063,,2021-10-25
huatai_macro-2021-10-23-华泰宏观-支出乏力-财政宽松力度再走弱,huatai_macro,华泰宏观,华泰证券宏观研究,configured_public_index,【华泰宏观】支出乏力、财政宽松力度再走弱,https://www.10100.com/article/65959109,full_mirror,clean,verified_from_configured_author_id,15,2708,,2021-10-23
huatai_macro-2021-10-22-华泰宏观-媒体采访-华泰易峘-世界经济渐近复苏下的中国视角,huatai_macro,华泰宏观,华泰证券宏观研究,configured_public_index,【华泰宏观|媒体采访】华泰易峘：世界经济渐近复苏下的中国视角,https://www.10100.com/article/65959140,full_mirror,clean,verified_from_configured_author_id,1,689,,2021-10-22
cicc_perspective-2021-10-22-中金-美联储主席换届-影响几何,cicc_perspective,中金点睛,中金宏观,team_channel,中金：美联储主席换届，影响几何？,https://www.10100.com/article/148035670,full_mirror,clean,verified_from_configured_author_id,10,5304,,2021-10-22
cicc_perspective-2021-10-20-中金-强劲的人民币汇率将何去何从,cicc_perspective,中金点睛,中金宏观,team_channel,中金：强劲的人民币汇率将何去何从,https://www.10100.com/article/148042330,full_mirror,clean,verified_from_configured_author_id,11,2673,,2021-10-20
cicc_perspective-2021-10-20-中金-人民币汇率为何稳健,cicc_perspective,中金点睛,中金宏观,team_channel,中金：人民币汇率为何稳健,https://www.10100.com/article/148029015,full_mirror,clean,verified_from_configured_author_id,23,2406,,2021-10-20
cicc_perspective-2021-10-19-中金-供给冲击还在-调低全年增长预测,cicc_perspective,中金点睛,中金宏观,team_channel,中金：供给冲击还在，调低全年增长预测,https://www.10100.com/article/148035722,full_mirror,clean,verified_from_configured_author_id,8,3965,,2021-10-19
huatai_macro-2021-10-18-华泰宏观-图解海外周报-缺芯缓解生产加速-通胀预期再上行,huatai_macro,华泰宏观,华泰证券宏观研究,configured_public_index,【华泰宏观| 图解海外周报】缺芯缓解生产加速、通胀预期再上行,https://www.10100.com/article/65866282,full_mirror,clean,verified_from_configured_author_id,28,2879,,2021-10-18
cicc_perspective-2021-10-17-中金宏观-美国消费数据的喜与忧,cicc_perspective,中金点睛,中金宏观,team_channel,中金宏观 | 美国消费数据的喜与忧,https://www.10100.com/article/148042336,full_mirror,clean,verified_from_configured_author_id,20,3742,,2021-10-17
huatai_macro-2021-10-16-华泰宏观-缺芯边际缓解推动美国实物消费回升,huatai_macro,华泰宏观,华泰证券宏观研究,configured_public_index,【华泰宏观】缺芯边际缓解推动美国实物消费回升,https://www.10100.com/article/65959141,full_mirror,clean,verified_from_configured_author_id,7,1886,,2021-10-16
cicc_perspective-2021-10-15-电价或致PPI继续走高-电价或致PPI继续走高-21年9月通胀数据点评,cicc_perspective,中金点睛,中金宏观,team_channel,电价或致PPI继续走高 电价或致PPI继续走高——21年9月通胀数据点评,https://www.10100.com/article/148029406,full_mirror,clean,verified_from_configured_author_id,5,2608,,2021-10-15
cicc_perspective-2021-10-15-中金宏观-电价或致PPI继续走高-21年9月通胀数据点评,cicc_perspective,中金点睛,中金宏观,team_channel,中金宏观 | 电价或致PPI继续走高 ——21年9月通胀数据点评,https://www.10100.com/article/148029184,full_mirror,clean,verified_from_configured_author_id,5,2596,,2021-10-15
huatai_macro-2021-10-14-华泰宏观-实体需求快速走弱-货币扩张有心无力-月度金融数据点评,huatai_macro,华泰宏观,华泰证券宏观研究,configured_public_index,【华泰宏观】实体需求快速走弱，货币扩张有心无力|月度金融数据点评,https://www.10100.com/article/65866244,full_mirror,clean,verified_from_configured_author_id,11,2807,,2021-10-14
cicc_perspective-2021-10-14-中金宏观-运价下跌不代表外需走弱-9月进出口点评,cicc_perspective,中金点睛,中金宏观,team_channel,中金宏观 | 运价下跌不代表外需走弱—9月进出口点评,https://www.10100.com/article/148042322,full_mirror,clean,verified_from_configured_author_id,9,2475,,2021-10-14
huatai_macro-2021-10-13-华泰宏观-9月中国出口强-内需弱-进口落,huatai_macro,华泰宏观,华泰证券宏观研究,configured_public_index,【华泰宏观】9月中国出口强;内需弱、进口落,https://www.10100.com/article/65959078,full_mirror,clean,verified_from_configured_author_id,10,2139,,2021-10-13
cicc_perspective-2021-10-11-中金宏观探市-三重约束下的类滞胀,cicc_perspective,中金点睛,中金宏观,team_channel,中金宏观探市 | 三重约束下的类滞胀,https://www.10100.com/article/148035631,full_mirror,clean,verified_from_configured_author_id,29,3459,,2021-10-11
huatai_macro-2021-10-09-华泰宏观-非农不及预期-taper仍差临门一脚,huatai_macro,华泰宏观,华泰证券宏观研究,configured_public_index,【华泰宏观】非农不及预期，taper仍差临门一脚,https://www.10100.com/article/65866256,full_mirror,clean,verified_from_configured_author_id,10,2256,,2021-10-09
cicc_perspective-2021-10-09-中金宏观联合行业-煤电短缺-影响几何,cicc_perspective,中金点睛,中金宏观,team_channel,中金宏观联合行业 | 煤电短缺，影响几何？,https://www.10100.com/article/148035711,full_mirror,clean,verified_from_configured_author_id,29,10494,,2021-10-09
cicc_perspective-2021-10-09-中金宏观-补贴停了-为何美国就业没改善,cicc_perspective,中金点睛,中金宏观,team_channel,中金宏观 | 补贴停了，为何美国就业没改善？,https://www.10100.com/article/148099401,full_mirror,clean,verified_from_configured_author_id,21,5649,,2021-10-09
cicc_perspective-2021-10-09-中金宏观-大宗涨价-从-再通胀-到-类滞胀,cicc_perspective,中金点睛,中金宏观,team_channel,中金宏观 | 大宗涨价：从“再通胀”到“类滞胀”,https://www.10100.com/article/148029171,full_mirror,clean,verified_from_configured_author_id,10,2819,,2021-10-09
cicc_perspective-2021-10-09-中金宏观-国庆消费-比出行数据显示的强,cicc_perspective,中金点睛,中金宏观,team_channel,中金宏观 | 国庆消费，比出行数据显示的强,https://www.10100.com/article/148042189,full_mirror,clean,verified_from_configured_author_id,37,4796,,2021-10-09
huatai_macro-2021-10-08-华泰宏观-图解国内周报-长假消费偏弱-中资海外债震荡不止,huatai_macro,华泰宏观,华泰证券宏观研究,configured_public_index,【华泰宏观 | 图解国内周报】长假消费偏弱，中资海外债震荡不止,https://www.10100.com/article/65959080,full_mirror,clean,verified_from_configured_author_id,18,2363,,2021-10-08
cicc_perspective-2021-10-08-中金宏观-本轮关税豁免将小幅促进出口,cicc_perspective,中金点睛,中金宏观,team_channel,中金宏观 | 本轮关税豁免将小幅促进出口,https://www.10100.com/article/148035714,full_mirror,clean,verified_from_configured_author_id,4,2208,,2021-10-08
cicc_perspective-2021-10-08-中金-双限-双控加大工业分化,cicc_perspective,中金点睛,中金宏观,team_channel,中金：双限、双控加大工业分化,https://www.10100.com/article/148029410,full_mirror,clean,verified_from_configured_author_id,31,6452,,2021-10-08
huatai_macro-2021-10-07-华泰宏观-9-月外储估值下跌但外汇或继续流入,huatai_macro,华泰宏观,华泰证券宏观研究,configured_public_index,【华泰宏观】9 月外储估值下跌但外汇或继续流入,https://www.10100.com/article/65866310,full_mirror,clean,verified_from_configured_author_id,7,1808,,2021-10-07
cicc_perspective-2021-10-07-中金宏观-经济放缓-PPI或再创新高-9月经济数据前瞻,cicc_perspective,中金点睛,中金宏观,team_channel,中金宏观 | 经济放缓，PPI或再创新高——9月经济数据前瞻,https://www.10100.com/article/148042324,full_mirror,clean,verified_from_configured_author_id,2,2807,,2021-10-07
cicc_perspective-2021-10-06-中金宏观-曲线平坦化之后-利率如何演变-9月流动性观察,cicc_perspective,中金点睛,中金宏观,team_channel,中金宏观 | 曲线平坦化之后，利率如何演变？ —— 9月流动性观察,https://www.10100.com/article/148029172,full_mirror,clean,verified_from_configured_author_id,27,2936,,2021-10-06
cicc_perspective-2021-10-02-中金宏观-8月LEI-领先指数再跌-供需两端承压,cicc_perspective,中金点睛,中金宏观,team_channel,中金宏观 | 8月LEI—— 领先指数再跌，供需两端承压,https://www.10100.com/article/148035637,full_mirror,clean,verified_from_configured_author_id,6,2505,,2021-10-02
huatai_macro-2021-09-30-华泰宏观-PMI-制造业景气度疫后首次跌至收缩区间,huatai_macro,华泰宏观,华泰证券宏观研究,configured_public_index,【华泰宏观】PMI：制造业景气度疫后首次跌至收缩区间,https://www.10100.com/article/65866313,full_mirror,clean,verified_from_configured_author_id,9,2213,,2021-09-30
cicc_perspective-2021-09-30-中金宏观-限电影响中上游生产-9月PMI点评,cicc_perspective,中金点睛,中金宏观,team_channel,中金宏观 | 限电影响中上游生产——9月PMI点评,https://www.10100.com/article/148029411,full_mirror,clean,verified_from_configured_author_id,6,1983,,2021-09-30
cicc_perspective-2021-09-29-中金宏观-出口受台风扰动小于7月,cicc_perspective,中金点睛,中金宏观,team_channel,中金宏观 | 出口受台风扰动小于7月,https://www.10100.com/article/148029416,full_mirror,clean,verified_from_configured_author_id,27,4310,,2021-09-29
cicc_perspective-2021-09-28-中金宏观-强调精准发力和政策协调-三季度货币政策例会点评,cicc_perspective,中金点睛,中金宏观,team_channel,中金宏观 | 强调精准发力和政策协调 ——三季度货币政策例会点评,https://www.10100.com/article/148029020,full_mirror,clean,verified_from_configured_author_id,3,1797,,2021-09-28
cicc_perspective-2021-09-28-中金宏观-9月CMI-经济连月走弱-能源短缺或将持续,cicc_perspective,中金点睛,中金宏观,team_channel,中金宏观 | 9月CMI——经济连月走弱，能源短缺或将持续,https://www.10100.com/article/148035647,full_mirror,clean,verified_from_configured_author_id,8,2128,,2021-09-28
cicc_perspective-2021-09-27-美国供应链问题再度发酵,cicc_perspective,中金点睛,中金宏观,team_channel,美国供应链问题再度发酵,https://www.10100.com/article/148029024,full_mirror,clean,verified_from_configured_author_id,17,4064,,2021-09-27
cicc_perspective-2021-09-27-中金-能耗双控的经济影响,cicc_perspective,中金点睛,中金宏观,team_channel,中金：能耗双控的经济影响,https://www.10100.com/article/148029555,full_mirror,clean,verified_from_configured_author_id,27,8526,,2021-09-27
cicc_perspective-2021-09-27-中金-大幅提高四季度出口预测,cicc_perspective,中金点睛,中金宏观,team_channel,中金：大幅提高四季度出口预测,https://www.10100.com/article/148042196,full_mirror,clean,verified_from_configured_author_id,13,5330,,2021-09-27
huatai_macro-2021-09-26-华泰宏观-图解国内周报-能耗双控-生产降速-消费维持弱势,huatai_macro,华泰宏观,华泰证券宏观研究,configured_public_index,【华泰宏观 | 图解国内周报】“能耗双控”生产降速，消费维持弱势,https://www.10100.com/article/65866369,full_mirror,clean,verified_from_configured_author_id,18,2416,,2021-09-26
cicc_perspective-2021-09-24-中金-宏观眼中的科技股,cicc_perspective,中金点睛,中金宏观,team_channel,中金：宏观眼中的科技股,https://www.10100.com/article/148029417,full_mirror,clean,verified_from_configured_author_id,61,23194,,2021-09-24
xuetao_macro-2021-09-23-能源双控如何影响经济和行业-天风宏观宋雪涛,xuetao_macro,雪涛宏观笔记,雪涛宏观笔记,exact,能源双控如何影响经济和行业?(天风宏观宋雪涛),https://m.21jingji.com/article/20210929/herald/53d14dfc6bb2cb1063e475de4bc1ef0e.html,full_mirror,clean,verified_from_publisher_label,8,4124,,2021-09-23
cicc_perspective-2021-09-22-中金宏观-财政支出仍需加速,cicc_perspective,中金点睛,中金宏观,team_channel,中金宏观 | 财政支出仍需加速,https://www.10100.com/article/148029056,full_mirror,clean,verified_from_configured_author_id,7,3153,,2021-09-22
cicc_perspective-2021-09-20-中金宏观-FOMC前瞻-关注Taper指引,cicc_perspective,中金点睛,中金宏观,team_channel,中金宏观 | FOMC前瞻：关注Taper指引,https://www.10100.com/article/148035744,full_mirror,clean,verified_from_configured_author_id,14,3225,,2021-09-20
huatai_macro-2021-09-17-华泰宏观-8月财政数据点评-财政边际宽松-基建支出率先发力,huatai_macro,华泰宏观,华泰证券宏观研究,configured_public_index,【华泰宏观】8月财政数据点评：财政边际宽松，基建支出率先发力,https://www.10100.com/article/65959113,full_mirror,clean,verified_from_configured_author_id,16,2839,,2021-09-17
guolei_macro-2021-09-17-广发宏观贺骁束-9月经济初窥,guolei_macro,郭磊宏观茶座,郭磊宏观茶座,exact,【广发宏观贺骁束】9月经济初窥,https://finance.sina.cn/2023-09-18/detail-imznarkp0146159.d.html?cref=cj,full_mirror,clean,verified_from_publisher_label,10,4463,,2021-09-17
huatai_macro-2021-09-15-华泰宏观-评美国8月CPI-逐渐-越过山丘,huatai_macro,华泰宏观,华泰证券宏观研究,configured_public_index,【华泰宏观】评美国8月CPI：逐渐“越过山丘”,https://www.10100.com/article/65866341,full_mirror,clean,verified_from_configured_author_id,10,2239,,2021-09-15
cicc_perspective-2021-09-15-中金宏观-关注线上消费与疫情背离-8月经济数据点评,cicc_perspective,中金点睛,中金宏观,team_channel,中金宏观 | 关注线上消费与疫情背离——8月经济数据点评,https://www.10100.com/article/148029592,full_mirror,clean,verified_from_configured_author_id,5,2898,,2021-09-15
cicc_perspective-2021-09-14-中金宏观探市-债务上限岔路口的资产价格,cicc_perspective,中金点睛,中金宏观,team_channel,中金宏观探市 | 债务上限岔路口的资产价格,https://www.10100.com/article/148035672,full_mirror,clean,verified_from_configured_author_id,23,3018,,2021-09-14
cicc_perspective-2021-09-14-中金宏观-年内新基建投资将加速,cicc_perspective,中金点睛,中金宏观,team_channel,中金宏观 | 年内新基建投资将加速,https://www.10100.com/article/148029224,full_mirror,clean,verified_from_configured_author_id,4,2948,,2021-09-14
cicc_perspective-2021-09-14-中金宏观-供给收缩-美国PPI通胀之殇,cicc_perspective,中金点睛,中金宏观,team_channel,中金宏观 | 供给收缩：美国PPI通胀之殇,https://www.10100.com/article/148042387,full_mirror,clean,verified_from_configured_author_id,18,3686,,2021-09-14
cicc_perspective-2021-09-13-中金宏观-不再借钱渡难关也导致信贷弱-2021年8月金融数据点评,cicc_perspective,中金点睛,中金宏观,team_channel,中金宏观 | 不再借钱渡难关也导致信贷弱——2021年8月金融数据点评,https://www.10100.com/article/148029424,full_mirror,clean,verified_from_configured_author_id,6,2407,,2021-09-13
huatai_macro-2021-09-12-华泰宏观-图解国内周报-上游供给再收紧-8月社融仍偏弱,huatai_macro,华泰宏观,华泰证券宏观研究,configured_public_index,【华泰宏观 | 图解国内周报】上游供给再收紧、8月社融仍偏弱,https://www.10100.com/article/65959163,full_mirror,clean,verified_from_configured_author_id,19,2396,,2021-09-12
cicc_perspective-2021-09-10-中金宏观-欧央行微调购债计划-态度仍偏鸽,cicc_perspective,中金点睛,中金宏观,team_channel,中金宏观 | 欧央行微调购债计划，态度仍偏鸽,https://www.10100.com/article/148042352,full_mirror,clean,verified_from_configured_author_id,8,2298,,2021-09-10
cicc_perspective-2021-09-09-中金宏观-供给和疫情加重通胀冰火两重天-2021年8月通胀数据点评,cicc_perspective,中金点睛,中金宏观,team_channel,中金宏观 | 供给和疫情加重通胀冰火两重天——2021年8月通胀数据点评,https://www.10100.com/article/148029214,full_mirror,clean,verified_from_configured_author_id,2,1351,,2021-09-09
huatai_macro-2021-09-07-华泰宏观-深度-初探-共同富裕-的发展与改革之路,huatai_macro,华泰宏观,华泰证券宏观研究,configured_public_index,【华泰宏观|深度】初探“共同富裕”的发展与改革之路,https://www.10100.com/article/65866391,full_mirror,clean,verified_from_configured_author_id,27,19788,,2021-09-07
huatai_macro-2021-09-07-华泰宏观-8-月进出口均超预期反弹,huatai_macro,华泰宏观,华泰证券宏观研究,configured_public_index,【华泰宏观】8 月进出口均超预期反弹,https://www.10100.com/article/65959120,full_mirror,clean,verified_from_configured_author_id,7,1864,,2021-09-07
cicc_perspective-2021-09-07-中金宏观-台风后出口赶工-8月进出口点评,cicc_perspective,中金点睛,中金宏观,team_channel,中金宏观 | 台风后出口赶工——8月进出口点评,https://www.10100.com/article/148035734,full_mirror,clean,verified_from_configured_author_id,8,2206,,2021-09-07
cicc_perspective-2021-09-06-中金宏观探市-弱非农不等于弱市场,cicc_perspective,中金点睛,中金宏观,team_channel,中金宏观探市 | 弱非农不等于弱市场,https://www.10100.com/article/148042353,full_mirror,clean,verified_from_configured_author_id,19,2280,,2021-09-06
cicc_perspective-2021-09-06-中金宏观-再谈年内宽财政的方向,cicc_perspective,中金点睛,中金宏观,team_channel,中金宏观 | 再谈年内宽财政的方向,https://www.10100.com/article/148029425,full_mirror,clean,verified_from_configured_author_id,29,3730,,2021-09-06
cicc_perspective-2021-09-06-中金-供给约束持续-行业分化明显,cicc_perspective,中金点睛,中金宏观,team_channel,中金：供给约束持续，行业分化明显,https://www.10100.com/article/148029048,full_mirror,clean,verified_from_configured_author_id,24,4883,,2021-09-06
cicc_perspective-2021-09-05-中金宏观-弱非农与-滞胀-情绪,cicc_perspective,中金点睛,中金宏观,team_channel,中金宏观 | 弱非农与“滞胀”情绪,https://www.10100.com/article/148035736,full_mirror,clean,verified_from_configured_author_id,20,5146,,2021-09-05
huatai_macro-2021-09-03-华泰宏观-8月数据预览-内需走弱-消费尤甚,huatai_macro,华泰宏观,华泰证券宏观研究,configured_public_index,【华泰宏观】8月数据预览：内需走弱、消费尤甚,https://www.10100.com/article/65959172,full_mirror,clean,verified_from_configured_author_id,6,2129,,2021-09-03
cicc_perspective-2021-09-01-中金宏观-消费继续回落-PPI继续上升-8月经济数据前瞻,cicc_perspective,中金点睛,中金宏观,team_channel,中金宏观 | 消费继续回落，PPI继续上升——8月经济数据前瞻,https://www.10100.com/article/148029568,full_mirror,clean,verified_from_configured_author_id,3,2687,,2021-09-01
huatai_macro-2021-08-31-华泰宏观-制造业景气度继续下行-服务业走弱,huatai_macro,华泰宏观,华泰证券宏观研究,configured_public_index,【华泰宏观】制造业景气度继续下行，服务业走弱,https://www.10100.com/article/65866351,full_mirror,clean,verified_from_configured_author_id,9,2186,,2021-08-31
cicc_perspective-2021-08-31-中金宏观-经济活动走弱-部分反映临时因素-8月PMI点评,cicc_perspective,中金点睛,中金宏观,team_channel,中金宏观 | 经济活动走弱，部分反映临时因素——8月PMI点评,https://www.10100.com/article/148042228,full_mirror,clean,verified_from_configured_author_id,6,1995,,2021-08-31
zhongzhengsheng-2021-08-30-钟正生-跨周期调节下的中国经济,zhongzhengsheng,钟正生经济分析,钟正生经济分析,exact,钟正生:跨周期调节下的中国经济,https://m.yicai.com/news/101159933.html,full_mirror,clean,verified_from_publisher_label,7,15167,,2021-08-30
huatai_macro-2021-08-30-华泰宏观-图说研报-下行压力加剧-调低增长预期,huatai_macro,华泰宏观,华泰证券宏观研究,configured_public_index,【华泰宏观 | 图说研报】下行压力加剧，调低增长预期,https://www.10100.com/article/65866356,full_mirror,clean,verified_from_configured_author_id,9,607,,2021-08-30
huatai_macro-2021-08-29-华泰宏观-图解国内周报-服务消费有所恢复-上游盈利高增长,huatai_macro,华泰宏观,华泰证券宏观研究,configured_public_index,【华泰宏观 | 图解国内周报】服务消费有所恢复，上游盈利高增长,https://www.10100.com/article/65959149,full_mirror,clean,verified_from_configured_author_id,18,2396,,2021-08-29
cicc_perspective-2021-08-29-中金宏观-8月CMI-经济景气多维度走弱,cicc_perspective,中金点睛,中金宏观,team_channel,中金宏观 | 8月CMI—经济景气多维度走弱,https://www.10100.com/article/148035661,full_mirror,clean,verified_from_configured_author_id,6,3098,,2021-08-29
cicc_perspective-2021-08-29-中金宏观-7月LEI-领先指数续弱-政策支持加大可期,cicc_perspective,中金点睛,中金宏观,team_channel,中金宏观 | 7月LEI—领先指数续弱，政策支持加大可期,https://www.10100.com/article/148029430,full_mirror,clean,verified_from_configured_author_id,6,2387,,2021-08-29
cicc_perspective-2021-08-28-中金宏观-美联储Taper指南,cicc_perspective,中金点睛,中金宏观,team_channel,中金宏观 | 美联储Taper指南,https://www.10100.com/article/148042251,full_mirror,clean,verified_from_configured_author_id,8,4534,,2021-08-28
cicc_perspective-2021-08-28-中金宏观-上游价格上涨-支撑利润改善-7月利润数据点评,cicc_perspective,中金点睛,中金宏观,team_channel,中金宏观 | 上游价格上涨，支撑利润改善——7月利润数据点评,https://www.10100.com/article/148029222,full_mirror,clean,verified_from_configured_author_id,10,1907,,2021-08-28
huatai_macro-2021-08-26-华泰宏观-深度-地产周期降温对增长影响几何,huatai_macro,华泰宏观,华泰证券宏观研究,configured_public_index,【华泰宏观 | 深度】地产周期降温对增长影响几何？,https://www.10100.com/article/65959108,full_mirror,clean,verified_from_configured_author_id,36,11634,,2021-08-26
guolei_macro-2021-08-25-广发宏观吴棋滢-明年财政节奏较大概率是前置,guolei_macro,郭磊宏观茶座,郭磊宏观茶座,exact,【广发宏观吴棋滢】明年财政节奏较大概率是前置,https://www.163.com/dy/article/GIAOMVIJ0519QIKK.html,full_mirror,clean,verified_from_publisher_label,4,3288,,2021-08-25
cicc_perspective-2021-08-24-中金宏观探市-避险情绪与收紧预期的矛盾,cicc_perspective,中金点睛,中金宏观,team_channel,中金宏观探市 | 避险情绪与收紧预期的矛盾,https://www.10100.com/article/148042253,full_mirror,clean,verified_from_configured_author_id,20,2468,,2021-08-24
cicc_perspective-2021-08-24-中金-盘点下半年宽财政的措施,cicc_perspective,中金点睛,中金宏观,team_channel,中金：盘点下半年宽财政的措施,https://www.10100.com/article/148029589,full_mirror,clean,verified_from_configured_author_id,24,5647,,2021-08-24
cicc_perspective-2021-08-23-中金宏观-消费-继续在分化中缓慢复苏,cicc_perspective,中金点睛,中金宏观,team_channel,中金宏观 | 消费，继续在分化中缓慢复苏,https://www.10100.com/article/148029055,full_mirror,clean,verified_from_configured_author_id,49,9791,,2021-08-23
cicc_perspective-2021-08-22-中金宏观-避险背后-疫情反弹与Taper担忧,cicc_perspective,中金点睛,中金宏观,team_channel,中金宏观 | 避险背后：疫情反弹与Taper担忧,https://www.10100.com/article/148029456,full_mirror,clean,verified_from_configured_author_id,18,4626,,2021-08-22
cicc_perspective-2021-08-20-中金宏观-贸易摩擦加剧美国通胀,cicc_perspective,中金点睛,中金宏观,team_channel,中金宏观 | 贸易摩擦加剧美国通胀,https://www.10100.com/article/148042230,full_mirror,clean,verified_from_configured_author_id,19,4127,,2021-08-20
huatai_macro-2021-08-17-华泰宏观-首席研究框架-如何在市场中运用宏观经济分析,huatai_macro,华泰宏观,华泰证券宏观研究,configured_public_index,【华泰宏观】首席研究框架：如何在市场中运用宏观经济分析,https://www.10100.com/article/65959112,full_mirror,clean,verified_from_configured_author_id,4,746,,2021-08-17
cicc_perspective-2021-08-16-中金宏观-美国债务上限变数增加,cicc_perspective,中金点睛,中金宏观,team_channel,中金宏观 | 美国债务上限变数增加,https://www.10100.com/article/148042370,full_mirror,clean,verified_from_configured_author_id,20,6458,,2021-08-16
cicc_perspective-2021-08-16-中金宏观-数据走弱过半或源于临时性因素-7月经济数据点评,cicc_perspective,中金点睛,中金宏观,team_channel,中金宏观 | 数据走弱过半或源于临时性因素——7月经济数据点评,https://www.10100.com/article/148029051,full_mirror,clean,verified_from_configured_author_id,2,3409,,2021-08-16
cicc_perspective-2021-08-16-中金宏观-不宜用中美利率联动解释利率下行,cicc_perspective,中金点睛,中金宏观,team_channel,中金宏观 | 不宜用中美利率联动解释利率下行,https://www.10100.com/article/148029435,full_mirror,clean,verified_from_configured_author_id,9,4421,,2021-08-16
cicc_perspective-2021-08-16-中金-疫情反弹对增长影响多大,cicc_perspective,中金点睛,中金宏观,team_channel,中金：疫情反弹对增长影响多大？,https://www.10100.com/article/148035739,full_mirror,clean,verified_from_configured_author_id,21,7865,,2021-08-16
cicc_perspective-2021-08-16-中金-全球外汇周报-量化美联储的调子,cicc_perspective,中金点睛,中金宏观,team_channel,中金 | 全球外汇周报：量化美联储的调子,https://www.10100.com/article/148035667,full_mirror,clean,verified_from_configured_author_id,15,5877,,2021-08-16
huatai_macro-2021-08-15-华泰宏观-图解海外周报-美国CPI低于预期-基建计划获通过,huatai_macro,华泰宏观,华泰证券宏观研究,configured_public_index,【华泰宏观 | 图解海外周报】美国CPI低于预期;基建计划获通过,https://www.10100.com/article/65866332,full_mirror,clean,verified_from_configured_author_id,27,2874,,2021-08-15
huatai_macro-2021-08-12-华泰宏观-美国CPI-低于预期但通胀显-粘性,huatai_macro,华泰宏观,华泰证券宏观研究,configured_public_index,【华泰宏观】美国CPI：低于预期但通胀显“粘性”,https://www.10100.com/article/65866397,full_mirror,clean,verified_from_configured_author_id,10,2237,,2021-08-12
cicc_perspective-2021-08-12-美国通胀保持高位-风险未解除,cicc_perspective,中金点睛,中金宏观,team_channel,美国通胀保持高位，风险未解除,https://www.10100.com/article/148029438,full_mirror,clean,verified_from_configured_author_id,8,1832,,2021-08-12
huatai_macro-2021-08-11-华泰宏观-地产与地方平台紧监管下社融再减速-月度金融数据点评,huatai_macro,华泰宏观,华泰证券宏观研究,configured_public_index,【华泰宏观】地产与地方平台紧监管下社融再减速|月度金融数据点评,https://www.10100.com/article/65959129,full_mirror,clean,verified_from_configured_author_id,10,2710,,2021-08-11
cicc_perspective-2021-08-10-中金宏观-稳字当头-勿过分期待松货币-二季度货币政策执行报告点评,cicc_perspective,中金点睛,中金宏观,team_channel,中金宏观 | 稳字当头，勿过分期待松货币 ——二季度货币政策执行报告点评,https://www.10100.com/article/148029053,full_mirror,clean,verified_from_configured_author_id,3,2498,,2021-08-10
huatai_macro-2021-08-09-华泰宏观-今日开启-行知云峰会主题演讲-如何为长期增长-做加法,huatai_macro,华泰宏观,华泰证券宏观研究,configured_public_index,【华泰宏观】今日开启！行知云峰会主题演讲：如何为长期增长“做加法”,https://www.10100.com/article/65959178,full_mirror,clean,verified_from_configured_author_id,4,709,,2021-08-09
huatai_macro-2021-08-09-华泰宏观-PPI再-触9-CPI环比开始攀升,huatai_macro,华泰宏观,华泰证券宏观研究,configured_public_index,【华泰宏观】PPI再“触9”，CPI环比开始攀升,https://www.10100.com/article/65866411,full_mirror,clean,verified_from_configured_author_id,9,2262,,2021-08-09
guolei_macro-2021-08-09-广发宏观郭磊-通胀数据如何理解,guolei_macro,郭磊宏观茶座,郭磊宏观茶座,exact,【广发宏观郭磊】通胀数据如何理解,https://finance.sina.com.cn/stock/stockzmt/2021-08-10/doc-ikqciyzm0535652.shtml,full_mirror,clean,verified_from_publisher_label,13,2444,,2021-08-09
cicc_perspective-2021-08-09-中金宏观-剪刀差再创新高-保供稳价仍是重点-2021年7月物价点评,cicc_perspective,中金点睛,中金宏观,team_channel,中金宏观 | 剪刀差再创新高，保供稳价仍是重点 ——2021年7月物价点评,https://www.10100.com/article/148035738,full_mirror,clean,verified_from_configured_author_id,2,1900,,2021-08-09
huatai_macro-2021-08-08-华泰宏观-图解海外周报-非农好于预期-美债利率反弹,huatai_macro,华泰宏观,华泰证券宏观研究,configured_public_index,【华泰宏观 | 图解海外周报】非农好于预期、美债利率反弹,https://www.10100.com/article/65866412,full_mirror,clean,verified_from_configured_author_id,78,8269,,2021-08-08
huatai_macro-2021-08-07-华泰宏观-出口增长略放缓-内需走弱-顺差扩大,huatai_macro,华泰宏观,华泰证券宏观研究,configured_public_index,"【华泰宏观】出口增长略放缓;内需走弱,顺差扩大",https://www.10100.com/article/65866403,full_mirror,clean,verified_from_configured_author_id,10,2055,,2021-08-07
cicc_perspective-2021-08-07-中金宏观-非农超预期-关注联储Taper沟通,cicc_perspective,中金点睛,中金宏观,team_channel,中金宏观 | 非农超预期，关注联储Taper沟通,https://www.10100.com/article/148029587,full_mirror,clean,verified_from_configured_author_id,19,5075,,2021-08-07
cicc_perspective-2021-08-07-中金宏观-出口动能比数据显示的强劲-7月进出口点评,cicc_perspective,中金点睛,中金宏观,team_channel,中金宏观 | 出口动能比数据显示的强劲——7月进出口点评,https://www.10100.com/article/148042380,full_mirror,clean,verified_from_configured_author_id,9,1847,,2021-08-07
guolei_macro-2021-08-03-广发宏观-央行2021年下半年工作会议解读,guolei_macro,郭磊宏观茶座,广发证券,institutional_archive,【广发宏观】央行2021年下半年工作会议解读,https://www.10100.com/article/76490709,full_mirror,clean,verified_from_configured_author_id_and_title_signature,1,6789,,2021-08-03
cicc_perspective-2021-08-03-中金-探秘美元流动性之一-货币市场-流动性的-蓄水池,cicc_perspective,中金点睛,中金宏观,team_channel,中金 | 探秘美元流动性之一： 货币市场-流动性的“蓄水池”,https://www.10100.com/article/148029060,full_mirror,clean,verified_from_configured_author_id,19,10854,,2021-08-03
cicc_perspective-2021-08-03-中金-全球外汇周报-趋于平静,cicc_perspective,中金点睛,中金宏观,team_channel,中金 | 全球外汇周报：趋于平静,https://www.10100.com/article/148035749,full_mirror,clean,verified_from_configured_author_id,22,6997,,2021-08-03
yiyuzhongde-2021-08-02-华创宏观-张瑜团队-美国通胀再添风险-干旱来了-6月美国PCE数据点评-海外双周报第14期,yiyuzhongde,一瑜中的,一瑜中的,exact,【华创宏观·张瑜团队】美国通胀再添风险:干旱来了——6月美国PCE数据点评&海外双周报第14期,https://m.gelonghui.com/p/478619,full_mirror,clean,verified_from_publisher_label,23,7705,,2021-08-02
huatai_macro-2021-08-02-华泰宏观-图解海外月报-海外-供给制约犹存-通胀高位上行,huatai_macro,华泰宏观,华泰证券宏观研究,configured_public_index,【华泰宏观 | 图解海外月报】海外：供给制约犹存，通胀高位上行,https://www.10100.com/article/65866407,full_mirror,clean,verified_from_configured_author_id,27,2781,,2021-08-02
cicc_perspective-2021-08-02-中金宏观探市-实际利率新低-市场交易滞涨,cicc_perspective,中金点睛,中金宏观,team_channel,中金宏观探市 | 实际利率新低，市场交易滞涨,https://www.10100.com/article/148042262,full_mirror,clean,verified_from_configured_author_id,20,2501,,2021-08-02
cicc_perspective-2021-08-02-中金宏观-经济活动偏弱-PPI通胀走强-7月经济数据前瞻,cicc_perspective,中金点睛,中金宏观,team_channel,中金宏观 | 经济活动偏弱，PPI通胀走强——7月经济数据前瞻,https://www.10100.com/article/148029598,full_mirror,clean,verified_from_configured_author_id,20,4279,,2021-08-02
guolei_macro-2021-08-01-广发宏观郭磊-PMI和BCI反映的7月经济,guolei_macro,郭磊宏观茶座,郭磊宏观茶座,exact,【广发宏观郭磊】PMI和BCI反映的7月经济,https://finance.ifeng.com/c/88PFPtNBHtM,full_mirror,clean,verified_from_publisher_label,2,3594,,2021-08-01
cicc_perspective-2021-08-01-中金宏观-美国补库存陷入泥潭,cicc_perspective,中金点睛,中金宏观,team_channel,中金宏观 | 美国补库存陷入泥潭,https://www.10100.com/article/148035676,full_mirror,clean,verified_from_configured_author_id,19,4109,,2021-08-01
cicc_perspective-2021-08-01-中金宏观-供给因素放大回落程度-7月PMI点评,cicc_perspective,中金点睛,中金宏观,team_channel,中金宏观 | 供给因素放大回落程度——7月PMI点评,https://www.10100.com/article/148029061,full_mirror,clean,verified_from_configured_author_id,7,1962,,2021-08-01
huatai_macro-2021-07-31-华泰宏观-形势判断更谨慎-防风险并-做加法-7月政治局会议点评,huatai_macro,华泰宏观,华泰证券宏观研究,configured_public_index,【华泰宏观】形势判断更谨慎，防风险并“做加法”——7月政治局会议点评,https://www.10100.com/article/65959132,full_mirror,clean,verified_from_configured_author_id,6,1785,,2021-07-31
huatai_macro-2021-07-30-华泰宏观-供给瓶颈压制美国GDP回升速度,huatai_macro,华泰宏观,华泰证券宏观研究,configured_public_index,【华泰宏观】供给瓶颈压制美国GDP回升速度,https://www.10100.com/article/65866415,full_mirror,clean,verified_from_configured_author_id,7,2005,,2021-07-30
cicc_perspective-2021-07-30-中金宏观-美国供给约束抑制增长,cicc_perspective,中金点睛,中金宏观,team_channel,中金宏观 | 美国供给约束抑制增长,https://www.10100.com/article/148029475,full_mirror,clean,verified_from_configured_author_id,4,1570,,2021-07-30
cicc_perspective-2021-07-30-中金宏观-不宜过分期待-松货币,cicc_perspective,中金点睛,中金宏观,team_channel,中金宏观 | 不宜过分期待“松货币”,https://www.10100.com/article/148042395,full_mirror,clean,verified_from_configured_author_id,26,9211,,2021-07-30
cicc_perspective-2021-07-30-中金宏观-7月30日政治局会议点评-政策着眼明年,cicc_perspective,中金点睛,中金宏观,team_channel,中金宏观 | 7月30日政治局会议点评：政策着眼明年,https://www.10100.com/article/148029474,full_mirror,clean,verified_from_configured_author_id,3,1920,,2021-07-30
cicc_perspective-2021-07-30-中金LEI-LEI走弱-疫情疤痕困扰消费,cicc_perspective,中金点睛,中金宏观,team_channel,中金LEI | LEI走弱，疫情疤痕困扰消费,https://www.10100.com/article/148029229,full_mirror,clean,verified_from_configured_author_id,13,2639,,2021-07-30
cicc_perspective-2021-07-30-中金CMI-地产加速走弱-工业品价格上涨,cicc_perspective,中金点睛,中金宏观,team_channel,中金CMI | 地产加速走弱，工业品价格上涨,https://www.10100.com/article/148035751,full_mirror,clean,verified_from_configured_author_id,6,2161,,2021-07-30
zhongzhengsheng-2021-07-29-如何理解美联储的-谜之自信-2021年7月美联储议息会议简评,zhongzhengsheng,钟正生经济分析,钟正生经济分析,exact,如何理解美联储的“谜之自信”?——2021年7月美联储议息会议简评,https://finance.ifeng.com/c/88GX3tdkvDD,full_mirror,clean,verified_from_publisher_label,3,4717,,2021-07-29
huatai_macro-2021-07-29-华泰宏观-7月FOMC-有所进展-静待7月非农,huatai_macro,华泰宏观,华泰证券宏观研究,configured_public_index,"【华泰宏观】7月FOMC:有所进展,静待7月非农",https://www.10100.com/article/65959184,full_mirror,clean,verified_from_configured_author_id,7,2182,,2021-07-29
cicc_perspective-2021-07-28-中金宏观-平稳回落-下游受到挤压加剧-6月工业企业利润点评,cicc_perspective,中金点睛,中金宏观,team_channel,中金宏观 | 平稳回落，下游受到挤压加剧——6月工业企业利润点评,https://www.10100.com/article/148042269,full_mirror,clean,verified_from_configured_author_id,6,1935,,2021-07-28
cicc_perspective-2021-07-27-中金宏观-低估通胀后-美联储或再次犯错,cicc_perspective,中金点睛,中金宏观,team_channel,中金宏观 | 低估通胀后，美联储或再次犯错,https://www.10100.com/article/148029231,full_mirror,clean,verified_from_configured_author_id,16,7786,,2021-07-27
huatai_macro-2021-07-26-华泰宏观-深度-为何近期美国通胀可能继续超预期,huatai_macro,华泰宏观,华泰证券宏观研究,configured_public_index,【华泰宏观 | 深度】为何近期美国通胀可能继续超预期？,https://www.10100.com/article/65866417,full_mirror,clean,verified_from_configured_author_id,22,10519,,2021-07-26
cicc_perspective-2021-07-26-中金宏观-FOMC前瞻-疫情反复-保持耐心,cicc_perspective,中金点睛,中金宏观,team_channel,中金宏观 | FOMC前瞻：疫情反复，保持耐心,https://www.10100.com/article/148035687,full_mirror,clean,verified_from_configured_author_id,14,3999,,2021-07-26
huatai_macro-2021-07-25-华泰宏观-图解国内周报-极端天气扰动供需-地产调控再加码-20210725,huatai_macro,华泰宏观,华泰证券宏观研究,configured_public_index,【华泰宏观 | 图解国内周报】极端天气扰动供需，地产调控再加码（20210725）,https://www.10100.com/article/65959169,full_mirror,clean,verified_from_configured_author_id,21,2688,,2021-07-25
cicc_perspective-2021-07-25-中金宏观-制造业投资有点-虚火,cicc_perspective,中金点睛,中金宏观,team_channel,中金宏观 | 制造业投资有点“虚火”,https://www.10100.com/article/148029481,full_mirror,clean,verified_from_configured_author_id,29,4360,,2021-07-25
cicc_perspective-2021-07-19-中金宏观-乡村消费大变局,cicc_perspective,中金点睛,中金宏观,team_channel,中金宏观 | 乡村消费大变局,https://www.10100.com/article/148029199,full_mirror,clean,verified_from_configured_author_id,27,3819,,2021-07-19
huatai_macro-2021-07-18-华泰宏观-图解海外周报-通胀再攀升-联储勉力维持鸽派立场-20210718,huatai_macro,华泰宏观,华泰证券宏观研究,configured_public_index,【华泰宏观 | 图解海外周报】通胀再攀升、联储勉力维持鸽派立场（20210718）,https://www.10100.com/article/65959114,full_mirror,clean,verified_from_configured_author_id,37,2906,,2021-07-18
huatai_macro-2021-07-18-华泰宏观-图解国内周报-高温推升用电需求-流动性边际宽松-20210718,huatai_macro,华泰宏观,华泰证券宏观研究,configured_public_index,【华泰宏观 | 图解国内周报】高温推升用电需求，流动性边际宽松（20210718）,https://www.10100.com/article/65866335,full_mirror,clean,verified_from_configured_author_id,29,2918,,2021-07-18
cicc_perspective-2021-07-18-宏观探市-长端利率普跌-货币政策分化,cicc_perspective,中金点睛,中金宏观,team_channel,宏观探市 | 长端利率普跌，货币政策分化,https://www.10100.com/article/148035776,full_mirror,clean,verified_from_configured_author_id,32,3119,,2021-07-18
cicc_perspective-2021-07-18-中金宏观-美国劳动力短缺愈演愈烈,cicc_perspective,中金点睛,中金宏观,team_channel,中金宏观 | 美国劳动力短缺愈演愈烈,https://www.10100.com/article/148029621,full_mirror,clean,verified_from_configured_author_id,16,4153,,2021-07-18
xuetao_macro-2021-07-16-二季度数据强在哪-弱在哪-天风宏观宋雪涛,xuetao_macro,雪涛宏观笔记,雪涛宏观笔记,exact,二季度数据强在哪?弱在哪?(天风宏观宋雪涛),https://finance.sina.cn/bond/zsyj/2021-07-16/detail-ikqciyzk5897840.d.html?source=bdquote,full_mirror,clean,verified_from_publisher_label,14,3001,,2021-07-16
huatai_macro-2021-07-15-华泰宏观-美国CPI大幅超预期-涨价粘性凸显,huatai_macro,华泰宏观,华泰证券宏观研究,configured_public_index,"【华泰宏观】美国CPI大幅超预期,涨价粘性凸显",https://www.10100.com/article/65866350,full_mirror,clean,verified_from_configured_author_id,9,1969,,2021-07-15
cicc_perspective-2021-07-15-中金宏观-稳中分化-松货币对冲紧信用-6月经济数据点评,cicc_perspective,中金点睛,中金宏观,team_channel,中金宏观 | 稳中分化，松货币对冲紧信用——6月经济数据点评,https://www.10100.com/article/148042277,full_mirror,clean,verified_from_configured_author_id,4,2259,,2021-07-15
huatai_macro-2021-07-13-华泰宏观-深度-有关边际宽松一些-技术问题-答疑,huatai_macro,华泰宏观,华泰证券宏观研究,configured_public_index,【华泰宏观 | 深度】有关边际宽松一些“技术问题”答疑,https://www.10100.com/article/65866333,full_mirror,clean,verified_from_configured_author_id,19,11423,,2021-07-13
huatai_macro-2021-07-13-华泰宏观-出口增长加速并大幅超预期,huatai_macro,华泰宏观,华泰证券宏观研究,configured_public_index,【华泰宏观】出口增长加速并大幅超预期,https://www.10100.com/article/65959155,full_mirror,clean,verified_from_configured_author_id,10,1904,,2021-07-13
cicc_perspective-2021-07-13-中金宏观-预计三季度出口保持强势-6月进出口点评,cicc_perspective,中金点睛,中金宏观,team_channel,中金宏观 | 预计三季度出口保持强势——6月进出口点评,https://www.10100.com/article/148035693,full_mirror,clean,verified_from_configured_author_id,6,1986,,2021-07-13
guolei_macro-2021-07-12-广发宏观-如何理解高社融与全面降准一起出现,guolei_macro,郭磊宏观茶座,广发证券,institutional_archive,【广发宏观】如何理解高社融与全面降准一起出现,https://www.10100.com/article/76491809,full_mirror,clean,verified_from_configured_author_id_and_title_signature,1,4793,,2021-07-12
cicc_perspective-2021-07-12-中金宏观探市-预计美债利率Q3后期反弹,cicc_perspective,中金点睛,中金宏观,team_channel,中金宏观探市 | 预计美债利率Q3后期反弹,https://www.10100.com/article/148035692,full_mirror,clean,verified_from_configured_author_id,27,4409,,2021-07-12
cicc_perspective-2021-07-12-中金宏观-需求无忧-关注供给约束程度,cicc_perspective,中金点睛,中金宏观,team_channel,中金宏观 | 需求无忧，关注供给约束程度,https://www.10100.com/article/148029619,full_mirror,clean,verified_from_configured_author_id,19,4026,,2021-07-12
yiyuzhongde-2021-07-11-华创宏观-张瑜团队-PPI对煤炭有多敏感-每周经济观察第27期,yiyuzhongde,一瑜中的,一瑜中的,exact,【华创宏观·张瑜团队】PPI对煤炭有多敏感?——每周经济观察第27期,https://www.gelonghui.com/p/474834,full_mirror,clean,verified_from_publisher_label,12,5821,,2021-07-11
huatai_macro-2021-07-10-华泰宏观-全面降准50基点确认边际宽松基调,huatai_macro,华泰宏观,华泰证券宏观研究,configured_public_index,【华泰宏观】全面降准50基点确认边际宽松基调,https://www.10100.com/article/65959162,full_mirror,clean,verified_from_configured_author_id,8,2141,,2021-07-10
huatai_macro-2021-07-10-华泰宏观-6月货币社融增速均超预期回升-月度金融数据点评,huatai_macro,华泰宏观,华泰证券宏观研究,configured_public_index,【华泰宏观】6月货币社融增速均超预期回升 | 月度金融数据点评,https://www.10100.com/article/65866337,full_mirror,clean,verified_from_configured_author_id,8,2338,,2021-07-10
cicc_perspective-2021-07-10-中金宏观-社融同比止跌-但隐忧仍存,cicc_perspective,中金点睛,中金宏观,team_channel,中金宏观 | 社融同比止跌，但隐忧仍存,https://www.10100.com/article/148042405,full_mirror,clean,verified_from_configured_author_id,28,4341,,2021-07-10
cicc_perspective-2021-07-10-中金宏观-欧央行重塑通胀目标-加速绿色转型,cicc_perspective,中金点睛,中金宏观,team_channel,中金宏观 | 欧央行重塑通胀目标，加速绿色转型,https://www.10100.com/article/148029372,full_mirror,clean,verified_from_configured_author_id,5,2196,,2021-07-10
cicc_perspective-2021-07-10-中金宏观-剪刀差仍高-降准对冲成本压力-2021年6月物价点评,cicc_perspective,中金点睛,中金宏观,team_channel,中金宏观 | 剪刀差仍高，降准对冲成本压力 ——2021年6月物价点评,https://www.10100.com/article/148035775,full_mirror,clean,verified_from_configured_author_id,2,1797,,2021-07-10
guolei_macro-2021-07-09-广发宏观郭磊-通胀数据与宏观假设,guolei_macro,郭磊宏观茶座,郭磊宏观茶座,exact,【广发宏观郭磊】通胀数据与宏观假设,https://finance.sina.com.cn/stock/stockzmt/2021-07-09/doc-ikqciyzk4555976.shtml,full_mirror,clean,verified_from_publisher_label,4,3461,,2021-07-09
huatai_macro-2021-07-08-华泰宏观-有关-货币-政策宽松几个问题的注解-问答形式快评7月7日国常会通稿,huatai_macro,华泰宏观,华泰证券宏观研究,configured_public_index,【华泰宏观】有关（货币）政策宽松几个问题的注解 | 问答形式快评7月7日国常会通稿,https://www.10100.com/article/65959183,full_mirror,clean,verified_from_configured_author_id,11,3886,,2021-07-08
cicc_perspective-2021-07-08-中金-6月流动性观察兼国常会点评-越过波动-政策或将稳中偏松,cicc_perspective,中金点睛,中金宏观,team_channel,中金 | 6月流动性观察兼国常会点评：越过波动，政策或将稳中偏松,https://www.10100.com/article/148042278,full_mirror,clean,verified_from_configured_author_id,32,4695,,2021-07-08
cicc_perspective-2021-07-07-中金宏观探市-如何看待美债利率急跌,cicc_perspective,中金点睛,中金宏观,team_channel,中金宏观探市 | 如何看待美债利率急跌,https://www.10100.com/article/148042279,full_mirror,clean,verified_from_configured_author_id,4,1442,,2021-07-07
cicc_perspective-2021-07-05-中金-工企成本上升加大债务负担,cicc_perspective,中金点睛,中金宏观,team_channel,中金：工企成本上升加大债务负担,https://www.10100.com/article/148029201,full_mirror,clean,verified_from_configured_author_id,22,6613,,2021-07-05
huatai_macro-2021-07-04-华泰宏观-图解海外周报-非农就业超预期-20210704-欧洲重启继续加速,huatai_macro,华泰宏观,华泰证券宏观研究,configured_public_index,【华泰宏观 | 图解海外周报】非农就业超预期（20210704）；欧洲重启继续加速,https://www.10100.com/article/65866414,full_mirror,clean,verified_from_configured_author_id,51,3429,,2021-07-04
cicc_perspective-2021-07-04-中金宏观-失业率上升或反映供给矛盾,cicc_perspective,中金点睛,中金宏观,team_channel,中金宏观 | 失业率上升或反映供给矛盾,https://www.10100.com/article/148042280,full_mirror,clean,verified_from_configured_author_id,18,3842,,2021-07-04
huatai_macro-2021-07-03-华泰宏观-6月非农就业超预期-7月或更高,huatai_macro,华泰宏观,华泰证券宏观研究,configured_public_index,【华泰宏观】6月非农就业超预期、7月或更高,https://www.10100.com/article/65959130,full_mirror,clean,verified_from_configured_author_id,7,2069,,2021-07-03
cicc_perspective-2021-07-02-中金宏观-疫情有扰动-物价仍强势-6月经济数据前瞻,cicc_perspective,中金点睛,中金宏观,team_channel,中金宏观 | 疫情有扰动，物价仍强势——6月经济数据前瞻,https://www.10100.com/article/148029202,full_mirror,clean,verified_from_configured_author_id,3,2334,,2021-07-02
huatai_macro-2021-07-01-华泰宏观-图解中国月报-内需及PPI动能趋缓-债券发行加速,huatai_macro,华泰宏观,华泰证券宏观研究,configured_public_index,【华泰宏观 | 图解中国月报】内需及PPI动能趋缓；债券发行加速,https://www.10100.com/article/65866420,full_mirror,clean,verified_from_configured_author_id,29,2870,,2021-07-01
huatai_macro-2021-06-30-华泰宏观-内需减速幅度收窄-原材料涨价暂缓,huatai_macro,华泰宏观,华泰证券宏观研究,configured_public_index,【华泰宏观】内需减速幅度收窄，原材料涨价暂缓,https://www.10100.com/article/65866438,full_mirror,clean,verified_from_configured_author_id,7,1976,,2021-06-30
cicc_perspective-2021-06-30-中金宏观-供给冲击仍在发酵-6月PMI点评,cicc_perspective,中金点睛,中金宏观,team_channel,中金宏观 | 供给冲击仍在发酵——6月PMI点评,https://www.10100.com/article/148035778,full_mirror,clean,verified_from_configured_author_id,6,2025,,2021-06-30
huatai_macro-2021-06-28-华泰宏观-图解中国周报-内需继续走弱而利率债发行同比加速-20210627,huatai_macro,华泰宏观,华泰证券宏观研究,configured_public_index,【华泰宏观 | 图解中国周报】内需继续走弱而利率债发行同比加速（20210627）,https://www.10100.com/article/65959154,full_mirror,clean,verified_from_configured_author_id,21,2586,,2021-06-28
guolei_macro-2021-06-28-广发宏观-探讨下半年,guolei_macro,郭磊宏观茶座,广发证券,institutional_archive,【广发宏观】探讨下半年,https://www.10100.com/article/77169353,full_mirror,clean,verified_from_configured_author_id_and_title_signature,8,2388,,2021-06-28
cicc_perspective-2021-06-28-中金宏观-利润结构分化-政策仍需呵护-5月工业企业利润点评,cicc_perspective,中金点睛,中金宏观,team_channel,中金宏观 | 利润结构分化，政策仍需呵护——5月工业企业利润点评,https://www.10100.com/article/148029482,full_mirror,clean,verified_from_configured_author_id,25,3489,,2021-06-28
cicc_perspective-2021-06-28-中金-详解年内通胀之路,cicc_perspective,中金点睛,中金宏观,team_channel,中金：详解年内通胀之路,https://www.10100.com/article/148029192,full_mirror,clean,verified_from_configured_author_id,34,9520,,2021-06-28
cicc_perspective-2021-06-28-中金-从资金与项目看年内基建增速,cicc_perspective,中金点睛,中金宏观,team_channel,中金：从资金与项目看年内基建增速,https://www.10100.com/article/148035763,full_mirror,clean,verified_from_configured_author_id,20,7682,,2021-06-28
cicc_perspective-2021-06-27-中金LEI-领先指数走弱-资产配置信号明显,cicc_perspective,中金点睛,中金宏观,team_channel,中金LEI | 领先指数走弱，资产配置信号明显,https://www.10100.com/article/148029193,full_mirror,clean,verified_from_configured_author_id,7,2213,,2021-06-27
cicc_perspective-2021-06-27-中金CMI-从中金CMI的高阶信号看资产配置,cicc_perspective,中金点睛,中金宏观,team_channel,中金CMI | 从中金CMI的高阶信号看资产配置,https://www.10100.com/article/148035765,full_mirror,clean,verified_from_configured_author_id,6,2093,,2021-06-27
huatai_macro-2021-06-26-华泰宏观-重启效应及粘性通胀推升核心PCE,huatai_macro,华泰宏观,华泰证券宏观研究,configured_public_index,【华泰宏观】重启效应及粘性通胀推升核心PCE,https://www.10100.com/article/65866440,full_mirror,clean,verified_from_configured_author_id,9,2054,,2021-06-26
cicc_perspective-2021-06-26-中金宏观-详解两党基建框架-美国财政预算进展跟踪,cicc_perspective,中金点睛,中金宏观,team_channel,中金宏观 | 详解两党基建框架——美国财政预算进展跟踪,https://www.10100.com/article/148042268,full_mirror,clean,verified_from_configured_author_id,4,5481,,2021-06-26
cicc_perspective-2021-06-26-中金宏观-绿色转型-美国基建有望提速,cicc_perspective,中金点睛,中金宏观,team_channel,中金宏观 | 绿色转型：美国基建有望提速,https://www.10100.com/article/148029612,full_mirror,clean,verified_from_configured_author_id,16,3823,,2021-06-26
cicc_perspective-2021-06-23-中金-Taper溯往问今-资产谨慎可期,cicc_perspective,中金点睛,中金宏观,team_channel,中金：Taper溯往问今，资产谨慎可期,https://www.10100.com/article/148029349,full_mirror,clean,verified_from_configured_author_id,46,18403,,2021-06-23
cicc_perspective-2021-06-21-中金宏观-消费修复的-二次分化,cicc_perspective,中金点睛,中金宏观,team_channel,中金宏观 | 消费修复的“二次分化”,https://www.10100.com/article/148029054,full_mirror,clean,verified_from_configured_author_id,29,4104,,2021-06-21
huatai_macro-2021-06-20-华泰宏观-图解国内周报-内需增长趋缓-财政趋紧局势有所缓解-20210620,huatai_macro,华泰宏观,华泰证券宏观研究,configured_public_index,【华泰宏观 | 图解国内周报】内需增长趋缓、财政趋紧局势有所缓解（20210620）,https://www.10100.com/article/65959191,full_mirror,clean,verified_from_configured_author_id,18,2455,,2021-06-20
cicc_perspective-2021-06-20-中金宏观-美联储看通胀-从欢迎转向警惕,cicc_perspective,中金点睛,中金宏观,team_channel,中金宏观 | 美联储看通胀：从欢迎转向警惕,https://www.10100.com/article/148035740,full_mirror,clean,verified_from_configured_author_id,14,3605,,2021-06-20
guolei_macro-2021-06-17-广发宏观-现金类理财监管的三大影响,guolei_macro,郭磊宏观茶座,广发证券,institutional_archive,【广发宏观】现金类理财监管的三大影响,https://www.10100.com/article/76476311,full_mirror,clean,verified_from_configured_author_id_and_title_signature,1,5165,,2021-06-17
guolei_macro-2021-06-17-广发宏观-Taper预期发酵阶段或已进入下半场-6月美联储议息会议点评,guolei_macro,郭磊宏观茶座,广发证券,institutional_archive,【广发宏观】Taper预期发酵阶段或已进入下半场——6月美联储议息会议点评,https://www.10100.com/article/76701528,full_mirror,clean,verified_from_configured_author_id_and_title_signature,12,5071,,2021-06-17
huatai_macro-2021-06-16-华泰宏观-美国5月零售-有所退潮但韧性仍在,huatai_macro,华泰宏观,华泰证券宏观研究,configured_public_index,【华泰宏观】美国5月零售：有所退潮但韧性仍在,https://www.10100.com/article/65959124,full_mirror,clean,verified_from_configured_author_id,7,1915,,2021-06-16
huatai_macro-2021-06-16-华泰宏观-5月经济活动数据-地产基建投资趋缓-制造业投资向好,huatai_macro,华泰宏观,华泰证券宏观研究,configured_public_index,【华泰宏观】5月经济活动数据：地产基建投资趋缓、制造业投资向好,https://www.10100.com/article/65866387,full_mirror,clean,verified_from_configured_author_id,8,2115,,2021-06-16
cicc_perspective-2021-06-16-中金宏观-服务业复苏将快于工业-5月经济数据点评,cicc_perspective,中金点睛,中金宏观,team_channel,中金宏观 | 服务业复苏将快于工业——5月经济数据点评,https://www.10100.com/article/148042382,full_mirror,clean,verified_from_configured_author_id,4,2956,,2021-06-16
cicc_perspective-2021-06-15-中金宏观-现金管理类理财新规影响几何,cicc_perspective,中金点睛,中金宏观,team_channel,中金宏观 | 现金管理类理财新规影响几何,https://www.10100.com/article/148029439,full_mirror,clean,verified_from_configured_author_id,23,4815,,2021-06-15
cicc_perspective-2021-06-15-中金下半年展望-宏观变局-聚焦供给约束,cicc_perspective,中金点睛,中金宏观,team_channel,中金下半年展望 | 宏观变局：聚焦供给约束,https://www.10100.com/article/148029223,full_mirror,clean,verified_from_configured_author_id,37,15228,,2021-06-15
guolei_macro-2021-06-14-广发宏观郭磊-为-正常化-定价-2021年中期宏观环境展望,guolei_macro,郭磊宏观茶座,郭磊宏观茶座,exact,【广发宏观郭磊】为“正常化”定价:2021年中期宏观环境展望,https://www.sohu.com/a/472254818_465450,full_mirror,clean,verified_from_publisher_label,0,17995,,2021-06-14
cicc_perspective-2021-06-14-中金宏观-FOMC前瞻-为Taper做准备,cicc_perspective,中金点睛,中金宏观,team_channel,中金宏观 | FOMC前瞻：为Taper做准备,https://www.10100.com/article/148029461,full_mirror,clean,verified_from_configured_author_id,14,3359,,2021-06-14
cicc_perspective-2021-06-13-中金宏观-详解美国财政机制的条条框框,cicc_perspective,中金点睛,中金宏观,team_channel,中金宏观 | 详解美国财政机制的条条框框,https://www.10100.com/article/148042255,full_mirror,clean,verified_from_configured_author_id,15,7345,,2021-06-13
cicc_perspective-2021-06-13-中金宏观-拜登基建-要闯几道关,cicc_perspective,中金点睛,中金宏观,team_channel,中金宏观 | 拜登基建：要闯几道关？,https://www.10100.com/article/148029225,full_mirror,clean,verified_from_configured_author_id,26,8815,,2021-06-13
huatai_macro-2021-06-11-华泰宏观-美国CPI再超预期-核心通胀或有粘性,huatai_macro,华泰宏观,华泰证券宏观研究,configured_public_index,"【华泰宏观】美国CPI再超预期,核心通胀或有粘性",https://www.10100.com/article/65866399,full_mirror,clean,verified_from_configured_author_id,7,1781,,2021-06-11
huatai_macro-2021-06-09-华泰宏观-PPI冲高至9-猪价跌幅加深,huatai_macro,华泰宏观,华泰证券宏观研究,configured_public_index,【华泰宏观】PPI冲高至9%，猪价跌幅加深,https://www.10100.com/article/65959115,full_mirror,clean,verified_from_configured_author_id,9,2201,,2021-06-09
cicc_perspective-2021-06-09-中金宏观-PPI再超预期-CPI将跟随-2021年5月物价数据点评,cicc_perspective,中金点睛,中金宏观,team_channel,中金宏观 | PPI再超预期，CPI将跟随 ⸺2021年5月物价数据点评,https://www.10100.com/article/148042388,full_mirror,clean,verified_from_configured_author_id,5,1453,,2021-06-09
cicc_perspective-2021-06-07-中金宏观-出口低于预期或主因供给侧扰动-5月进出口点评,cicc_perspective,中金点睛,中金宏观,team_channel,中金宏观 | 出口低于预期或主因供给侧扰动——5月进出口点评,https://www.10100.com/article/148035673,full_mirror,clean,verified_from_configured_author_id,7,2399,,2021-06-07
cicc_perspective-2021-06-07-中金宏观-从进口价格看疫情供给冲击,cicc_perspective,中金点睛,中金宏观,team_channel,中金宏观 | 从进口价格看疫情供给冲击,https://www.10100.com/article/148029057,full_mirror,clean,verified_from_configured_author_id,23,2961,,2021-06-07
yiyuzhongde-2021-06-06-张瑜-关注一个全球资本市场脆弱性指标,yiyuzhongde,一瑜中的,一瑜中的,exact,张瑜:关注一个全球资本市场脆弱性指标,https://www.gelonghui.com/p/469100,full_mirror,clean,verified_from_publisher_label,15,6702,,2021-06-06
huatai_macro-2021-06-06-华泰宏观-图解海外宏观-美国增长动能边际回落但通胀显粘性,huatai_macro,华泰宏观,华泰证券宏观研究,configured_public_index,【华泰宏观 | 图解海外宏观】美国增长动能边际回落但通胀显粘性,https://www.10100.com/article/65959170,full_mirror,clean,verified_from_configured_author_id,52,3524,,2021-06-06
cicc_perspective-2021-06-06-宏观探市-5月全球PMI-美欧服务业-踩油门,cicc_perspective,中金点睛,中金宏观,team_channel,宏观探市 | 5月全球PMI - 美欧服务业“踩油门”,https://www.10100.com/article/148042403,full_mirror,clean,verified_from_configured_author_id,31,3024,,2021-06-06
cicc_perspective-2021-06-06-中金宏观-暂时性通胀-将接受检验,cicc_perspective,中金点睛,中金宏观,team_channel,中金宏观 | “暂时性通胀”将接受检验,https://www.10100.com/article/148029617,full_mirror,clean,verified_from_configured_author_id,19,3406,,2021-06-06
cicc_perspective-2021-06-05-中金宏观-供给不足-工资压力上升-5月美国非农数据点评,cicc_perspective,中金点睛,中金宏观,team_channel,中金宏观 | 供给不足，工资压力上升——5月美国非农数据点评,https://www.10100.com/article/148029350,full_mirror,clean,verified_from_configured_author_id,7,1832,,2021-06-05
huatai_macro-2021-06-04-华泰宏观-海外中期策略-通胀与利率的平衡依然-脆弱,huatai_macro,华泰宏观,华泰证券宏观研究,configured_public_index,【华泰宏观 | 海外中期策略】通胀与利率的平衡依然“脆弱”,https://www.10100.com/article/65866355,full_mirror,clean,verified_from_configured_author_id,46,23576,,2021-06-04
huatai_macro-2021-06-03-华泰宏观-国内中期策略-通胀传导可控-宏观政策-被动-调整-全文,huatai_macro,华泰宏观,华泰证券宏观研究,configured_public_index,【华泰宏观|国内中期策略】通胀传导可控，宏观政策“被动”调整 (全文）,https://www.10100.com/article/65866465,full_mirror,clean,verified_from_configured_author_id,39,20719,,2021-06-03
huatai_macro-2021-06-02-华泰宏观-数据预测-生产大体平稳-先行指标小幅回落,huatai_macro,华泰宏观,华泰证券宏观研究,configured_public_index,【华泰宏观】数据预测：生产大体平稳，先行指标小幅回落,https://www.10100.com/article/65959192,full_mirror,clean,verified_from_configured_author_id,7,2067,,2021-06-02
cicc_perspective-2021-06-02-中金宏观-供需矛盾紧张加剧-美国5月ISM制造业PMI点评,cicc_perspective,中金点睛,中金宏观,team_channel,中金宏观 | 供需矛盾紧张加剧——美国5月ISM制造业PMI点评,https://www.10100.com/article/148035690,full_mirror,clean,verified_from_configured_author_id,6,1534,,2021-06-02
cicc_perspective-2021-06-02-中金-美元流动性泛滥-何时见拐点,cicc_perspective,中金点睛,中金宏观,team_channel,中金：美元流动性泛滥，何时见拐点？,https://www.10100.com/article/148029489,full_mirror,clean,verified_from_configured_author_id,12,3573,,2021-06-02
cicc_perspective-2021-06-01-中金宏观-PPI继续上行-社融企稳在即,cicc_perspective,中金点睛,中金宏观,team_channel,中金宏观 | PPI继续上行，社融企稳在即,https://www.10100.com/article/148029196,full_mirror,clean,verified_from_configured_author_id,24,3988,,2021-06-01
cicc_perspective-2021-06-01-中金-出口韧性有多强-最新调研感受,cicc_perspective,中金点睛,中金宏观,team_channel,中金：出口韧性有多强？最新调研感受,https://www.10100.com/article/148099530,full_mirror,clean,verified_from_configured_author_id,23,7676,,2021-06-01
cicc_perspective-2021-06-01-中金-一文看懂央行外汇审慎调控工具,cicc_perspective,中金点睛,中金宏观,team_channel,中金：一文看懂央行外汇审慎调控工具,https://www.10100.com/article/148035768,full_mirror,clean,verified_from_configured_author_id,2,1693,,2021-06-01
lichao_macro-2021-05-31-浙商宏观-李超-5月PMI-出口预示未来走弱,lichao_macro,李超宏观研究与资产配置,李超宏观研究与资产配置,exact,【浙商宏观||李超】5月PMI:出口预示未来走弱,https://www.yicai.com/news/101068380.html,full_mirror,clean,verified_from_publisher_label,9,2557,,2021-05-31
huatai_macro-2021-05-31-华泰宏观-海外中期策略-六-海外-本次QE削减有何不同-美元可能维持弱势,huatai_macro,华泰宏观,华泰证券宏观研究,configured_public_index,【华泰宏观 | 海外中期策略】六、海外：本次QE削减有何不同？——美元可能维持弱势,https://www.10100.com/article/65959193,full_mirror,clean,verified_from_configured_author_id,9,3084,,2021-05-31
huatai_macro-2021-05-31-华泰宏观-海外中期策略-五-美联储将何时缩减QE资产购买体量-或9月提出-4月执行,huatai_macro,华泰宏观,华泰证券宏观研究,configured_public_index,【华泰宏观 | 海外中期策略】五、美联储将何时缩减QE资产购买体量？——或9月提出、4月执行,https://www.10100.com/article/65866471,full_mirror,clean,verified_from_configured_author_id,8,4301,,2021-05-31
huatai_macro-2021-05-31-华泰宏观-海外中期策略-二-通胀预测-覆盖更广-粘性-更强,huatai_macro,华泰宏观,华泰证券宏观研究,configured_public_index,【华泰宏观 | 海外中期策略】二、通胀预测——覆盖更广、“粘性”更强,https://www.10100.com/article/65959159,full_mirror,clean,verified_from_configured_author_id,14,5040,,2021-05-31
huatai_macro-2021-05-31-华泰宏观-海外中期策略-一-全球增长预测-欧日及新兴市场接棒美英,huatai_macro,华泰宏观,华泰证券宏观研究,configured_public_index,【华泰宏观 | 海外中期策略】一、全球增长预测——欧日及新兴市场接棒美英,https://www.10100.com/article/65866446,full_mirror,clean,verified_from_configured_author_id,18,4263,,2021-05-31
huatai_macro-2021-05-31-华泰宏观-图解中国周报-商品价格高位回撤-人民币升值加速-20210601,huatai_macro,华泰宏观,华泰证券宏观研究,configured_public_index,【华泰宏观 | 图解中国周报】商品价格高位回撤，人民币升值加速（20210601）,https://www.10100.com/article/65959160,full_mirror,clean,verified_from_configured_author_id,21,2443,,2021-05-31
huatai_macro-2021-05-31-华泰宏观-上调外汇存准率难改汇率长期趋势,huatai_macro,华泰宏观,华泰证券宏观研究,configured_public_index,【华泰宏观】上调外汇存准率难改汇率长期趋势,https://www.10100.com/article/65866444,full_mirror,clean,verified_from_configured_author_id,6,1803,,2021-05-31
cicc_perspective-2021-05-31-中金宏观-出口订单下滑是扰动还是转折有待观察-5月PMI点评,cicc_perspective,中金点睛,中金宏观,team_channel,中金宏观 | 出口订单下滑是扰动还是转折有待观察——5月PMI点评,https://www.10100.com/article/148029512,full_mirror,clean,verified_from_configured_author_id,5,1536,,2021-05-31
huatai_macro-2021-05-30-华泰宏观-国内中期策略-货币政策大体平稳-财政政策变化支持货币社融增速4季度企稳,huatai_macro,华泰宏观,华泰证券宏观研究,configured_public_index,【华泰宏观 | 国内中期策略】货币政策大体平稳，财政政策变化支持货币社融增速4季度企稳,https://www.10100.com/article/65866477,full_mirror,clean,verified_from_configured_author_id,9,2942,,2021-05-30
huatai_macro-2021-05-30-华泰宏观-国内中期策略-利率震荡-汇率升值,huatai_macro,华泰宏观,华泰证券宏观研究,configured_public_index,【华泰宏观 | 国内中期策略】利率震荡、汇率升值,https://www.10100.com/article/65959156,full_mirror,clean,verified_from_configured_author_id,10,3517,,2021-05-30
huatai_macro-2021-05-30-华泰宏观-国内中期策略-2021下半年及2022年分部门增长预测,huatai_macro,华泰宏观,华泰证券宏观研究,configured_public_index,【华泰宏观|国内中期策略】2021下半年及2022年分部门增长预测,https://www.10100.com/article/65959196,full_mirror,clean,verified_from_configured_author_id,15,5389,,2021-05-30
cicc_perspective-2021-05-30-中金宏观-五月非农-决定Taper的关键变量,cicc_perspective,中金点睛,中金宏观,team_channel,中金宏观 | 五月非农：决定Taper的关键变量,https://www.10100.com/article/148042294,full_mirror,clean,verified_from_configured_author_id,14,3200,,2021-05-30
huatai_macro-2021-05-29-华泰宏观-美国4月核心PCE大幅超预期,huatai_macro,华泰宏观,华泰证券宏观研究,configured_public_index,【华泰宏观】美国4月核心PCE大幅超预期,https://www.10100.com/article/65959186,full_mirror,clean,verified_from_configured_author_id,9,1962,,2021-05-29
cicc_perspective-2021-05-28-中金宏观-5月CMI-消费或温和加速-关注地产放缓信号,cicc_perspective,中金点睛,中金宏观,team_channel,中金宏观 | 5月CMI-消费或温和加速，关注地产放缓信号,https://www.10100.com/article/148035817,full_mirror,clean,verified_from_configured_author_id,6,1883,,2021-05-28
cicc_perspective-2021-05-28-中金-东南亚疫情-如何影响中国,cicc_perspective,中金点睛,中金宏观,team_channel,中金：东南亚疫情，如何影响中国？,https://www.10100.com/article/148042426,full_mirror,clean,verified_from_configured_author_id,32,7460,,2021-05-28
cicc_perspective-2021-05-28-中金-三类通胀交织-什么资产胜出,cicc_perspective,中金点睛,中金宏观,team_channel,中金：三类通胀交织，什么资产胜出？,https://www.10100.com/article/148029385,full_mirror,clean,verified_from_configured_author_id,27,8072,,2021-05-28
cicc_perspective-2021-05-27-中金宏观-人民币升值并非为了对抗通胀,cicc_perspective,中金点睛,中金宏观,team_channel,中金宏观 | 人民币升值并非为了对抗通胀,https://www.10100.com/article/148029386,full_mirror,clean,verified_from_configured_author_id,6,1636,,2021-05-27
cicc_perspective-2021-05-26-中金宏观-人民币被动走强-短期升值空间有限,cicc_perspective,中金点睛,中金宏观,team_channel,中金宏观 | 人民币被动走强，短期升值空间有限,https://www.10100.com/article/148035818,full_mirror,clean,verified_from_configured_author_id,3,1295,,2021-05-26
guolei_macro-2021-05-25-广发宏观-银行间流动性为何持续偏松,guolei_macro,郭磊宏观茶座,广发证券,institutional_archive,【广发宏观】银行间流动性为何持续偏松,https://www.10100.com/article/76491805,full_mirror,clean,verified_from_configured_author_id_and_title_signature,9,6861,,2021-05-25
cicc_perspective-2021-05-24-中金宏观-宏观探市-再通胀换挡期的资产价格,cicc_perspective,中金点睛,中金宏观,team_channel,中金宏观 | 宏观探市：再通胀换挡期的资产价格,https://www.10100.com/article/148042265,full_mirror,clean,verified_from_configured_author_id,13,2534,,2021-05-24
huatai_macro-2021-05-23-华泰宏观-图解国内周报-商品价格高位回撤-外需继续领跑内需-20210523,huatai_macro,华泰宏观,华泰证券宏观研究,configured_public_index,【华泰宏观 | 图解国内周报】商品价格高位回撤;外需继续领跑内需（20210523）,https://www.10100.com/article/65866430,full_mirror,clean,verified_from_configured_author_id,18,2353,,2021-05-23
cicc_perspective-2021-05-23-中金宏观-美联储对通胀态度存在-漂移-风险,cicc_perspective,中金点睛,中金宏观,team_channel,中金宏观 | 美联储对通胀态度存在“漂移”风险,https://www.10100.com/article/148035685,full_mirror,clean,verified_from_configured_author_id,13,4644,,2021-05-23
cicc_perspective-2021-05-23-中金宏观-4月财政紧缩继续-未来有望缓解,cicc_perspective,中金点睛,中金宏观,team_channel,中金宏观 | 4月财政紧缩继续，未来有望缓解,https://www.10100.com/article/148029064,full_mirror,clean,verified_from_configured_author_id,29,3224,,2021-05-23
huatai_macro-2021-05-20-华泰宏观-缺芯-对增长和通胀影响几何,huatai_macro,华泰宏观,华泰证券宏观研究,configured_public_index,【华泰宏观】“缺芯”对增长和通胀影响几何？,https://www.10100.com/article/65959118,full_mirror,clean,verified_from_configured_author_id,12,5548,,2021-05-20
cicc_perspective-2021-05-18-中金宏观-分化考验复苏的持续性-4月经济数据点评,cicc_perspective,中金点睛,中金宏观,team_channel,中金宏观 | 分化考验复苏的持续性——4月经济数据点评,https://www.10100.com/article/148029607,full_mirror,clean,verified_from_configured_author_id,4,2466,,2021-05-18
cicc_perspective-2021-05-17-中金宏观-从近两轮涨价看PPI拐点触发因素,cicc_perspective,中金点睛,中金宏观,team_channel,中金宏观 | 从近两轮涨价看PPI拐点触发因素,https://www.10100.com/article/148042397,full_mirror,clean,verified_from_configured_author_id,5,4223,,2021-05-17
yiyuzhongde-2021-05-16-华创宏观-张瑜团队-海外当下如何看商品及通胀-每周经济观察第19期,yiyuzhongde,一瑜中的,一瑜中的,exact,【华创宏观·张瑜团队】海外当下如何看商品及通胀?——每周经济观察第19期,http://www.huiyunyan.com/doc-aacd3a16e540d407acf4a6cc975d7ccb.html,full_mirror,clean,verified_from_publisher_label,5,2549,,2021-05-16
huatai_macro-2021-05-16-华泰宏观-图解海外周报-通胀超预期上行对需求的影响开始显现-20210516,huatai_macro,华泰宏观,华泰证券宏观研究,configured_public_index,【华泰宏观 | 图解海外周报】通胀超预期上行对需求的影响开始显现（20210516）,https://www.10100.com/article/65959119,full_mirror,clean,verified_from_configured_author_id,28,2983,,2021-05-16
huatai_macro-2021-05-16-华泰宏观-图解中国周报-限产继续PPI加速攀升-社融再减速-20210516,huatai_macro,华泰宏观,华泰证券宏观研究,configured_public_index,【华泰宏观 | 图解中国周报】限产继续PPI加速攀升，社融再减速（20210516）,https://www.10100.com/article/65866370,full_mirror,clean,verified_from_configured_author_id,18,2479,,2021-05-16
guolei_macro-2021-05-16-广发宏观-扣除猪肉就全是通胀吗,guolei_macro,郭磊宏观茶座,广发证券,institutional_archive,【广发宏观】扣除猪肉就全是通胀吗？,https://www.10100.com/article/77169513,full_mirror,clean,verified_from_configured_author_id_and_title_signature,8,5224,,2021-05-16
cicc_perspective-2021-05-16-中金宏观探市-冰火数据考验再通胀交易,cicc_perspective,中金点睛,中金宏观,team_channel,中金宏观探市 | 冰火数据考验再通胀交易,https://www.10100.com/article/148035759,full_mirror,clean,verified_from_configured_author_id,27,2789,,2021-05-16
cicc_perspective-2021-05-16-中金宏观-美国放松疫情管控-通胀压力初现,cicc_perspective,中金点睛,中金宏观,team_channel,中金宏观 | 美国放松疫情管控，通胀压力初现,https://www.10100.com/article/148029065,full_mirror,clean,verified_from_configured_author_id,13,3040,,2021-05-16
cicc_perspective-2021-05-15-中金宏观-零售低于预期-服务消费仍有增长空间-4月美国零售数据点评,cicc_perspective,中金点睛,中金宏观,team_channel,中金宏观 | 零售低于预期，服务消费仍有增长空间——4月美国零售数据点评,https://www.10100.com/article/148029618,full_mirror,clean,verified_from_configured_author_id,6,1647,,2021-05-15
huatai_macro-2021-05-13-华泰宏观-美国4月CPI-通胀超预期上行,huatai_macro,华泰宏观,华泰证券宏观研究,configured_public_index,【华泰宏观】美国4月CPI：通胀超预期上行,https://www.10100.com/article/65866360,full_mirror,clean,verified_from_configured_author_id,8,2053,,2021-05-13
huatai_macro-2021-05-13-华泰宏观-稳健货币政策预防外需趋热推升通胀,huatai_macro,华泰宏观,华泰证券宏观研究,configured_public_index,【华泰宏观】稳健货币政策预防外需趋热推升通胀,https://www.10100.com/article/65959174,full_mirror,clean,verified_from_configured_author_id,11,2556,,2021-05-13
cicc_perspective-2021-05-13-中金宏观-大财政加用工荒-勿低估美国通胀风险-美国4月CPI点评,cicc_perspective,中金点睛,中金宏观,team_channel,中金宏观 | 大财政加用工荒，勿低估美国通胀风险——美国4月CPI点评,https://www.10100.com/article/148042276,full_mirror,clean,verified_from_configured_author_id,5,1733,,2021-05-13
cicc_perspective-2021-05-12-中金-货币政策不会因PPI上升而收紧-1Q21货币政策执行报告点评,cicc_perspective,中金点睛,中金宏观,team_channel,中金：货币政策不会因PPI上升而收紧——1Q21货币政策执行报告点评,https://www.10100.com/article/148099406,full_mirror,clean,verified_from_configured_author_id,4,2161,,2021-05-12
cicc_perspective-2021-05-12-中金-上游涨价-下游低迷-2021年4月通胀数据点评,cicc_perspective,中金点睛,中金宏观,team_channel,中金：上游涨价、下游低迷——2021年4月通胀数据点评,https://www.10100.com/article/148035691,full_mirror,clean,verified_from_configured_author_id,6,2201,,2021-05-12
guolei_macro-2021-05-11-广发宏观-政治局会议的七个要点,guolei_macro,郭磊宏观茶座,广发证券,institutional_archive,【广发宏观】政治局会议的七个要点,https://www.10100.com/article/76476418,full_mirror,clean,verified_from_configured_author_id_and_title_signature,1,3093,,2021-05-11
guolei_macro-2021-05-11-广发宏观-出口强势继续印证全球贸易共振,guolei_macro,郭磊宏观茶座,广发证券,institutional_archive,【广发宏观】出口强势继续印证全球贸易共振,https://www.10100.com/article/76491842,full_mirror,clean,verified_from_configured_author_id_and_title_signature,3,4427,,2021-05-11
cicc_perspective-2021-05-10-中金宏观-缺-芯-对哪些行业影响大,cicc_perspective,中金点睛,中金宏观,team_channel,中金宏观 | 缺“芯”对哪些行业影响大？,https://www.10100.com/article/148042404,full_mirror,clean,verified_from_configured_author_id,5,2578,,2021-05-10
huatai_macro-2021-05-09-华泰宏观-图解海外周报-通胀预期再攀升-名义利率升势暂缓-20210509,huatai_macro,华泰宏观,华泰证券宏观研究,configured_public_index,【华泰宏观 | 图解海外周报】通胀预期再攀升，名义利率升势暂缓（20210509）,https://www.10100.com/article/65959175,full_mirror,clean,verified_from_configured_author_id,32,3195,,2021-05-09
cicc_perspective-2021-05-08-中金宏观探市-复苏深化支持再通胀交易-4月全球PMI跟踪,cicc_perspective,中金点睛,中金宏观,team_channel,中金宏观探市 | 复苏深化支持再通胀交易 - 4月全球PMI跟踪,https://www.10100.com/article/148029472,full_mirror,clean,verified_from_configured_author_id,27,3240,,2021-05-08
cicc_perspective-2021-05-08-中金宏观-非农-爆冷-凸显用工荒,cicc_perspective,中金点睛,中金宏观,team_channel,中金宏观 | 非农“爆冷”凸显用工荒,https://www.10100.com/article/148029351,full_mirror,clean,verified_from_configured_author_id,18,4980,,2021-05-08
huatai_macro-2021-05-07-华泰宏观-美元走弱与美债利率下行提振外储估值,huatai_macro,华泰宏观,华泰证券宏观研究,configured_public_index,【华泰宏观】美元走弱与美债利率下行提振外储估值,https://www.10100.com/article/65959171,full_mirror,clean,verified_from_configured_author_id,8,1578,,2021-05-07
huatai_macro-2021-05-07-华泰宏观-出口增长再加速-进口与顺差齐升,huatai_macro,华泰宏观,华泰证券宏观研究,configured_public_index,【华泰宏观】出口增长再加速；进口与顺差齐升,https://www.10100.com/article/65866359,full_mirror,clean,verified_from_configured_author_id,6,1894,,2021-05-07
cicc_perspective-2021-05-07-中金宏观-出口韧性超预期-4月进出口数据点评,cicc_perspective,中金点睛,中金宏观,team_channel,中金宏观 | 出口韧性超预期——4月进出口数据点评,https://www.10100.com/article/148042260,full_mirror,clean,verified_from_configured_author_id,6,2050,,2021-05-07
cicc_perspective-2021-05-05-中金宏观-耶伦加息言论刺激市场敏感神经,cicc_perspective,中金点睛,中金宏观,team_channel,中金宏观 | 耶伦加息言论刺激市场敏感神经,https://www.10100.com/article/148029227,full_mirror,clean,verified_from_configured_author_id,3,2090,,2021-05-05
cicc_perspective-2021-05-05-中金宏观-美国-用工荒-支撑通胀,cicc_perspective,中金点睛,中金宏观,team_channel,中金宏观 | 美国“用工荒”支撑通胀,https://www.10100.com/article/148035674,full_mirror,clean,verified_from_configured_author_id,21,8775,,2021-05-05
cicc_perspective-2021-05-04-中金宏观-供应链紧张制约制造业增长-美国4月制造业PMI点评,cicc_perspective,中金点睛,中金宏观,team_channel,中金宏观 | 供应链紧张制约制造业增长——美国4月制造业PMI点评,https://www.10100.com/article/148029603,full_mirror,clean,verified_from_configured_author_id,5,1541,,2021-05-04
huatai_macro-2021-05-02-华泰宏观-图解海外月报-需求再加速-但发达新兴分化,huatai_macro,华泰宏观,华泰证券宏观研究,configured_public_index,【华泰宏观 | 图解海外月报】需求再加速、但发达新兴分化,https://www.10100.com/article/65959173,full_mirror,clean,verified_from_configured_author_id,18,2771,,2021-05-02
cicc_perspective-2021-05-02-中金宏观-PPI或快速上升-社融增速回落-2021年4月经济数据前瞻,cicc_perspective,中金点睛,中金宏观,team_channel,中金宏观 | PPI或快速上升，社融增速回落—2021年4月经济数据前瞻,https://www.10100.com/article/148042259,full_mirror,clean,verified_from_configured_author_id,3,1979,,2021-05-02
yiyuzhongde-2021-05-01-华创宏观-张瑜团队-经济修复主动能切换至服务消费-4月PMI数据点评,yiyuzhongde,一瑜中的,一瑜中的,exact,【华创宏观·张瑜团队】经济修复主动能切换至服务消费——4月PMI数据点评,https://www.fxbaogao.com/detail/2670768,abstract_only,flagged,verified_from_publisher_label,1,1073,mirror_is_abstract,2021-05-01
huatai_macro-2021-05-01-华泰宏观-美国3月核心PCE-通胀加速上升,huatai_macro,华泰宏观,华泰证券宏观研究,configured_public_index,【华泰宏观】美国3月核心PCE：通胀加速上升,https://www.10100.com/article/65866368,full_mirror,clean,verified_from_configured_author_id,6,1852,,2021-05-01
yiyuzhongde-2021-04-30-华创宏观-张瑜团队-最后一块拼图-拜登计划全景系列第三篇,yiyuzhongde,一瑜中的,一瑜中的,exact,【华创宏观·张瑜团队】最后一块拼图——拜登计划全景系列第三篇,https://www.10100.com/article/149164116,full_mirror,clean,verified_from_publisher_label,17,5313,,2021-04-30
huatai_macro-2021-04-30-华泰宏观-美国一季度GDP-蓄势再发,huatai_macro,华泰宏观,华泰证券宏观研究,configured_public_index,【华泰宏观】美国一季度GDP：蓄势再发,https://www.10100.com/article/65866424,full_mirror,clean,verified_from_configured_author_id,8,2193,,2021-04-30
cicc_perspective-2021-04-30-中金宏观-供给冲击压制复苏动能-4月PMI点评,cicc_perspective,中金点睛,中金宏观,team_channel,中金宏观 | 供给冲击压制复苏动能——4月PMI点评,https://www.10100.com/article/148029058,full_mirror,clean,verified_from_configured_author_id,7,2071,,2021-04-30
cicc_perspective-2021-04-30-中金宏观-3月LEI-复苏斜率趋缓-但制造投资勿过忧,cicc_perspective,中金点睛,中金宏观,team_channel,中金宏观 | 3月LEI - 复苏斜率趋缓，但制造投资勿过忧,https://www.10100.com/article/148042256,full_mirror,clean,verified_from_configured_author_id,8,3253,,2021-04-30
huatai_macro-2021-04-29-华泰宏观-深度-消费有望成为近期内需增长亮点,huatai_macro,华泰宏观,华泰证券宏观研究,configured_public_index,【华泰宏观 | 深度】消费有望成为近期内需增长亮点,https://www.10100.com/article/65959189,full_mirror,clean,verified_from_configured_author_id,16,8430,,2021-04-29
cicc_perspective-2021-04-29-中金宏观-均贫富-大财政再添新主张,cicc_perspective,中金点睛,中金宏观,team_channel,中金宏观 | 均贫富，大财政再添新主张,https://www.10100.com/article/148035745,full_mirror,clean,verified_from_configured_author_id,8,3215,,2021-04-29
cicc_perspective-2021-04-29-中金宏观-4月CMI-继续-省钱-景气指数偏弱,cicc_perspective,中金点睛,中金宏观,team_channel,中金宏观 | 4月CMI - 继续“省钱”，景气指数偏弱,https://www.10100.com/article/148029226,full_mirror,clean,verified_from_configured_author_id,9,2808,,2021-04-29
cicc_perspective-2021-04-29-中金-美联储对通胀保持淡定,cicc_perspective,中金点睛,中金宏观,team_channel,中金：美联储对通胀保持淡定,https://www.10100.com/article/148029596,full_mirror,clean,verified_from_configured_author_id,2,1758,,2021-04-29
cicc_perspective-2021-04-29-中金-劳者多得-通胀归来,cicc_perspective,中金点睛,中金宏观,team_channel,中金：劳者多得，通胀归来,https://www.10100.com/article/148042263,full_mirror,clean,verified_from_configured_author_id,38,8977,,2021-04-29
guolei_macro-2021-04-28-广发宏观-疫后行业修复的评估与展望,guolei_macro,郭磊宏观茶座,广发证券,institutional_archive,【广发宏观】疫后行业修复的评估与展望,https://www.10100.com/article/76476304,full_mirror,clean,verified_from_configured_author_id_and_title_signature,15,8226,,2021-04-28
cicc_perspective-2021-04-27-中金宏观-高增长中现分化-1季度工业企业利润点评,cicc_perspective,中金点睛,中金宏观,team_channel,中金宏观 | 高增长中现分化——1季度工业企业利润点评,https://www.10100.com/article/148029470,full_mirror,clean,verified_from_configured_author_id,6,1760,,2021-04-27
cicc_perspective-2021-04-26-中金-大财政-重启-低通胀一去不回,cicc_perspective,中金点睛,中金宏观,team_channel,中金：“大财政”重启，低通胀一去不回,https://www.10100.com/article/148035746,full_mirror,clean,verified_from_configured_author_id,39,18253,,2021-04-26
cicc_perspective-2021-04-26-中金-下调全年GDP增速至8-5,cicc_perspective,中金点睛,中金宏观,team_channel,中金：下调全年GDP增速至8.5%,https://www.10100.com/article/148042390,full_mirror,clean,verified_from_configured_author_id,9,3559,,2021-04-26
yiyuzhongde-2021-04-25-华创宏观-张瑜团队-风险偏好回升-二级市场大涨-中资美元债周报20210425,yiyuzhongde,一瑜中的,一瑜中的,exact,"【华创宏观·张瑜团队】风险偏好回升,二级市场大涨——中资美元债周报20210425",https://download.csdn.net/download/qq_38412739/18143822,index_only,flagged,verified_from_publisher_label,3,2714,mirror_is_index,2021-04-25
huatai_macro-2021-04-25-华泰宏观-图解中国周报-消费走强-财政扩张力度明显减弱-20210425,huatai_macro,华泰宏观,华泰证券宏观研究,configured_public_index,【华泰宏观 | 图解中国周报】消费走强；财政扩张力度明显减弱（20210425）,https://www.10100.com/article/65866433,full_mirror,clean,verified_from_configured_author_id,20,2443,,2021-04-25
cicc_perspective-2021-04-25-中金宏观-FOMC前瞻-美联储或延续鸽派基调,cicc_perspective,中金点睛,中金宏观,team_channel,中金宏观 | FOMC前瞻：美联储或延续鸽派基调,https://www.10100.com/article/148042412,full_mirror,clean,verified_from_configured_author_id,12,3429,,2021-04-25
cicc_perspective-2021-04-21-中金宏观-财政收缩减缓内需增长-1季度财政数据点评,cicc_perspective,中金点睛,中金宏观,team_channel,中金宏观 | 财政收缩减缓内需增长——1季度财政数据点评,https://www.10100.com/article/148029377,full_mirror,clean,verified_from_configured_author_id,6,1592,,2021-04-21
cicc_perspective-2021-04-19-中金宏观-从行业数据看复苏分化,cicc_perspective,中金点睛,中金宏观,team_channel,中金宏观 | 从行业数据看复苏分化,https://www.10100.com/article/148042414,full_mirror,clean,verified_from_configured_author_id,6,2716,,2021-04-19
cicc_perspective-2021-04-19-中金-面临三重压力-哪些行业受伤小,cicc_perspective,中金点睛,中金宏观,team_channel,中金：面临三重压力，哪些行业受伤小？,https://www.10100.com/article/148029630,full_mirror,clean,verified_from_configured_author_id,31,8814,,2021-04-19
huatai_macro-2021-04-18-华泰宏观-图解海外周报-消费及地产投资升温-商品涨势再起,huatai_macro,华泰宏观,华泰证券宏观研究,configured_public_index,【华泰宏观 | 图解海外周报】消费及地产投资升温，商品涨势再起,https://www.10100.com/article/65866464,full_mirror,clean,verified_from_configured_author_id,28,3053,,2021-04-18
cicc_perspective-2021-04-18-中金宏观-美债利率回落-流动性与技术调整,cicc_perspective,中金点睛,中金宏观,team_channel,中金宏观 | 美债利率回落：流动性与技术调整,https://www.10100.com/article/148029378,full_mirror,clean,verified_from_configured_author_id,14,3755,,2021-04-18
lichao_macro-2021-04-17-浙商宏观-李超-非标如何收缩,lichao_macro,李超宏观研究与资产配置,李超宏观研究与资产配置,exact,【浙商宏观||李超】非标如何收缩?,http://finance.sina.com.cn/money/future/2021-04-23/doc-ikmxzfmk8513728.shtml,full_mirror,clean,verified_from_publisher_label,22,9939,,2021-04-17
cicc_perspective-2021-04-17-中金宏观-分化中放缓-政策以稳为主-1季度经济数据点评,cicc_perspective,中金点睛,中金宏观,team_channel,中金宏观 | 分化中放缓，政策以稳为主——1季度经济数据点评,https://www.10100.com/article/148042289,full_mirror,clean,verified_from_configured_author_id,6,2845,,2021-04-17
huatai_macro-2021-04-16-华泰宏观-一季度增长如期跳升-工业减速提价,huatai_macro,华泰宏观,华泰证券宏观研究,configured_public_index,【华泰宏观】一季度增长如期跳升、工业减速提价,https://www.10100.com/article/65959208,full_mirror,clean,verified_from_configured_author_id,10,2920,,2021-04-16
cicc_perspective-2021-04-16-中金宏观-财政刺激再次推升消费-3月美国零售数据点评,cicc_perspective,中金点睛,中金宏观,team_channel,中金宏观 | 财政刺激再次推升消费——3月美国零售数据点评,https://www.10100.com/article/148029219,full_mirror,clean,verified_from_configured_author_id,8,1381,,2021-04-16
zhongzhengsheng-2021-04-14-推动2020年中国出口超预期的力量正在减弱-2021年3月外贸数据点评,zhongzhengsheng,钟正生经济分析,钟正生经济分析,exact,推动2020年中国出口超预期的力量正在减弱——2021年3月外贸数据点评,https://www.baogaopai.com/baogao-view-402980.html,abstract_only,flagged,verified_from_publisher_label,0,454,mirror_is_abstract,2021-04-14
huatai_macro-2021-04-14-华泰宏观-过滤基数效应后出口动能3月暂缓,huatai_macro,华泰宏观,华泰证券宏观研究,configured_public_index,【华泰宏观】过滤基数效应后出口动能3月暂缓,https://www.10100.com/article/65866495,full_mirror,clean,verified_from_configured_author_id,11,2240,,2021-04-14
cicc_perspective-2021-04-14-中金宏观-油价和财政刺激推升CPI-美国3月CPI点评,cicc_perspective,中金点睛,中金宏观,team_channel,中金宏观 | 油价和财政刺激推升CPI——美国3月CPI点评,https://www.10100.com/article/148035700,full_mirror,clean,verified_from_configured_author_id,4,1194,,2021-04-14
cicc_perspective-2021-04-13-中金宏观-基本面和就地过年支撑3月出口-3月进出口点评,cicc_perspective,中金点睛,中金宏观,team_channel,中金宏观 | 基本面和就地过年支撑3月出口——3月进出口点评,https://www.10100.com/article/148029506,full_mirror,clean,verified_from_configured_author_id,5,2116,,2021-04-13
huatai_macro-2021-04-12-华泰宏观-图解海外周报-美债利率暂稳-但需求环比仍在加速-20210411,huatai_macro,华泰宏观,华泰证券宏观研究,configured_public_index,【华泰宏观 | 图解海外周报】美债利率暂稳、但需求环比仍在加速（20210411）,https://www.10100.com/article/65959213,full_mirror,clean,verified_from_configured_author_id,30,3010,,2021-04-12
cicc_perspective-2021-04-12-中金宏观-供给面因素加剧原材料涨价,cicc_perspective,中金点睛,中金宏观,team_channel,中金宏观 | 供给面因素加剧原材料涨价,https://www.10100.com/article/148029626,full_mirror,clean,verified_from_configured_author_id,5,2003,,2021-04-12
cicc_perspective-2021-04-11-中金宏观-全球复苏面临分化-发达好于新兴,cicc_perspective,中金点睛,中金宏观,team_channel,中金宏观 | 全球复苏面临分化，发达好于新兴,https://www.10100.com/article/148042411,full_mirror,clean,verified_from_configured_author_id,16,2997,,2021-04-11
sws_macro-2021-04-10-申万宏源宏观周报-财政部-遏制隐性债务-宏观税负保持稳定,sws_macro,申万宏源宏观,申万宏源宏观,team_research_stream,申万宏源宏观周报：财政部：遏制隐性债务、宏观税负保持稳定,http://stock.finance.sina.com.cn/stock/go.php/vReport_Show/kind/lastest/rptid/671406698071/index.phtml,abstract_only,flagged,verified_from_publisher_or_team_citation,0,1324,mirror_is_abstract,2021-04-10
cicc_perspective-2021-04-09-中金宏观-物价反映上下游分化-2021年3月通胀数据点评,cicc_perspective,中金点睛,中金宏观,team_channel,中金宏观 | 物价反映上下游分化—2021年3月通胀数据点评,https://www.10100.com/article/148029375,full_mirror,clean,verified_from_configured_author_id,6,2263,,2021-04-09
cicc_perspective-2021-04-08-中金宏观-宏观探市-二季度人民币展望,cicc_perspective,中金点睛,中金宏观,team_channel,中金宏观 | 宏观探市：二季度人民币展望,https://www.10100.com/article/148035779,full_mirror,clean,verified_from_configured_author_id,25,3383,,2021-04-08
huatai_macro-2021-04-05-华泰宏观-图解中国周报-长周末消费向好-工业生产维持强势,huatai_macro,华泰宏观,华泰证券宏观研究,configured_public_index,【华泰宏观 | 图解中国周报】长周末消费向好；工业生产维持强势,https://www.10100.com/article/65866497,full_mirror,clean,verified_from_configured_author_id,18,2338,,2021-04-05
cicc_perspective-2021-04-05-中金宏观-4月仍需关注信用风险,cicc_perspective,中金点睛,中金宏观,team_channel,中金宏观 | 4月仍需关注信用风险,https://www.10100.com/article/148029499,full_mirror,clean,verified_from_configured_author_id,5,2234,,2021-04-05
cicc_perspective-2021-04-04-中金宏观-强劲非农有望提振市场情绪,cicc_perspective,中金点睛,中金宏观,team_channel,中金宏观 | 强劲非农有望提振市场情绪,https://www.10100.com/article/148035698,full_mirror,clean,verified_from_configured_author_id,17,2980,,2021-04-04
cicc_perspective-2021-04-02-中金宏观-经济增长仍有韧性-货币增速或将下行-3月份经济数据前瞻,cicc_perspective,中金点睛,中金宏观,team_channel,中金宏观 | 经济增长仍有韧性、货币增速或将下行—3月份经济数据前瞻,https://www.10100.com/article/148029640,full_mirror,clean,verified_from_configured_author_id,3,2078,,2021-04-02
cicc_perspective-2021-04-02-中金宏观-经济加速扩张-美国3月制造业PMI点评,cicc_perspective,中金点睛,中金宏观,team_channel,中金宏观 | 经济加速扩张—美国3月制造业PMI点评,https://www.10100.com/article/148042286,full_mirror,clean,verified_from_configured_author_id,9,1580,,2021-04-02
huatai_macro-2021-04-01-华泰宏观-韩国3月出口增长高位继续加速,huatai_macro,华泰宏观,华泰证券宏观研究,configured_public_index,【华泰宏观】韩国3月出口增长高位继续加速,https://www.10100.com/article/65866504,full_mirror,clean,verified_from_configured_author_id,8,1823,,2021-04-01
guolei_macro-2021-04-01-广发宏观-实际贷款利率下降应如何理解,guolei_macro,郭磊宏观茶座,广发证券,institutional_archive,【广发宏观】实际贷款利率下降应如何理解,https://www.10100.com/article/76701612,full_mirror,clean,verified_from_configured_author_id_and_title_signature,1,4664,,2021-04-01
guolei_macro-2021-04-01-广发宏观-企业投资预期走高-融资环境指数走低,guolei_macro,郭磊宏观茶座,广发证券,institutional_archive,【广发宏观】企业投资预期走高，融资环境指数走低,https://www.10100.com/article/76476421,full_mirror,clean,verified_from_configured_author_id_and_title_signature,8,4173,,2021-04-01
huatai_macro-2021-03-31-华泰宏观-节后制造业景气强势回归-服务业修复,huatai_macro,华泰宏观,华泰证券宏观研究,configured_public_index,【华泰宏观】节后制造业景气强势回归、服务业修复,https://www.10100.com/article/65959166,full_mirror,clean,verified_from_configured_author_id,8,1845,,2021-03-31
cicc_perspective-2021-03-31-中金宏观-总体良好-但分化仍显著-3月PMI点评,cicc_perspective,中金点睛,中金宏观,team_channel,中金宏观 | 总体良好，但分化仍显著——3月PMI点评,https://www.10100.com/article/148029218,full_mirror,clean,verified_from_configured_author_id,6,2019,,2021-03-31
cicc_perspective-2021-03-31-中金宏观-宏观探市-犹豫的美元,cicc_perspective,中金点睛,中金宏观,team_channel,中金宏观 | 宏观探市：犹豫的美元,https://www.10100.com/article/148042419,full_mirror,clean,verified_from_configured_author_id,26,3024,,2021-03-31
cicc_perspective-2021-03-31-中金-美债收益率还会走多高,cicc_perspective,中金点睛,中金宏观,team_channel,中金：美债收益率还会走多高？,https://www.10100.com/article/148029504,full_mirror,clean,verified_from_configured_author_id,13,7715,,2021-03-31
cicc_perspective-2021-03-31-中金-拜登基建-变着法子闯关,cicc_perspective,中金点睛,中金宏观,team_channel,中金 | 拜登基建：变着法子闯关,https://www.10100.com/article/148035785,full_mirror,clean,verified_from_configured_author_id,22,10347,,2021-03-31
cicc_perspective-2021-03-30-中金宏观-3月CMI-复苏温差大,cicc_perspective,中金点睛,中金宏观,team_channel,中金宏观 | 3月CMI - 复苏温差大,https://www.10100.com/article/148029382,full_mirror,clean,verified_from_configured_author_id,6,2497,,2021-03-30
huatai_macro-2021-03-29-华泰宏观-3月及Q1数据预览-工业贸易高景气-Q1有望强势开局,huatai_macro,华泰宏观,华泰证券宏观研究,configured_public_index,【华泰宏观】3月及Q1数据预览：工业贸易高景气，Q1有望强势开局,https://www.10100.com/article/65866506,full_mirror,clean,verified_from_configured_author_id,6,2133,,2021-03-29
cicc_perspective-2021-03-29-中金宏观-工业利润增速加快-出口增长仍有韧性,cicc_perspective,中金点睛,中金宏观,team_channel,中金宏观 | 工业利润增速加快，出口增长仍有韧性,https://www.10100.com/article/148029624,full_mirror,clean,verified_from_configured_author_id,5,2221,,2021-03-29
huatai_macro-2021-03-28-华泰宏观-图解海外周报-美国服务业加速重启-新兴市场承压,huatai_macro,华泰宏观,华泰证券宏观研究,configured_public_index,【华泰宏观 | 图解海外周报】美国服务业加速重启、新兴市场承压,https://www.10100.com/article/65959133,full_mirror,clean,verified_from_configured_author_id,53,3583,,2021-03-28
huatai_macro-2021-03-28-华泰宏观-图解中国周报-企业盈利加速修复-流动性稳中偏紧,huatai_macro,华泰宏观,华泰证券宏观研究,configured_public_index,【华泰宏观 | 图解中国周报】企业盈利加速修复；流动性稳中偏紧,https://www.10100.com/article/65866418,full_mirror,clean,verified_from_configured_author_id,20,2398,,2021-03-28
cicc_perspective-2021-03-28-中金宏观-鲍威尔首谈削减宽松-如何解读,cicc_perspective,中金点睛,中金宏观,team_channel,中金宏观 | 鲍威尔首谈削减宽松，如何解读？,https://www.10100.com/article/148042406,full_mirror,clean,verified_from_configured_author_id,14,3514,,2021-03-28
yiyuzhongde-2021-03-23-华创宏观-张瑜团队-财政预算的四个信号,yiyuzhongde,一瑜中的,一瑜中的,exact,【华创宏观·张瑜团队】财政预算的四个信号,https://www.fxbaogao.com/detail/2479654,abstract_only,flagged,verified_from_publisher_label,1,1014,mirror_is_abstract,2021-03-23
cicc_perspective-2021-03-22-中金宏观-通胀上升-部分央行开启加息,cicc_perspective,中金点睛,中金宏观,team_channel,中金宏观 | 通胀上升，部分央行开启加息,https://www.10100.com/article/148029496,full_mirror,clean,verified_from_configured_author_id,12,2928,,2021-03-22
huatai_macro-2021-03-21-华泰宏观-图解海外周报-联储鸽派难阻美国长债利率快速上行,huatai_macro,华泰宏观,华泰证券宏观研究,configured_public_index,【华泰宏观|图解海外周报】联储鸽派难阻美国长债利率快速上行,https://www.10100.com/article/65959148,full_mirror,clean,verified_from_configured_author_id,25,2691,,2021-03-21
huatai_macro-2021-03-21-华泰宏观-图解中国周报-开工旺季推升需求-地产调控再加码-20210321,huatai_macro,华泰宏观,华泰证券宏观研究,configured_public_index,【华泰宏观|图解中国周报】开工旺季推升需求；地产调控再加码（20210321）,https://www.10100.com/article/65866422,full_mirror,clean,verified_from_configured_author_id,24,2595,,2021-03-21
cicc_perspective-2021-03-20-中金宏观-美债急跌-还是-心动-为主,cicc_perspective,中金点睛,中金宏观,team_channel,中金宏观 | 美债急跌：还是“心动”为主,https://www.10100.com/article/148029463,full_mirror,clean,verified_from_configured_author_id,8,2115,,2021-03-20
cicc_perspective-2021-03-20-中金宏观-2月LEI-领先指标预示复苏节奏减缓,cicc_perspective,中金点睛,中金宏观,team_channel,中金宏观 | 2月LEI - 领先指标预示复苏节奏减缓,https://www.10100.com/article/148029654,full_mirror,clean,verified_from_configured_author_id,5,2084,,2021-03-20
cicc_perspective-2021-03-19-中金宏观-财政扩张力度较去年减弱-1-2月财政数据点评,cicc_perspective,中金点睛,中金宏观,team_channel,中金宏观 | 财政扩张力度较去年减弱——1-2月财政数据点评,https://www.10100.com/article/148042317,full_mirror,clean,verified_from_configured_author_id,4,1795,,2021-03-19
yiyuzhongde-2021-03-18-华创宏观-张瑜团队-美联储为何不干预美债市场-3月FOMC会议点评,yiyuzhongde,一瑜中的,一瑜中的,exact,【华创宏观·张瑜团队】美联储为何不干预美债市场?——3月FOMC会议点评,https://m.cls.cn/detail/707983,full_mirror,clean,verified_from_publisher_label,12,8125,,2021-03-18
guojun_macro-2021-03-18-国君宏观-美债研究框架-一-收益率会破2-吗-全球大类资产价格和配置探索系列,guojun_macro,国君宏观研究,宏观长春,historical_predecessor,【国君宏观】美债研究框架(一):收益率会破2%吗——全球大类资产价格和配置探索系列,https://download.csdn.net/download/qq_38412739/16561540,index_only,flagged,verified_from_publisher_label,3,3670,mirror_is_index,2021-03-18
cicc_perspective-2021-03-17-中金宏观-零售暂时回落-更大规模财政刺激落地-2月美国零售数据点评,cicc_perspective,中金点睛,中金宏观,team_channel,中金宏观 | 零售暂时回落，更大规模财政刺激落地——2月美国零售数据点评,https://www.10100.com/article/148029464,full_mirror,clean,verified_from_configured_author_id,6,1394,,2021-03-17
cicc_perspective-2021-03-16-中金宏观-K型复苏-高端通胀-低端通缩,cicc_perspective,中金点睛,中金宏观,team_channel,中金宏观 | K型复苏：高端通胀，低端通缩,https://www.10100.com/article/148029514,full_mirror,clean,verified_from_configured_author_id,9,2493,,2021-03-16
huatai_macro-2021-03-15-华泰宏观-1-2月经济活动数据-过滤基数后工业和贸易周期继续走强,huatai_macro,华泰宏观,华泰证券宏观研究,configured_public_index,【华泰宏观】1-2月经济活动数据：过滤基数后工业和贸易周期继续走强,https://www.10100.com/article/65866437,full_mirror,clean,verified_from_configured_author_id,8,2577,,2021-03-15
guolei_macro-2021-03-15-广发宏观-2月社融为何超预期,guolei_macro,郭磊宏观茶座,广发证券,institutional_archive,【广发宏观】2月社融为何超预期,https://www.10100.com/article/76476307,full_mirror,clean,verified_from_configured_author_id_and_title_signature,2,4359,,2021-03-15
cicc_perspective-2021-03-15-中金宏观-大宗商品涨价对国内CPI影响有限,cicc_perspective,中金点睛,中金宏观,team_channel,中金宏观 | 大宗商品涨价对国内CPI影响有限,https://www.10100.com/article/148035822,full_mirror,clean,verified_from_configured_author_id,7,1989,,2021-03-15
cicc_perspective-2021-03-15-中金宏观-出口和楼市显韧性-内需动能稳中偏弱-1-2月经济数据点评,cicc_perspective,中金点睛,中金宏观,team_channel,中金宏观 | 出口和楼市显韧性，内需动能稳中偏弱——1-2月经济数据点评,https://www.10100.com/article/148029252,full_mirror,clean,verified_from_configured_author_id,11,1906,,2021-03-15
cicc_perspective-2021-03-15-中金宏观-FOMC前瞻-不宜对美联储期待过高,cicc_perspective,中金点睛,中金宏观,team_channel,中金宏观 | FOMC前瞻：不宜对美联储期待过高,https://www.10100.com/article/148029652,full_mirror,clean,verified_from_configured_author_id,8,2414,,2021-03-15
guojun_macro-2021-03-12-国君宏观-美债研究框架-二-区间不变-节奏前移-全球大类资产价格和配置探索系列,guojun_macro,国君宏观研究,宏观长春,historical_predecessor,"【国君宏观】美债研究框架(二):区间不变,节奏前移 ——全球大类资产价格和配置探索系列",http://finance.sina.com.cn/wm/2021-03-12/doc-ikkntiak9488094.shtml,full_mirror,clean,verified_from_publisher_label,36,9370,,2021-03-12
cicc_perspective-2021-03-11-中金宏观-油价继续推升CPI-核心CPI仍然温和-美国2月CPI点评,cicc_perspective,中金点睛,中金宏观,team_channel,中金宏观 | 油价继续推升CPI，核心CPI仍然温和——美国2月CPI点评,https://www.10100.com/article/148029394,full_mirror,clean,verified_from_configured_author_id,5,1339,,2021-03-11
huatai_macro-2021-03-10-华泰宏观-信贷需求再超预期,huatai_macro,华泰宏观,华泰证券宏观研究,configured_public_index,【华泰宏观】信贷需求再超预期,https://www.10100.com/article/65959123,full_mirror,clean,verified_from_configured_author_id,9,2766,,2021-03-10
cicc_perspective-2021-03-10-中金宏观-输入性通胀难成货币收紧理由-2021年2月通胀数据点评,cicc_perspective,中金点睛,中金宏观,team_channel,中金宏观 | 输入性通胀难成货币收紧理由 — 2021年2月通胀数据点评,https://www.10100.com/article/148035770,full_mirror,clean,verified_from_configured_author_id,3,1493,,2021-03-10
huatai_macro-2021-03-08-华泰宏观-图解海外周报-新一轮刺激进一步凸显美债供需矛盾-20210307,huatai_macro,华泰宏观,华泰证券宏观研究,configured_public_index,【华泰宏观|图解海外周报】新一轮刺激进一步凸显美债供需矛盾（20210307）,https://www.10100.com/article/65866379,full_mirror,clean,verified_from_configured_author_id,28,3031,,2021-03-08
guolei_macro-2021-03-08-广发宏观-政府工作报告的几个数字要点,guolei_macro,郭磊宏观茶座,广发证券,institutional_archive,【广发宏观】政府工作报告的几个数字要点,https://www.10100.com/article/76701644,full_mirror,clean,verified_from_configured_author_id_and_title_signature,2,4453,,2021-03-08
huatai_macro-2021-03-07-华泰宏观-美国参议院通过1-9万亿新增刺激,huatai_macro,华泰宏观,华泰证券宏观研究,configured_public_index,【华泰宏观】美国参议院通过1.9万亿新增刺激,https://www.10100.com/article/65959176,full_mirror,clean,verified_from_configured_author_id,7,2043,,2021-03-07
huatai_macro-2021-03-07-华泰宏观-服务业就业修复-居民收入大幅回升,huatai_macro,华泰宏观,华泰证券宏观研究,configured_public_index,【华泰宏观】服务业就业修复，居民收入大幅回升,https://www.10100.com/article/65866382,full_mirror,clean,verified_from_configured_author_id,10,2094,,2021-03-07
cicc_perspective-2021-03-07-中金宏观-两个因素支撑出口韧性-1-2月进出口点评,cicc_perspective,中金点睛,中金宏观,team_channel,中金宏观 | 两个因素支撑出口韧性——1-2月进出口点评,https://www.10100.com/article/148042291,full_mirror,clean,verified_from_configured_author_id,4,2145,,2021-03-07
cicc_perspective-2021-03-07-中金宏观-上调今年美国GDP增速预测至6-2,cicc_perspective,中金点睛,中金宏观,team_channel,中金宏观 | 上调今年美国GDP增速预测至6.2%,https://www.10100.com/article/148029384,full_mirror,clean,verified_from_configured_author_id,9,1943,,2021-03-07
cicc_perspective-2021-03-06-中金宏观-PPI上升难以构成货币收紧的理由,cicc_perspective,中金点睛,中金宏观,team_channel,中金宏观 | PPI上升难以构成货币收紧的理由,https://www.10100.com/article/148029510,full_mirror,clean,verified_from_configured_author_id,16,3804,,2021-03-06
cicc_perspective-2021-03-05-中金-风暴过后-美债利率何去何从,cicc_perspective,中金点睛,中金宏观,team_channel,中金：风暴过后，美债利率何去何从？,https://www.10100.com/article/148042292,full_mirror,clean,verified_from_configured_author_id,26,14205,,2021-03-05
cicc_perspective-2021-03-04-中金宏观-财政思维大转向-美国经济或超预期,cicc_perspective,中金点睛,中金宏观,team_channel,中金宏观 | 财政思维大转向，美国经济或超预期,https://www.10100.com/article/148029238,full_mirror,clean,verified_from_configured_author_id,13,5951,,2021-03-04
cicc_perspective-2021-03-04-中金宏观-国新办发布会透露的新动向-两会前瞻,cicc_perspective,中金点睛,中金宏观,team_channel,中金宏观 | 国新办发布会透露的新动向——两会前瞻,https://www.10100.com/article/148035790,full_mirror,clean,verified_from_configured_author_id,14,8996,,2021-03-04
cicc_perspective-2021-03-03-中金宏观-出口仍是亮点-1-2月宏观经济数据前瞻,cicc_perspective,中金点睛,中金宏观,team_channel,中金宏观 | 出口仍是亮点——1-2月宏观经济数据前瞻,https://www.10100.com/article/148042331,full_mirror,clean,verified_from_configured_author_id,3,1866,,2021-03-03
cicc_perspective-2021-03-01-中金宏观-总体尚好-但小企业出口压力大-2月PMI点评,cicc_perspective,中金点睛,中金宏观,team_channel,中金宏观 | 总体尚好，但小企业出口压力大——2月PMI点评,https://www.10100.com/article/148029533,full_mirror,clean,verified_from_configured_author_id,5,1750,,2021-03-01
cicc_perspective-2021-03-01-中金宏观-今年美国通胀有多高,cicc_perspective,中金点睛,中金宏观,team_channel,中金宏观 | 今年美国通胀有多高？,https://www.10100.com/article/148042332,full_mirror,clean,verified_from_configured_author_id,9,2323,,2021-03-01
huatai_macro-2021-02-28-华泰宏观-图解中国周报-开工如期提前-工业品价格加速上涨-20210227,huatai_macro,华泰宏观,华泰证券宏观研究,configured_public_index,【华泰宏观|图解中国周报】开工如期提前，工业品价格加速上涨（20210227）,https://www.10100.com/article/65959179,full_mirror,clean,verified_from_configured_author_id,29,2721,,2021-02-28
huatai_macro-2021-02-28-华泰宏观-2月PMI-季节性回落但仍显韧性,huatai_macro,华泰宏观,华泰证券宏观研究,configured_public_index,【华泰宏观】2月PMI：季节性回落但仍显韧性,https://www.10100.com/article/65866528,full_mirror,clean,verified_from_configured_author_id,8,1874,,2021-02-28
cicc_perspective-2021-02-27-中金宏观-美债有望暂获喘息,cicc_perspective,中金点睛,中金宏观,team_channel,中金宏观 | 美债有望暂获喘息,https://www.10100.com/article/148029339,full_mirror,clean,verified_from_configured_author_id,10,2549,,2021-02-27
cicc_perspective-2021-02-26-中金宏观-美联储-默许-美债利率上升,cicc_perspective,中金点睛,中金宏观,team_channel,中金宏观 | 美联储“默许”美债利率上升,https://www.10100.com/article/148029650,full_mirror,clean,verified_from_configured_author_id,4,1682,,2021-02-26
huatai_macro-2021-02-24-华泰宏观-美国增长或将呈-过热-之势,huatai_macro,华泰宏观,华泰证券宏观研究,configured_public_index,【华泰宏观】美国增长或将呈“过热”之势,https://www.10100.com/article/65959218,full_mirror,clean,verified_from_configured_author_id,26,15039,,2021-02-24
guolei_macro-2021-02-22-广发宏观贺骁束-春节期间的七条关键信息,guolei_macro,郭磊宏观茶座,广发证券,institutional_archive,【广发宏观贺骁束】春节期间的七条关键信息,https://www.10100.com/article/76476439,full_mirror,clean,verified_from_configured_author_id_and_title_signature,4,4239,,2021-02-22
cicc_perspective-2021-02-22-中金宏观-美国实际利率上升-影响或有限,cicc_perspective,中金点睛,中金宏观,team_channel,中金宏观 | 美国实际利率上升，影响或有限,https://www.10100.com/article/148035766,full_mirror,clean,verified_from_configured_author_id,8,2622,,2021-02-22
cicc_perspective-2021-02-22-中金宏观-春节消费勿过喜-资金回笼勿过忧,cicc_perspective,中金点睛,中金宏观,team_channel,中金宏观 | 春节消费勿过喜，资金回笼勿过忧,https://www.10100.com/article/148029242,full_mirror,clean,verified_from_configured_author_id,4,2510,,2021-02-22
cicc_perspective-2021-02-21-中金宏观-服务业复苏或接近尾声,cicc_perspective,中金点睛,中金宏观,team_channel,中金宏观 | 服务业复苏或接近尾声,https://www.10100.com/article/148029651,full_mirror,clean,verified_from_configured_author_id,10,2040,,2021-02-21
cicc_perspective-2021-02-20-中金宏观-破解出口-神秘的韧性,cicc_perspective,中金点睛,中金宏观,team_channel,中金宏观 | 破解出口“神秘的韧性”,https://www.10100.com/article/148042308,full_mirror,clean,verified_from_configured_author_id,26,7021,,2021-02-20
zhongzhengsheng-2021-02-19-钟正生-中国制造业要避免-未富先去,zhongzhengsheng,钟正生经济分析,钟正生经济分析,exact,钟正生:中国制造业要避免“未富先去”,https://finance.sina.com.cn/hy/hyjz/2021-02-05/doc-ikftpnny5140984.shtml,full_mirror,clean,verified_from_publisher_label,7,2225,,2021-02-19
huatai_macro-2021-02-18-华泰宏观-美国消费开启强劲反弹模式,huatai_macro,华泰宏观,华泰证券宏观研究,configured_public_index,【华泰宏观】美国消费开启强劲反弹模式,https://www.10100.com/article/65866521,full_mirror,clean,verified_from_configured_author_id,9,1965,,2021-02-18
cicc_perspective-2021-02-18-中金宏观-第二轮财政刺激提振消费-1月美国零售数据点评,cicc_perspective,中金点睛,中金宏观,team_channel,中金宏观 | 第二轮财政刺激提振消费——1月美国零售数据点评,https://www.10100.com/article/148029247,full_mirror,clean,verified_from_configured_author_id,4,1709,,2021-02-18
huatai_macro-2021-02-17-华泰宏观-高频指标印证了哪些就地过年趋势,huatai_macro,华泰宏观,华泰证券宏观研究,configured_public_index,【华泰宏观】高频指标印证了哪些就地过年趋势？,https://www.10100.com/article/65959181,full_mirror,clean,verified_from_configured_author_id,13,2472,,2021-02-17
cicc_perspective-2021-02-17-中金宏观-油价大涨如何影响资产价格,cicc_perspective,中金点睛,中金宏观,team_channel,中金宏观 | 油价大涨如何影响资产价格？,https://www.10100.com/article/148042339,full_mirror,clean,verified_from_configured_author_id,10,3406,,2021-02-17
lichao_macro-2021-02-11-浙商宏观李超团队恭祝大家新春吉祥,lichao_macro,李超宏观研究与资产配置,李超宏观研究与资产配置,exact,浙商宏观李超团队恭祝大家新春吉祥!,https://finance.sina.cn/2023-01-21/detail-imyawvrx5528774.d.html?cref=cj,abstract_only,flagged,verified_from_publisher_label,10,1293,mirror_is_abstract,2021-02-11
cicc_perspective-2021-02-11-中金宏观-油价推高CPI环比-疫情压低核心通胀-美国1月CPI点评,cicc_perspective,中金点睛,中金宏观,team_channel,中金宏观 | 油价推高CPI环比，疫情压低核心通胀：美国1月CPI点评,https://www.10100.com/article/148029342,full_mirror,clean,verified_from_configured_author_id,7,1820,,2021-02-11
yiyuzhongde-2021-02-10-华创宏观-张瑜团队-通胀的太阳即将升起-1月通胀数据点评,yiyuzhongde,一瑜中的,一瑜中的,exact,【华创宏观·张瑜团队】通胀的太阳即将升起——1月通胀数据点评,https://news.qq.com/rain/a/20210210A0BGK700,full_mirror,clean,verified_from_publisher_label,10,5240,,2021-02-10
cicc_perspective-2021-02-10-中金宏观-融资需求仍较强-2021年1月金融数据点评,cicc_perspective,中金点睛,中金宏观,team_channel,中金宏观 | 融资需求仍较强 —— 2021年1月金融数据点评,https://www.10100.com/article/148029549,full_mirror,clean,verified_from_configured_author_id,2,2019,,2021-02-10
cicc_perspective-2021-02-10-中金宏观-基数与春节错位短暂拖累CPI-2021年1月通胀数据点评,cicc_perspective,中金点睛,中金宏观,team_channel,中金宏观 | 基数与春节错位短暂拖累CPI — 2021年1月通胀数据点评,https://www.10100.com/article/148035836,full_mirror,clean,verified_from_configured_author_id,4,1483,,2021-02-10
huatai_macro-2021-02-09-华泰宏观-融资需求强劲推动1月社融超预期,huatai_macro,华泰宏观,华泰证券宏观研究,configured_public_index,【华泰宏观】融资需求强劲推动1月社融超预期,https://www.10100.com/article/65866548,full_mirror,clean,verified_from_configured_author_id,9,2312,,2021-02-09
cicc_perspective-2021-02-09-中金宏观-货币政策相机抉择-稳字当头,cicc_perspective,中金点睛,中金宏观,team_channel,中金宏观 | 货币政策相机抉择，稳字当头,https://www.10100.com/article/148029660,full_mirror,clean,verified_from_configured_author_id,2,1548,,2021-02-09
huatai_macro-2021-02-07-华泰宏观-解读当前宏观背景下的短期流动性波动,huatai_macro,华泰宏观,华泰证券宏观研究,configured_public_index,【华泰宏观】解读当前宏观背景下的短期流动性波动,https://www.10100.com/article/65959164,full_mirror,clean,verified_from_configured_author_id,7,2517,,2021-02-07
cicc_perspective-2021-02-07-中金宏观-美元反弹的背后-疫苗与财政,cicc_perspective,中金点睛,中金宏观,team_channel,中金宏观 | 美元反弹的背后：疫苗与财政,https://www.10100.com/article/148029341,full_mirror,clean,verified_from_configured_author_id,10,2764,,2021-02-07
huatai_macro-2021-02-06-华泰宏观-美国居民收入增长有望再加速,huatai_macro,华泰宏观,华泰证券宏观研究,configured_public_index,【华泰宏观】美国居民收入增长有望再加速,https://www.10100.com/article/65866481,full_mirror,clean,verified_from_configured_author_id,8,2184,,2021-02-06
cicc_perspective-2021-02-04-中金宏观-就地过年影响几何,cicc_perspective,中金点睛,中金宏观,team_channel,中金宏观 | 就地过年影响几何？,https://www.10100.com/article/148042337,full_mirror,clean,verified_from_configured_author_id,55,8942,,2021-02-04
cicc_perspective-2021-02-04-中金宏观-2021年的三大政策焦点,cicc_perspective,中金点睛,中金宏观,team_channel,中金宏观 | 2021年的三大政策焦点,https://www.10100.com/article/148029661,full_mirror,clean,verified_from_configured_author_id,17,9266,,2021-02-04
zhongzhengsheng-2021-02-03-平安宏观-就地过年-的经济和市场影响-2021年一季度宏观经济展望,zhongzhengsheng,钟正生经济分析,钟正生经济分析,exact,【平安宏观】“就地过年”的经济和市场影响——2021年一季度宏观经济展望,http://finance.sina.com.cn/stock/stockzmt/2021-02-03/doc-ikftssap2622095.shtml,full_mirror,clean,verified_from_publisher_label,43,2000,,2021-02-03
huatai_macro-2021-02-03-华泰宏观-韩国出口印证全球工业周期继续回升,huatai_macro,华泰宏观,华泰证券宏观研究,configured_public_index,【华泰宏观】韩国出口印证全球工业周期继续回升,https://www.10100.com/article/65959165,full_mirror,clean,verified_from_configured_author_id,9,2218,,2021-02-03
guolei_macro-2021-02-03-广发宏观郭磊-美债收益率与资产定价,guolei_macro,郭磊宏观茶座,郭磊宏观茶座,exact,【广发宏观郭磊】美债收益率与资产定价,http://www.huiyunyan.com/doc-18bf08de0b28a30476c7c6bbd3487cb4.html,full_mirror,clean,verified_from_publisher_label,5,2479,,2021-02-03
cicc_perspective-2021-02-02-中金宏观-制造业供不应求仍未缓解-1月美国ISM制造业PMI点评,cicc_perspective,中金点睛,中金宏观,team_channel,中金宏观 | 制造业供不应求仍未缓解——1月美国ISM制造业PMI点评,https://www.10100.com/article/148029220,full_mirror,clean,verified_from_configured_author_id,6,1568,,2021-02-02
cicc_perspective-2021-02-01-中金宏观-美国服务消费渐有起色,cicc_perspective,中金点睛,中金宏观,team_channel,中金宏观 | 美国服务消费渐有起色,https://www.10100.com/article/148042290,full_mirror,clean,verified_from_configured_author_id,8,1962,,2021-02-01
huatai_macro-2021-01-31-华泰宏观-图解中国周报-防疫收紧压制消费-流动性趋紧-20210131,huatai_macro,华泰宏观,华泰证券宏观研究,configured_public_index,【华泰宏观|图解中国周报】防疫收紧压制消费，流动性趋紧（20210131）,https://www.10100.com/article/65866500,full_mirror,clean,verified_from_configured_author_id,24,2535,,2021-01-31
cicc_perspective-2021-01-31-中金宏观-经济活动分化-价格韧性犹存-1月PMI指数点评,cicc_perspective,中金点睛,中金宏观,team_channel,中金宏观 | 经济活动分化，价格韧性犹存 - 1月PMI指数点评,https://www.10100.com/article/148029383,full_mirror,clean,verified_from_configured_author_id,5,1578,,2021-01-31
cicc_perspective-2021-01-29-中金宏观-政府收支延续高增长-全年赤字低于预算-2020年及12月财政数据点评,cicc_perspective,中金点睛,中金宏观,team_channel,中金宏观 | 政府收支延续高增长，全年赤字低于预算——2020年及12月财政数据点评,https://www.10100.com/article/148035788,full_mirror,clean,verified_from_configured_author_id,6,2153,,2021-01-29
huatai_macro-2021-01-28-华泰宏观-FOMC-鲍威尔坦言-谈退出量宽可能为时尚早,huatai_macro,华泰宏观,华泰证券宏观研究,configured_public_index,【华泰宏观】FOMC：鲍威尔坦言“谈退出量宽可能为时尚早”,https://www.10100.com/article/65866454,full_mirror,clean,verified_from_configured_author_id,10,2155,,2021-01-28
cicc_perspective-2021-01-28-中金宏观-高速增长-结构分化-12月工业企业利润数据点评,cicc_perspective,中金点睛,中金宏观,team_channel,中金宏观 | 高速增长，结构分化——12月工业企业利润数据点评,https://www.10100.com/article/148029509,full_mirror,clean,verified_from_configured_author_id,5,1695,,2021-01-28
huatai_macro-2021-01-27-华泰宏观-4季度工业企业盈利增长再加速,huatai_macro,华泰宏观,华泰证券宏观研究,configured_public_index,【华泰宏观】4季度工业企业盈利增长再加速,https://www.10100.com/article/65959161,full_mirror,clean,verified_from_configured_author_id,14,2259,,2021-01-27
cicc_perspective-2021-01-26-中金宏观-1月-CMI-全球复工暂无碍中国出口增长-价格明显上升,cicc_perspective,中金点睛,中金宏观,team_channel,中金宏观 | 1月 CMI——全球复工暂无碍中国出口增长，价格明显上升,https://www.10100.com/article/148029515,full_mirror,clean,verified_from_configured_author_id,7,2179,,2021-01-26
xuetao_macro-2021-01-25-就地过年对经济有何影响-天风宏观宋雪涛,xuetao_macro,雪涛宏观笔记,雪涛宏观笔记,exact,就地过年对经济有何影响?(天风宏观宋雪涛),https://finance.sina.com.cn/money/bond/research/2021-01-25/doc-ikftssap0701398.shtml,full_mirror,clean,verified_from_publisher_label,14,2540,,2021-01-25
guolei_macro-2021-01-25-广发宏观-如何看待2021年春节因素对流动性的影响,guolei_macro,郭磊宏观茶座,广发证券,institutional_archive,【广发宏观】如何看待2021年春节因素对流动性的影响,https://www.10100.com/article/76476541,full_mirror,clean,verified_from_configured_author_id_and_title_signature,4,5681,,2021-01-25
cicc_perspective-2021-01-25-中金宏观-疫情扩散抑制春节消费-就地过年提振假期生产,cicc_perspective,中金点睛,中金宏观,team_channel,中金宏观 | 疫情扩散抑制春节消费，就地过年提振假期生产,https://www.10100.com/article/148042445,full_mirror,clean,verified_from_configured_author_id,9,3015,,2021-01-25
cicc_perspective-2021-01-24-中金宏观-欧央行货币政策转向灵活,cicc_perspective,中金点睛,中金宏观,team_channel,中金宏观 | 欧央行货币政策转向灵活,https://www.10100.com/article/148029248,full_mirror,clean,verified_from_configured_author_id,9,2631,,2021-01-24
cicc_perspective-2021-01-19-中金宏观-三产亮眼-货币政策大致平稳-12月和4季度经济数据点评,cicc_perspective,中金点睛,中金宏观,team_channel,中金宏观 | 三产亮眼，货币政策大致平稳——12月和4季度经济数据点评,https://www.10100.com/article/148035767,full_mirror,clean,verified_from_configured_author_id,14,3276,,2021-01-19
huatai_macro-2021-01-18-华泰宏观-专题-食品通胀是否会超预期,huatai_macro,华泰宏观,华泰证券宏观研究,configured_public_index,【华泰宏观|专题】食品通胀是否会超预期？,https://www.10100.com/article/65866434,full_mirror,clean,verified_from_configured_author_id,14,7052,,2021-01-18
huatai_macro-2021-01-18-华泰宏观-上调2021年美国增长和财政赤字率预测,huatai_macro,华泰宏观,华泰证券宏观研究,configured_public_index,【华泰宏观】上调2021年美国增长和财政赤字率预测,https://www.10100.com/article/65959190,full_mirror,clean,verified_from_configured_author_id,11,2408,,2021-01-18
cicc_perspective-2021-01-18-中金宏观-虚实收敛-大宗价格如何演变,cicc_perspective,中金点睛,中金宏观,team_channel,中金宏观 | 虚实收敛，大宗价格如何演变？,https://www.10100.com/article/148029642,full_mirror,clean,verified_from_configured_author_id,42,9787,,2021-01-18
cicc_perspective-2021-01-17-中金宏观-美国疫情恶化-消费承压-2020年1月11日-1月17日,cicc_perspective,中金点睛,中金宏观,team_channel,中金宏观 | 美国疫情恶化，消费承压 (2020年1月11日~1月17日),https://www.10100.com/article/148042420,full_mirror,clean,verified_from_configured_author_id,16,3066,,2021-01-17
xuetao_macro-2021-01-11-再看2020年行业景气轮动特征-天风宏观宋雪涛,xuetao_macro,雪涛宏观笔记,雪涛宏观笔记,exact,再看2020年行业景气轮动特征(天风宏观宋雪涛),https://finance.sina.com.cn/money/bond/research/2021-01-11/doc-iiznctkf1399017.shtml,full_mirror,clean,verified_from_publisher_label,16,2694,,2021-01-11
huatai_macro-2021-01-11-华泰宏观-需求走强-PPI与食品通胀回升均超预期,huatai_macro,华泰宏观,华泰证券宏观研究,configured_public_index,【华泰宏观】需求走强，PPI与食品通胀回升均超预期,https://www.10100.com/article/65866555,full_mirror,clean,verified_from_configured_author_id,7,2045,,2021-01-11
huatai_macro-2021-01-10-华泰宏观-图解中国周报-消费走强-食品与大宗通胀齐升,huatai_macro,华泰宏观,华泰证券宏观研究,configured_public_index,【华泰宏观|图解中国周报】消费走强；食品与大宗通胀齐升,https://www.10100.com/article/65959185,full_mirror,clean,verified_from_configured_author_id,20,2416,,2021-01-10
cicc_perspective-2021-01-10-中金宏观-解码对美出口数据的困惑,cicc_perspective,中金点睛,中金宏观,team_channel,中金宏观 | 解码对美出口数据的困惑,https://www.10100.com/article/148029643,full_mirror,clean,verified_from_configured_author_id,10,6567,,2021-01-10
cicc_perspective-2021-01-06-中金宏观-美国制造业延续扩张势头-12月ISM制造业PMI点评,cicc_perspective,中金点睛,中金宏观,team_channel,中金宏观 | 美国制造业延续扩张势头——12月ISM制造业PMI点评,https://www.10100.com/article/148035838,full_mirror,clean,verified_from_configured_author_id,7,1838,,2021-01-06
xuetao_macro-2021-01-05-美国再通胀会有多高-天风宏观宋雪涛,xuetao_macro,雪涛宏观笔记,雪涛宏观笔记,exact,美国再通胀会有多高?(天风宏观宋雪涛),"https://guba.eastmoney.com/news,cfhpl,994608131.html",full_mirror,clean,verified_from_publisher_label,19,5166,,2021-01-05
cicc_perspective-2021-01-04-中金宏观-冬季疫情对国内经济影响有限,cicc_perspective,中金点睛,中金宏观,team_channel,中金宏观 | 冬季疫情对国内经济影响有限,https://www.10100.com/article/148029666,full_mirror,clean,verified_from_configured_author_id,6,2181,,2021-01-04
cicc_perspective-2021-01-03-中金宏观-全球疫苗接种进入加速期,cicc_perspective,中金点睛,中金宏观,team_channel,中金宏观|全球疫苗接种进入加速期,https://www.10100.com/article/148042487,full_mirror,clean,verified_from_configured_author_id,6,1798,,2021-01-03
cicc_perspective-2021-01-01-中金宏观-原料价格持续上涨-12月PMI指数点评,cicc_perspective,中金点睛,中金宏观,team_channel,中金宏观 | 原料价格持续上涨 - 12月PMI指数点评,https://www.10100.com/article/148035860,full_mirror,clean,verified_from_configured_author_id,4,1418,,2021-01-01
cicc_perspective-2021-01-01-中金宏观-4季度经济增速或超去年同期-12月经济数据预测,cicc_perspective,中金点睛,中金宏观,team_channel,中金宏观 | 4季度经济增速或超去年同期——12月经济数据预测,https://www.10100.com/article/148029518,full_mirror,clean,verified_from_configured_author_id,3,2286,,2021-01-01
huatai_macro-2020-12-31-华泰宏观-图解中国月报-工业品价格加速上行-流动性放松,huatai_macro,华泰宏观,华泰证券宏观研究,configured_public_index,【华泰宏观|图解中国月报】工业品价格加速上行;流动性放松,https://www.10100.com/article/65959158,full_mirror,clean,verified_from_configured_author_id,38,3042,,2020-12-31
huatai_macro-2020-12-31-华泰宏观-制造业持续复苏-通胀上行,huatai_macro,华泰宏观,华泰证券宏观研究,configured_public_index,【华泰宏观】制造业持续复苏、通胀上行,https://www.10100.com/article/65866459,full_mirror,clean,verified_from_configured_author_id,9,1715,,2020-12-31
cicc_perspective-2020-12-31-中金宏观-全球化的强心针-中欧投资协定谈判完成点评,cicc_perspective,中金点睛,中金宏观,team_channel,中金宏观 | 全球化的强心针 — 中欧投资协定谈判完成点评,https://www.10100.com/article/148029570,full_mirror,clean,verified_from_configured_author_id,6,1901,,2020-12-31
cicc_perspective-2020-12-29-中金宏观-11月-CMI-内需继续复苏-出口份额回落,cicc_perspective,中金点睛,中金宏观,team_channel,中金宏观 |11月 CMI——内需继续复苏，出口份额回落,https://www.10100.com/article/148029523,full_mirror,clean,verified_from_configured_author_id,7,2302,,2020-12-29
cicc_perspective-2020-12-29-中金-美欧企业破产和债务-盲点何在,cicc_perspective,中金点睛,中金宏观,team_channel,中金 | 美欧企业破产和债务：盲点何在？,https://www.10100.com/article/148042510,full_mirror,clean,verified_from_configured_author_id,31,8514,,2020-12-29
cicc_perspective-2020-12-28-中金-美国就业改善-半为真实半错觉,cicc_perspective,中金点睛,中金宏观,team_channel,中金 | 美国就业改善：半为真实半错觉？,https://www.10100.com/article/148035865,full_mirror,clean,verified_from_configured_author_id,33,9258,,2020-12-28
huatai_macro-2020-12-27-华泰宏观-图解中国周报-PPI维持涨势-流动性边际放松,huatai_macro,华泰宏观,华泰证券宏观研究,configured_public_index,【华泰宏观|图解中国周报】PPI维持涨势、流动性边际放松,https://www.10100.com/article/65866460,full_mirror,clean,verified_from_configured_author_id,39,3112,,2020-12-27
cicc_perspective-2020-12-27-中金宏观-疫情后再看美国企业部门债务压力,cicc_perspective,中金点睛,中金宏观,team_channel,中金宏观 | 疫情后再看美国企业部门债务压力,https://www.10100.com/article/148029670,full_mirror,clean,verified_from_configured_author_id,7,3123,,2020-12-27
cicc_perspective-2020-12-27-中金宏观-企业盈利带动制造业投资增速加快,cicc_perspective,中金点睛,中金宏观,team_channel,中金宏观 | 企业盈利带动制造业投资增速加快,https://www.10100.com/article/148042351,full_mirror,clean,verified_from_configured_author_id,5,1950,,2020-12-27
cicc_perspective-2020-12-25-中金宏观-是结束-也是开始-欧盟英国贸易和合作协定点评,cicc_perspective,中金点睛,中金宏观,team_channel,中金宏观 | 是结束，也是开始 — 欧盟英国贸易和合作协定点评,https://www.10100.com/article/148029352,full_mirror,clean,verified_from_configured_author_id,5,2285,,2020-12-25
xuetao_macro-2020-12-23-从交易预期到回到现实-2021年中国宏观经济和投资展望-天风宏观宋雪涛,xuetao_macro,雪涛宏观笔记,雪涛宏观笔记,exact,从交易预期到回到现实:2021年中国宏观经济和投资展望(天风宏观宋雪涛),https://www.yicai.com/news/100889577.html,full_mirror,clean,verified_from_publisher_label,17,5762,,2020-12-23
guolei_macro-2020-12-22-广发宏观团队-预见2021,guolei_macro,郭磊宏观茶座,郭磊宏观茶座,exact,【广发宏观团队】预见2021,https://aigcreative.feishu.cn/wiki/Kr5nwp5xji6nn1koCQacBPHknNh,abstract_only,flagged,verified_from_publisher_label,3,872,mirror_is_abstract,2020-12-22
huatai_macro-2020-12-20-华泰宏观-图解中国周报-景气加速上行-政策确认温和退出,huatai_macro,华泰宏观,华泰证券宏观研究,configured_public_index,【华泰宏观|图解中国周报】景气加速上行；政策确认温和退出,https://www.10100.com/article/65959225,full_mirror,clean,verified_from_configured_author_id,39,3001,,2020-12-20
cicc_perspective-2020-12-20-中金宏观-电力缘何紧张,cicc_perspective,中金点睛,中金宏观,team_channel,中金宏观 | 电力缘何紧张？,https://www.10100.com/article/148029671,full_mirror,clean,verified_from_configured_author_id,8,2385,,2020-12-20
cicc_perspective-2020-12-20-中金宏观-欧美疫情反复-但疫苗及财政救助进展积极,cicc_perspective,中金点睛,中金宏观,team_channel,中金宏观 | 欧美疫情反复，但疫苗及财政救助进展积极,https://www.10100.com/article/148042494,full_mirror,clean,verified_from_configured_author_id,3,1813,,2020-12-20
cicc_perspective-2020-12-20-中金宏观-11月-LEI-经济动能短期仍然较强-金融条件走弱,cicc_perspective,中金点睛,中金宏观,team_channel,中金宏观 | 11月 LEI — 经济动能短期仍然较强，金融条件走弱,https://www.10100.com/article/148035863,full_mirror,clean,verified_from_configured_author_id,8,2418,,2020-12-20
cicc_perspective-2020-12-19-中金宏观-力求平稳转弯-中央经济工作会议点评,cicc_perspective,中金点睛,中金宏观,team_channel,中金宏观 | 力求平稳转弯 — 中央经济工作会议点评,https://www.10100.com/article/148029486,full_mirror,clean,verified_from_configured_author_id,2,2555,,2020-12-19
guolei_macro-2020-12-18-广发宏观郭磊-如何理解中央经济工作会议,guolei_macro,郭磊宏观茶座,郭磊宏观茶座,exact,【广发宏观郭磊】如何理解中央经济工作会议,https://www.baike.com/wikiid/5111446160290933928,abstract_only,flagged,verified_from_publisher_label,1,524,mirror_is_abstract,2020-12-18
huatai_macro-2020-12-17-华泰宏观-FOMC点评-增长-通胀预期转暖不改宽松基调,huatai_macro,华泰宏观,华泰证券宏观研究,configured_public_index,【华泰宏观】FOMC点评：增长、通胀预期转暖不改宽松基调,https://www.10100.com/article/65959223,full_mirror,clean,verified_from_configured_author_id,11,1923,,2020-12-17
guojun_macro-2020-12-16-国君宏观-2020年11月经济数据点评-动能切换在途-复苏超预期的三个特征,guojun_macro,国君宏观研究,国泰君安证券研究,parent_platform,"国君宏观 | 2020年11月经济数据点评:动能切换在途,复苏超预期的三个特征",https://www.gelonghui.com/p/433786,full_mirror,clean,verified_from_publisher_label,12,3812,,2020-12-16
cicc_perspective-2020-12-16-中金宏观-收入增速回升-赤字或低于预算-11月财政数据点评,cicc_perspective,中金点睛,中金宏观,team_channel,中金宏观 | 收入增速回升，赤字或低于预算——11月财政数据点评,https://www.10100.com/article/148035864,full_mirror,clean,verified_from_configured_author_id,8,1762,,2020-12-16
xuetao_macro-2020-12-15-美国房地产存在新周期吗-对市场关心问题的解答-天风宏观宋雪涛,xuetao_macro,雪涛宏观笔记,雪涛宏观笔记,exact,美国房地产存在新周期吗？对市场关心问题的解答（天风宏观宋雪涛）,https://m.21jingji.com/article/20201215/herald/d430171c39683fe8d6688468aa3a2486.html,full_mirror,clean,verified_from_source,25,6893,,2020-12-15
huatai_macro-2020-12-15-华泰宏观-外汇占款增加-流动性投放加大推升基础货币,huatai_macro,华泰宏观,华泰证券宏观研究,configured_public_index,【华泰宏观】外汇占款增加+流动性投放加大推升基础货币,https://www.10100.com/article/65866561,full_mirror,clean,verified_from_configured_author_id,9,1906,,2020-12-15
huatai_macro-2020-12-15-华泰宏观-FOMC前瞻-货币政策保持现有宽松基调,huatai_macro,华泰宏观,华泰证券宏观研究,configured_public_index,【华泰宏观】FOMC前瞻：货币政策保持现有宽松基调,https://www.10100.com/article/65959187,full_mirror,clean,verified_from_configured_author_id,12,1985,,2020-12-15
cicc_perspective-2020-12-15-中金宏观-上调4季度GDP同比增速预测至6-1-11月经济活动数据点评,cicc_perspective,中金点睛,中金宏观,team_channel,中金宏观 | 上调4季度GDP同比增速预测至6.1% - 11月经济活动数据点评,https://www.10100.com/article/148035829,full_mirror,clean,verified_from_configured_author_id,7,1918,,2020-12-15
huatai_macro-2020-12-14-华泰宏观-图解海外周报-全球制造业周期加速回暖,huatai_macro,华泰宏观,华泰证券宏观研究,configured_public_index,【华泰宏观|图解海外周报】全球制造业周期加速回暖,https://www.10100.com/article/65866563,full_mirror,clean,verified_from_configured_author_id,32,2856,,2020-12-14
cicc_perspective-2020-12-12-中金宏观-扭住供给侧-注重需求侧-12月11日政治局会议点评,cicc_perspective,中金点睛,中金宏观,team_channel,中金宏观 | 扭住供给侧，注重需求侧 — 12月11日政治局会议点评,https://www.10100.com/article/148042464,full_mirror,clean,verified_from_configured_author_id,3,1459,,2020-12-12
cicc_perspective-2020-12-12-中金宏观-复苏加速可能也有赶工因素,cicc_perspective,中金点睛,中金宏观,team_channel,中金宏观 | 复苏加速可能也有赶工因素,https://www.10100.com/article/148029466,full_mirror,clean,verified_from_configured_author_id,23,4815,,2020-12-12
cicc_perspective-2020-12-10-中金宏观-多因素推动PPI较快修复-2020年11月通胀数据点评,cicc_perspective,中金点睛,中金宏观,team_channel,中金宏观 | 多因素推动PPI较快修复 — 2020年11月通胀数据点评,https://www.10100.com/article/148029522,full_mirror,clean,verified_from_configured_author_id,5,1577,,2020-12-10
cicc_perspective-2020-12-10-中金-社融增速或已见顶,cicc_perspective,中金点睛,中金宏观,team_channel,中金：社融增速或已见顶,https://www.10100.com/article/148042327,full_mirror,clean,verified_from_configured_author_id,5,1546,,2020-12-10
cicc_perspective-2020-12-08-中金宏观-火爆出口背后的冷思考-11月进出口数据点评,cicc_perspective,中金点睛,中金宏观,team_channel,中金宏观 | 火爆出口背后的冷思考-11月进出口数据点评,https://www.10100.com/article/148029653,full_mirror,clean,verified_from_configured_author_id,6,1417,,2020-12-08
huatai_macro-2020-12-07-华泰宏观-出口及顺差继续大幅上扬-Q4盈利增长无虞,huatai_macro,华泰宏观,华泰证券宏观研究,configured_public_index,"【华泰宏观】出口及顺差继续大幅上扬,Q4盈利增长无虞",https://www.10100.com/article/65959157,full_mirror,clean,verified_from_configured_author_id,12,2121,,2020-12-07
huatai_macro-2020-12-06-华泰宏观-图解海外周报-需求回暖预期渐强-库存低位爬升,huatai_macro,华泰宏观,华泰证券宏观研究,configured_public_index,【华泰宏观|图解海外周报】需求回暖预期渐强，库存低位爬升,https://www.10100.com/article/65866490,full_mirror,clean,verified_from_configured_author_id,49,3318,,2020-12-06
guolei_macro-2020-12-06-广发宏观郭磊-寻找确定性-2021年宏观环境展望,guolei_macro,郭磊宏观茶座,郭磊宏观茶座,exact,【广发宏观郭磊】寻找确定性——2021年宏观环境展望,http://m.163.com/dy/article/IN2VUOPL0519IGF7.html,full_mirror,clean,verified_from_publisher_label,12,6020,,2020-12-06
cicc_perspective-2020-12-06-中金宏观-欧央行12月议息预览-宽松加码,cicc_perspective,中金点睛,中金宏观,team_channel,中金宏观|欧央行12月议息预览：宽松加码,https://www.10100.com/article/148042316,full_mirror,clean,verified_from_configured_author_id,11,2705,,2020-12-06
cicc_perspective-2020-12-05-中金宏观-美国通胀分化明显,cicc_perspective,中金点睛,中金宏观,team_channel,中金宏观 | 美国通胀分化明显,https://www.10100.com/article/148029395,full_mirror,clean,verified_from_configured_author_id,10,1806,,2020-12-05
cicc_perspective-2020-12-02-中金宏观-社融增速或见顶回落-经济活动仍然旺盛-11月经济数据前瞻,cicc_perspective,中金点睛,中金宏观,team_channel,中金宏观 | 社融增速或见顶回落，经济活动仍然旺盛 — 11月经济数据前瞻,https://www.10100.com/article/148035771,full_mirror,clean,verified_from_configured_author_id,4,1678,,2020-12-02
huatai_macro-2020-12-01-华泰宏观-11月数据预览-消费出口加速-核心通胀回升,huatai_macro,华泰宏观,华泰证券宏观研究,configured_public_index,【华泰宏观】11月数据预览：消费出口加速，核心通胀回升,https://www.10100.com/article/65959206,full_mirror,clean,verified_from_configured_author_id,13,5467,,2020-12-01
huatai_macro-2020-11-30-华泰宏观-国内月报-内需加速外需亮眼-货币政策中性化,huatai_macro,华泰宏观,华泰证券宏观研究,configured_public_index,【华泰宏观|国内月报】内需加速外需亮眼，货币政策中性化,https://www.10100.com/article/65959219,full_mirror,clean,verified_from_configured_author_id,38,3061,,2020-11-30
guolei_macro-2020-11-30-广发宏观郭磊-PMI和BCI继续上行印证经济环比趋势,guolei_macro,郭磊宏观茶座,郭磊宏观茶座,exact,【广发宏观郭磊】PMI和BCI继续上行印证经济环比趋势,https://www.sohu.com/a/435642132_99931549,derived_text,clean,verified_from_publisher_label,0,2927,,2020-11-30
cicc_perspective-2020-11-30-中金宏观-供需缺口缩窄推升价格-11月PMI指数点评,cicc_perspective,中金点睛,中金宏观,team_channel,中金宏观 | 供需缺口缩窄推升价格 - 11月PMI指数点评,https://www.10100.com/article/148042461,full_mirror,clean,verified_from_configured_author_id,6,1369,,2020-11-30
cicc_perspective-2020-11-30-中金宏观-不宜高估美国补库存对中国出口的拉动,cicc_perspective,中金点睛,中金宏观,team_channel,中金宏观 | 不宜高估美国补库存对中国出口的拉动,https://www.10100.com/article/148029516,full_mirror,clean,verified_from_configured_author_id,7,1892,,2020-11-30
cicc_perspective-2020-11-29-中金宏观-详解美国居民消费复苏近况,cicc_perspective,中金点睛,中金宏观,team_channel,中金宏观 | 详解美国居民消费复苏近况,https://www.10100.com/article/148035903,full_mirror,clean,verified_from_configured_author_id,7,1759,,2020-11-29
cicc_perspective-2020-11-29-中金宏观-如何缓解2021年初流动性缺口,cicc_perspective,中金点睛,中金宏观,team_channel,中金宏观 | 如何缓解2021年初流动性缺口？,https://www.10100.com/article/148029551,full_mirror,clean,verified_from_configured_author_id,8,4589,,2020-11-29
cicc_perspective-2020-11-29-中金宏观-11月CMI-经济复苏继续-PPI环比有望止跌企稳,cicc_perspective,中金点睛,中金宏观,team_channel,中金宏观 | 11月CMI-经济复苏继续，PPI环比有望止跌企稳,https://www.10100.com/article/148042374,full_mirror,clean,verified_from_configured_author_id,6,1694,,2020-11-29
huatai_macro-2020-11-27-华泰宏观-出口内需双驱动-10月工业企业盈利增长大幅加速,huatai_macro,华泰宏观,华泰证券宏观研究,configured_public_index,【华泰宏观】出口内需双驱动;10月工业企业盈利增长大幅加速,https://www.10100.com/article/65959180,full_mirror,clean,verified_from_configured_author_id,12,2528,,2020-11-27
huatai_macro-2020-11-19-华泰宏观-周期回升继续推升财政收入,huatai_macro,华泰宏观,华泰证券宏观研究,configured_public_index,【华泰宏观】周期回升继续推升财政收入,https://www.10100.com/article/65866479,full_mirror,clean,verified_from_configured_author_id,9,1861,,2020-11-19
guolei_macro-2020-11-19-广发宏观郭磊-经济景气度继续上行-主要驱动项均未减速,guolei_macro,郭磊宏观茶座,广发证券,institutional_archive,【广发宏观郭磊】经济景气度继续上行，主要驱动项均未减速,https://www.10100.com/article/76701668,full_mirror,clean,verified_from_configured_author_id_and_title_signature,8,4597,,2020-11-19
huatai_macro-2020-11-18-华泰宏观-简评RCEP签署的宏观意义,huatai_macro,华泰宏观,华泰证券宏观研究,configured_public_index,【华泰宏观】简评RCEP签署的宏观意义,https://www.10100.com/article/65959199,full_mirror,clean,verified_from_configured_author_id,10,1975,,2020-11-18
huatai_macro-2020-11-17-华泰宏观-工业强劲消费回升-投资彰显韧性,huatai_macro,华泰宏观,华泰证券宏观研究,configured_public_index,【华泰宏观】工业强劲消费回升，投资彰显韧性,https://www.10100.com/article/65866483,full_mirror,clean,verified_from_configured_author_id,9,2006,,2020-11-17
xuetao_macro-2020-11-16-11月大类资产配置策略-天风宏观宋雪涛,xuetao_macro,雪涛宏观笔记,雪涛宏观笔记,exact,11月大类资产配置策略(天风宏观宋雪涛),https://m.21jingji.com/article/20201116/herald/8588c41fff5e474178baefed1c9021fd.html,full_mirror,clean,verified_from_publisher_label,6,4557,,2020-11-16
cicc_perspective-2020-11-16-中金宏观-经济活动维持较强增长势头,cicc_perspective,中金点睛,中金宏观,team_channel,中金宏观 | 经济活动维持较强增长势头,https://www.10100.com/article/148042320,full_mirror,clean,verified_from_configured_author_id,5,1891,,2020-11-16
cicc_perspective-2020-11-15-中金宏观-关税若撤除-影响几何,cicc_perspective,中金点睛,中金宏观,team_channel,中金宏观|关税若撤除，影响几何？,https://www.10100.com/article/148035827,full_mirror,clean,verified_from_configured_author_id,25,2717,,2020-11-15
cicc_perspective-2020-11-15-中金宏观-从高频数据看疫情反弹对欧美供需冲击,cicc_perspective,中金点睛,中金宏观,team_channel,中金宏观|从高频数据看疫情反弹对欧美供需冲击,https://www.10100.com/article/148029327,full_mirror,clean,verified_from_configured_author_id,20,2254,,2020-11-15
guojun_macro-2020-11-12-国君宏观-从美国库存周期-看我国出口哪些行业弹性最大,guojun_macro,国君宏观研究,国泰君安证券研究,parent_platform,"国君宏观 | 从美国库存周期,看我国出口哪些行业弹性最大?",https://news.qq.com/rain/a/20201112A02SIK00,full_mirror,clean,verified_from_publisher_label,6,3009,,2020-11-12
huatai_macro-2020-11-11-华泰宏观-社融环比增速微降-货币中性暂时无碍总需求回升,huatai_macro,华泰宏观,华泰证券宏观研究,configured_public_index,"【华泰宏观】社融环比增速微降,货币中性暂时无碍总需求回升",https://www.10100.com/article/65959204,full_mirror,clean,verified_from_configured_author_id,7,1864,,2020-11-11
cicc_perspective-2020-11-11-中金宏观-贷款趋稳-结构继续优化-2020年10月金融数据点评,cicc_perspective,中金点睛,中金宏观,team_channel,中金宏观 | 贷款趋稳，结构继续优化——2020年10月金融数据点评,https://www.10100.com/article/148029656,full_mirror,clean,verified_from_configured_author_id,3,1149,,2020-11-11
huatai_macro-2020-11-10-华泰宏观-食品压制表观价格-核心通胀回升趋势不变,huatai_macro,华泰宏观,华泰证券宏观研究,configured_public_index,【华泰宏观】食品压制表观价格，核心通胀回升趋势不变,https://www.10100.com/article/65866549,full_mirror,clean,verified_from_configured_author_id,6,1911,,2020-11-10
cicc_perspective-2020-11-10-中金宏观-猪价或致CPI同比转负-关注基期轮换-2020年10月通胀数据点评,cicc_perspective,中金点睛,中金宏观,team_channel,中金宏观：猪价或致CPI同比转负，关注基期轮换 | 2020年10月通胀数据点评,https://www.10100.com/article/148042463,full_mirror,clean,verified_from_configured_author_id,7,2471,,2020-11-10
cicc_perspective-2020-11-10-中金-今年-水-往何处流,cicc_perspective,中金点睛,中金宏观,team_channel,中金：今年，“水”往何处流？,https://www.10100.com/article/148029332,full_mirror,clean,verified_from_configured_author_id,27,11734,,2020-11-10
cicc_perspective-2020-11-09-中金宏观-3季度地方经济复苏有何特点,cicc_perspective,中金点睛,中金宏观,team_channel,中金宏观 | 3季度地方经济复苏有何特点？,https://www.10100.com/article/148029347,full_mirror,clean,verified_from_configured_author_id,25,3056,,2020-11-09
huatai_macro-2020-11-08-华泰宏观-拜登当选-关注参议院多数席位归属,huatai_macro,华泰宏观,华泰证券宏观研究,configured_public_index,【华泰宏观】拜登当选，关注参议院多数席位归属,https://www.10100.com/article/65959221,full_mirror,clean,verified_from_configured_author_id,8,2308,,2020-11-08
huatai_macro-2020-11-07-华泰宏观-出口如期高增-内需加速回暖,huatai_macro,华泰宏观,华泰证券宏观研究,configured_public_index,【华泰宏观】出口如期高增，内需加速回暖,https://www.10100.com/article/65866527,full_mirror,clean,verified_from_configured_author_id,11,2113,,2020-11-07
huatai_macro-2020-11-07-华泰宏观-10月外储微跌-或受资产价格波动拖累,huatai_macro,华泰宏观,华泰证券宏观研究,configured_public_index,【华泰宏观】10月外储微跌，或受资产价格波动拖累,https://www.10100.com/article/65959220,full_mirror,clean,verified_from_configured_author_id,5,1296,,2020-11-07
cicc_perspective-2020-11-07-中金宏观-出口动能向中上游转换,cicc_perspective,中金点睛,中金宏观,team_channel,中金宏观 | 出口动能向中上游转换,https://www.10100.com/article/148035811,full_mirror,clean,verified_from_configured_author_id,4,1491,,2020-11-07
huatai_macro-2020-11-03-华泰宏观-美国大选倒计时-还-有哪些不确定性,huatai_macro,华泰宏观,华泰证券宏观研究,configured_public_index,【华泰宏观】美国大选倒计时：（还）有哪些不确定性？,https://www.10100.com/article/65866492,full_mirror,clean,verified_from_configured_author_id,11,2275,,2020-11-03
cicc_perspective-2020-11-03-中金宏观-非食品价格平稳-猪价下跌大幅拖累CPI-10月经济数据前瞻,cicc_perspective,中金点睛,中金宏观,team_channel,中金宏观：非食品价格平稳，猪价下跌大幅拖累CPI | 10月经济数据前瞻,https://www.10100.com/article/148042493,full_mirror,clean,verified_from_configured_author_id,4,1996,,2020-11-03
huatai_macro-2020-11-02-华泰宏观-国内每月图解-外需走强内需加速-2035-蓝图初现-2020年10月,huatai_macro,华泰宏观,华泰证券宏观研究,configured_public_index,【华泰宏观】国内每月图解：外需走强内需加速，2035 蓝图初现（2020年10月）,https://www.10100.com/article/65959209,full_mirror,clean,verified_from_configured_author_id,38,3124,,2020-11-02
huatai_macro-2020-11-01-华泰宏观-10月数据预测-总需求继续回升-货币政策保持中性,huatai_macro,华泰宏观,华泰证券宏观研究,configured_public_index,【华泰宏观】10月数据预测：总需求继续回升，货币政策保持中性,https://www.10100.com/article/65866494,full_mirror,clean,verified_from_configured_author_id,18,6663,,2020-11-01
cicc_perspective-2020-10-31-中金宏观-制造业景气度向中上游传导-10月PMI指数点评,cicc_perspective,中金点睛,中金宏观,team_channel,中金宏观：制造业景气度向中上游传导 | 10月PMI指数点评,https://www.10100.com/article/148035813,full_mirror,clean,verified_from_configured_author_id,6,1579,,2020-10-31
guolei_macro-2020-10-30-广发宏观郭磊-如何看最新的企业盈利数据,guolei_macro,郭磊宏观茶座,广发证券,institutional_archive,【广发宏观郭磊】如何看最新的企业盈利数据,https://www.10100.com/article/77169410,full_mirror,clean,verified_from_configured_author_id_and_title_signature,6,3894,,2020-10-30
cicc_perspective-2020-10-30-中金-统筹全局-突出重点-五中全会公报点评,cicc_perspective,中金点睛,中金宏观,team_channel,中金 | 统筹全局，突出重点——五中全会公报点评,https://www.10100.com/article/148035830,full_mirror,clean,verified_from_configured_author_id,3,3305,,2020-10-30
huatai_macro-2020-10-29-华泰宏观-公平-安全-绿色的高质量发展远景,huatai_macro,华泰宏观,华泰证券宏观研究,configured_public_index,【华泰宏观】公平、安全、绿色的高质量发展远景,https://www.10100.com/article/65959188,full_mirror,clean,verified_from_configured_author_id,6,1844,,2020-10-29
cicc_perspective-2020-10-29-中金宏观-经济活动总体稳健-食品价格拖累PPI回升节奏-10月CMI初值解读,cicc_perspective,中金点睛,中金宏观,team_channel,中金宏观：经济活动总体稳健，食品价格拖累PPI回升节奏|10月CMI初值解读,https://www.10100.com/article/148029658,full_mirror,clean,verified_from_configured_author_id,6,2129,,2020-10-29
cicc_perspective-2020-10-28-中金宏观-利润增速回落有特殊原因-9月工业企业利润数据点评,cicc_perspective,中金点睛,中金宏观,team_channel,中金宏观：利润增速回落有特殊原因 | 9月工业企业利润数据点评,https://www.10100.com/article/148029336,full_mirror,clean,verified_from_configured_author_id,4,1427,,2020-10-28
cicc_perspective-2020-10-28-中金-出口有多火-远看不如近听-草根调研系列报告之二,cicc_perspective,中金点睛,中金宏观,team_channel,中金：出口有多火？远看不如近听 ——草根调研系列报告之二,https://www.10100.com/article/148042479,full_mirror,clean,verified_from_configured_author_id,10,7424,,2020-10-28
cicc_perspective-2020-10-22-中金宏观-财政进一步发力-4季度仍有较大空间-9月财政数据点评,cicc_perspective,中金点睛,中金宏观,team_channel,中金宏观：财政进一步发力，4季度仍有较大空间 | 9月财政数据点评,https://www.10100.com/article/148029659,full_mirror,clean,verified_from_configured_author_id,15,1766,,2020-10-22
huatai_macro-2020-10-21-华泰宏观-盈利回升提振税收-基建投放上升-9月财政数据点评,huatai_macro,华泰宏观,华泰证券宏观研究,configured_public_index,【华泰宏观】盈利回升提振税收，基建投放上升——9月财政数据点评,https://www.10100.com/article/65866511,full_mirror,clean,verified_from_configured_author_id,9,2040,,2020-10-21
huatai_macro-2020-10-20-华泰宏观-10-月-LPR-报价如期持平,huatai_macro,华泰宏观,华泰证券宏观研究,configured_public_index,【华泰宏观】10 月 LPR 报价如期持平,https://www.10100.com/article/65959215,full_mirror,clean,verified_from_configured_author_id,9,1521,,2020-10-20
cicc_perspective-2020-10-20-中金宏观-非典型-复苏被印证-全年增速或低于预期-3季度和9月经济数据点评,cicc_perspective,中金点睛,中金宏观,team_channel,中金宏观：“非典型”复苏被印证，全年增速或低于预期 | 3季度和9月经济数据点评,https://www.10100.com/article/148029421,full_mirror,clean,verified_from_configured_author_id,14,3170,,2020-10-20
cicc_perspective-2020-10-19-中金宏观-从近期数据看美国需求外溢,cicc_perspective,中金点睛,中金宏观,team_channel,中金宏观：从近期数据看美国需求外溢,https://www.10100.com/article/148035921,full_mirror,clean,verified_from_configured_author_id,31,3411,,2020-10-19
huatai_macro-2020-10-18-华泰宏观-海外周报-美国数据向好-欧洲复苏暂缓-全球宏观每周图册-10-12-10-18,huatai_macro,华泰宏观,华泰证券宏观研究,configured_public_index,【华泰宏观|海外周报】美国数据向好，欧洲复苏暂缓——全球宏观每周图册(10/12-10/18),https://www.10100.com/article/65866525,full_mirror,clean,verified_from_configured_author_id,51,3568,,2020-10-18
cicc_perspective-2020-10-18-中金宏观-短期增长韧性较强,cicc_perspective,中金点睛,中金宏观,team_channel,中金宏观：短期增长韧性较强,https://www.10100.com/article/148029685,full_mirror,clean,verified_from_configured_author_id,23,2768,,2020-10-18
huatai_macro-2020-10-17-华泰宏观-补贴退潮下美国零售超预期的启示-美国9月零售数据点评,huatai_macro,华泰宏观,华泰证券宏观研究,configured_public_index,【华泰宏观】补贴退潮下美国零售超预期的启示——美国9月零售数据点评,https://www.10100.com/article/65959168,full_mirror,clean,verified_from_configured_author_id,13,2115,,2020-10-17
huatai_macro-2020-10-16-华泰宏观-深度-美国大选结果-排列组合-之影响-20201014,huatai_macro,华泰宏观,华泰证券宏观研究,configured_public_index,【华泰宏观|深度】美国大选结果“排列组合”之影响 (20201014),https://www.10100.com/article/65959167,full_mirror,clean,verified_from_configured_author_id,26,12608,,2020-10-16
huatai_macro-2020-10-15-华泰宏观-财政宽松落地推动社融M2再超预期-9月货币信贷数据点评-20201014,huatai_macro,华泰宏观,华泰证券宏观研究,configured_public_index,【华泰宏观】财政宽松落地推动社融M2再超预期——9月货币信贷数据点评 (20201014),https://www.10100.com/article/65959214,full_mirror,clean,verified_from_configured_author_id,8,1701,,2020-10-15
guolei_macro-2020-10-15-广发宏观贺骁束-涨价比较集中的七个领域,guolei_macro,郭磊宏观茶座,广发证券,institutional_archive,【广发宏观贺骁束】涨价比较集中的七个领域,https://www.10100.com/article/76491821,full_mirror,clean,verified_from_configured_author_id_and_title_signature,7,5280,,2020-10-15
cicc_perspective-2020-10-15-中金宏观-信贷主要去向-楼市与基建-9月金融数据点评,cicc_perspective,中金点睛,中金宏观,team_channel,中金宏观 | 信贷主要去向：楼市与基建——9月金融数据点评,https://www.10100.com/article/148029423,full_mirror,clean,verified_from_configured_author_id,5,1546,,2020-10-15
cicc_perspective-2020-10-15-中金宏观-CPI回落和PPI修复均未结束-2020年9月通胀数据点评,cicc_perspective,中金点睛,中金宏观,team_channel,中金宏观：CPI回落和PPI修复均未结束 | 2020年9月通胀数据点评,https://www.10100.com/article/148042534,full_mirror,clean,verified_from_configured_author_id,5,1756,,2020-10-15
xuetao_macro-2020-10-13-结构性复苏的行业特征-天风宏观宋雪涛,xuetao_macro,雪涛宏观笔记,雪涛宏观笔记,exact,结构性复苏的行业特征(天风宏观宋雪涛),https://finance.sina.com.cn/money/bond/research/2020-10-13/doc-iiznctkc5235641.shtml,full_mirror,clean,verified_from_publisher_label,17,3079,,2020-10-13
cicc_perspective-2020-10-13-中金宏观-除了口罩-哪些商品出口逆袭-9月进出口数据点评,cicc_perspective,中金点睛,中金宏观,team_channel,中金宏观：除了口罩，哪些商品出口逆袭 | 9月进出口数据点评,https://www.10100.com/article/148035968,full_mirror,clean,verified_from_configured_author_id,5,1622,,2020-10-13
cicc_perspective-2020-10-12-中金宏观-美国大选-若民主党-横扫-对全球意味着什么,cicc_perspective,中金点睛,中金宏观,team_channel,中金宏观|美国大选：若民主党“横扫”，对全球意味着什么？,https://www.10100.com/article/148029478,full_mirror,clean,verified_from_configured_author_id,25,4863,,2020-10-12
cicc_perspective-2020-10-11-中金宏观-房地产融资或将放缓-但销售仍支持房地产开发资金增长,cicc_perspective,中金点睛,中金宏观,team_channel,中金宏观：房地产融资或将放缓，但销售仍支持房地产开发资金增长,https://www.10100.com/article/148029665,full_mirror,clean,verified_from_configured_author_id,24,3258,,2020-10-11
cicc_perspective-2020-10-11-中金宏观-工业增加值增速可能受高基数拖累-9月经济数据前瞻,cicc_perspective,中金点睛,中金宏观,team_channel,中金宏观：工业增加值增速可能受高基数拖累 | 9月经济数据前瞻,https://www.10100.com/article/148035834,full_mirror,clean,verified_from_configured_author_id,7,2240,,2020-10-11
cicc_perspective-2020-10-09-中金-国庆海外关键词-美国大选-财政救助-欧洲疫情,cicc_perspective,中金点睛,中金宏观,team_channel,中金 | 国庆海外关键词：美国大选，财政救助，欧洲疫情,https://www.10100.com/article/148029479,full_mirror,clean,verified_from_configured_author_id,7,4289,,2020-10-09
cicc_perspective-2020-10-08-中金宏观-基建后劲-资金还是项目,cicc_perspective,中金点睛,中金宏观,team_channel,中金宏观：基建后劲：资金还是项目？,https://www.10100.com/article/148035780,full_mirror,clean,verified_from_configured_author_id,12,6579,,2020-10-08
cicc_perspective-2020-10-03-中金宏观-9月非农-就业继续复苏-但略弱于预期,cicc_perspective,中金点睛,中金宏观,team_channel,中金宏观：9月非农：就业继续复苏，但略弱于预期,https://www.10100.com/article/148029571,full_mirror,clean,verified_from_configured_author_id,12,1937,,2020-10-03
cicc_perspective-2020-09-30-中金宏观-制造业内生动力增加-9月PMI指数点评,cicc_perspective,中金点睛,中金宏观,team_channel,中金宏观：制造业内生动力增加 | 9月PMI指数点评,https://www.10100.com/article/148042367,full_mirror,clean,verified_from_configured_author_id,6,1659,,2020-09-30
cicc_perspective-2020-09-29-中金宏观-9月CMI-消费与外需继续改善-地产基建略有放缓,cicc_perspective,中金点睛,中金宏观,team_channel,中金宏观：9月CMI - 消费与外需继续改善，地产基建略有放缓,https://www.10100.com/article/148035906,full_mirror,clean,verified_from_configured_author_id,5,1938,,2020-09-29
cicc_perspective-2020-09-28-中金宏观-上游行业利润恢复明显-8月工业企业利润点评,cicc_perspective,中金点睛,中金宏观,team_channel,中金宏观：上游行业利润恢复明显| 8月工业企业利润点评,https://www.10100.com/article/148029676,full_mirror,clean,verified_from_configured_author_id,8,1572,,2020-09-28
cicc_perspective-2020-09-27-中金宏观-周报-来华证券投资亮眼-2020年9月21日-25日,cicc_perspective,中金点睛,中金宏观,team_channel,中金宏观|周报：来华证券投资亮眼（2020年9月21日~ 25日）,https://www.10100.com/article/148035910,full_mirror,clean,verified_from_configured_author_id,24,3000,,2020-09-27
cicc_perspective-2020-09-27-中金宏观-全球迎来不确定性的短期-三叠加,cicc_perspective,中金点睛,中金宏观,team_channel,中金宏观：全球迎来不确定性的短期“三叠加”,https://www.10100.com/article/148029526,full_mirror,clean,verified_from_configured_author_id,26,4106,,2020-09-27
cicc_perspective-2020-09-27-中金-制造业-别来无恙-草根调研系列报告之一,cicc_perspective,中金点睛,中金宏观,team_channel,中金：制造业，别来无恙？——草根调研系列报告之一,https://www.10100.com/article/148042368,full_mirror,clean,verified_from_configured_author_id,15,7640,,2020-09-27
cicc_perspective-2020-09-20-中金宏观-美国财政-僵局-进入破局关键窗口期,cicc_perspective,中金点睛,中金宏观,team_channel,中金宏观：美国财政“僵局”进入破局关键窗口期,https://www.10100.com/article/148035868,full_mirror,clean,verified_from_configured_author_id,24,4723,,2020-09-20
cicc_perspective-2020-09-20-中金宏观-复苏斜率将如何演变-详解中金经济领先指数,cicc_perspective,中金点睛,中金宏观,team_channel,中金宏观：复苏斜率将如何演变？——详解中金经济领先指数,https://www.10100.com/article/148029357,full_mirror,clean,verified_from_configured_author_id,18,8794,,2020-09-20
cicc_perspective-2020-09-20-中金宏观-周报-继续关注制造业投资回升-2020年9月14日-18日,cicc_perspective,中金点睛,中金宏观,team_channel,中金宏观|周报 继续关注制造业投资回升（2020年9月14日~18日）,https://www.10100.com/article/148029672,full_mirror,clean,verified_from_configured_author_id,23,2898,,2020-09-20
yiyuzhongde-2020-09-17-华创宏观-张瑜团队-美联储印的钱去哪了-兼论与次贷危机后的比较-9月FOMC会议点评,yiyuzhongde,一瑜中的,一瑜中的,exact,【华创宏观·张瑜团队】美联储印的钱去哪了?兼论与次贷危机后的比较——9月FOMC会议点评,https://finance.sina.cn/forex/hsxw/2020-09-17/detail-iivhuipp4856761.d.html?cref=cj,full_mirror,clean,verified_from_publisher_label,41,10197,,2020-09-17
cicc_perspective-2020-09-15-中金宏观-制造业投资加速改善-8月经济数据点评,cicc_perspective,中金点睛,中金宏观,team_channel,中金宏观：制造业投资加速改善| 8月经济数据点评,https://www.10100.com/article/148029358,full_mirror,clean,verified_from_configured_author_id,8,2272,,2020-09-15
cicc_perspective-2020-09-13-中金宏观-美联储9月议息预览-上调经济预测-前瞻指引不变,cicc_perspective,中金点睛,中金宏观,team_channel,中金宏观：美联储9月议息预览：上调经济预测，前瞻指引不变,https://www.10100.com/article/148042362,full_mirror,clean,verified_from_configured_author_id,20,4250,,2020-09-13
cicc_perspective-2020-09-13-中金宏观-周报-企业理财投资收敛-政府融资加快-2020年9月7日-11日,cicc_perspective,中金点睛,中金宏观,team_channel,中金宏观|周报 企业理财投资收敛，政府融资加快（2020年9月7日~11日）,https://www.10100.com/article/148029564,full_mirror,clean,verified_from_configured_author_id,24,2744,,2020-09-13
cicc_perspective-2020-09-13-中金宏观-企业治理面临变局-后疫情时代系列报告之三,cicc_perspective,中金点睛,中金宏观,team_channel,中金宏观：企业治理面临变局——后疫情时代系列报告之三,https://www.10100.com/article/148099461,full_mirror,clean,verified_from_configured_author_id,12,14994,,2020-09-13
cicc_perspective-2020-09-11-中金-全球经济复苏与政策间的微妙权衡,cicc_perspective,中金点睛,中金宏观,team_channel,中金：全球经济复苏与政策间的微妙权衡,https://www.10100.com/article/148029500,full_mirror,clean,verified_from_configured_author_id,11,4920,,2020-09-11
cicc_perspective-2020-09-10-中金宏观-复苏分化-猪周期接近拐点-2020年8月通胀数据点评,cicc_perspective,中金点睛,中金宏观,team_channel,中金宏观：复苏分化，猪周期接近拐点| 2020年8月通胀数据点评,https://www.10100.com/article/148029346,full_mirror,clean,verified_from_configured_author_id,5,1590,,2020-09-10
guolei_macro-2020-09-09-广发宏观郭磊-如何看通胀数据,guolei_macro,郭磊宏观茶座,郭磊宏观茶座,exact,【广发宏观郭磊】如何看通胀数据?,https://www.10100.com/article/114041630,full_mirror,clean,verified_from_publisher_label,4,2213,,2020-09-09
cicc_perspective-2020-09-07-中金宏观-周报-复苏-吞吐量和运价暗藏玄机-2020年8月31日-9月4日,cicc_perspective,中金点睛,中金宏观,team_channel,中金宏观|周报 复苏：吞吐量和运价暗藏玄机（2020年8月31日~9月4日）,https://www.10100.com/article/148029668,full_mirror,clean,verified_from_configured_author_id,25,2626,,2020-09-07
cicc_perspective-2020-09-07-中金-疫-过留痕-从心理学看疫情的影响,cicc_perspective,中金点睛,中金宏观,team_channel,中金：“疫”过留痕——从心理学看疫情的影响,https://www.10100.com/article/148029480,full_mirror,clean,verified_from_configured_author_id,4,9704,,2020-09-07
cicc_perspective-2020-09-07-中金-新冠疫苗大概率年内落地-全球经济和市场预期将迎来大转变,cicc_perspective,中金点睛,中金宏观,team_channel,中金：新冠疫苗大概率年内落地，全球经济和市场预期将迎来大转变,https://www.10100.com/article/148042341,full_mirror,clean,verified_from_configured_author_id,23,14689,,2020-09-07
cicc_perspective-2020-09-07-中金-出口后劲尚足,cicc_perspective,中金点睛,中金宏观,team_channel,中金：出口后劲尚足,https://www.10100.com/article/148035784,full_mirror,clean,verified_from_configured_author_id,26,6235,,2020-09-07
cicc_perspective-2020-09-06-中金宏观-欧央行9月议息预览-按兵不动-维持鸽派,cicc_perspective,中金点睛,中金宏观,team_channel,中金宏观：欧央行9月议息预览：按兵不动，维持鸽派,https://www.10100.com/article/148035787,full_mirror,clean,verified_from_configured_author_id,27,4204,,2020-09-06
cicc_perspective-2020-09-05-中金宏观-8月非农-就业继续稳健修复,cicc_perspective,中金点睛,中金宏观,team_channel,中金宏观：8月非农：就业继续稳健修复,https://www.10100.com/article/148029556,full_mirror,clean,verified_from_configured_author_id,12,1861,,2020-09-05
cicc_perspective-2020-09-02-中金宏观-国内外需求继续改善-8-月经济数据前瞻,cicc_perspective,中金点睛,中金宏观,team_channel,中金宏观：国内外需求继续改善|8 月经济数据前瞻,https://www.10100.com/article/148042343,full_mirror,clean,verified_from_configured_author_id,6,1858,,2020-09-02
cicc_perspective-2020-08-31-中金宏观-服务业超季节性改善-后劲待观察-8月PMI指数点评,cicc_perspective,中金点睛,中金宏观,team_channel,中金宏观：服务业超季节性改善，后劲待观察 | 8月PMI指数点评,https://www.10100.com/article/148035861,full_mirror,clean,verified_from_configured_author_id,8,1731,,2020-08-31
cicc_perspective-2020-08-30-中金宏观-党代会后美国两党施政蓝图初现,cicc_perspective,中金点睛,中金宏观,team_channel,中金宏观：党代会后美国两党施政蓝图初现,https://www.10100.com/article/148042488,full_mirror,clean,verified_from_configured_author_id,28,4026,,2020-08-30
cicc_perspective-2020-08-27-中金宏观-8月CMI初值解读-地产与基建继续升温-消费温和改善,cicc_perspective,中金点睛,中金宏观,team_channel,中金宏观：8月CMI初值解读 | 地产与基建继续升温，消费温和改善,https://www.10100.com/article/148035862,full_mirror,clean,verified_from_configured_author_id,4,1760,,2020-08-27
sws_macro-2020-08-23-财政政策框架-政府杠杆与经济转型-申万宏源宏观-研究框架2020之三,sws_macro,申万宏源宏观,申万宏源宏观,team_research_stream,财政政策框架：政府杠杆与经济转型 | 申万宏源宏观 · 研究框架2020之三,https://finance.sina.cn/2020-08-23/detail-iivhuipp0232544.d.html,full_mirror,clean,verified_from_publisher_or_team_citation,148,5146,,2020-08-23
cicc_perspective-2020-08-23-中金宏观-美联储-平均通胀目标制-渐行渐近,cicc_perspective,中金点睛,中金宏观,team_channel,中金宏观：美联储“平均通胀目标制”渐行渐近,https://www.10100.com/article/148029558,full_mirror,clean,verified_from_configured_author_id,31,4673,,2020-08-23
cicc_perspective-2020-08-20-中金宏观-7月财政支出回升-扩张力度加大,cicc_perspective,中金点睛,中金宏观,team_channel,中金宏观：7月财政支出回升，扩张力度加大,https://www.10100.com/article/148029595,full_mirror,clean,verified_from_configured_author_id,8,2114,,2020-08-20
cicc_perspective-2020-08-20-中金2020下半年财政展望-财政力度将加大-全年赤字或略低于预期,cicc_perspective,中金点睛,中金宏观,team_channel,中金2020下半年财政展望：财政力度将加大，全年赤字或略低于预期,https://www.10100.com/article/148042410,full_mirror,clean,verified_from_configured_author_id,18,7444,,2020-08-20
cicc_perspective-2020-08-16-中金宏观-美元短期或以震荡为主,cicc_perspective,中金点睛,中金宏观,team_channel,中金宏观：美元短期或以震荡为主,https://www.10100.com/article/148035923,full_mirror,clean,verified_from_configured_author_id,29,3801,,2020-08-16
cicc_perspective-2020-08-16-中金宏观-周报-购房需求仍较为旺盛-政府债发行如期提速-2020年8月10日-14日,cicc_perspective,中金点睛,中金宏观,team_channel,中金宏观|周报：购房需求仍较为旺盛，政府债发行如期提速（2020年8月10日~14日）,https://www.10100.com/article/148029565,full_mirror,clean,verified_from_configured_author_id,23,2657,,2020-08-16
sws_macro-2020-08-15-汇率与国际收支框架-允执厥中-申万宏源宏观-研究框架2020之二,sws_macro,申万宏源宏观,申万宏源宏观,team_research_stream,汇率与国际收支框架：允执厥中 | 申万宏源宏观 · 研究框架2020之二,https://finance.sina.com.cn/money/bond/2020-08-15/doc-iivhvpwy1103652.shtml,full_mirror,clean,verified_from_publisher_or_team_citation,60,1634,,2020-08-15
cicc_perspective-2020-08-14-中金宏观-经济进入弱复苏阶段-2020年7月经济数据点评,cicc_perspective,中金点睛,中金宏观,team_channel,中金宏观：经济进入弱复苏阶段 | 2020年7月经济数据点评,https://www.10100.com/article/148029686,full_mirror,clean,verified_from_configured_author_id,8,2548,,2020-08-14
cicc_perspective-2020-08-11-中金宏观-存贷款增速回落-但中长期贷款大幅增长-7月金融数据点评,cicc_perspective,中金点睛,中金宏观,team_channel,中金宏观：存贷款增速回落，但中长期贷款大幅增长| 7月金融数据点评,https://www.10100.com/article/148042416,full_mirror,clean,verified_from_configured_author_id,9,2116,,2020-08-11
cicc_perspective-2020-08-10-中金宏观-CPI结构分化加剧-经济复苏继续推动PPI回升-2020年7月通胀数据点评,cicc_perspective,中金点睛,中金宏观,team_channel,中金宏观：CPI结构分化加剧，经济复苏继续推动PPI回升| 2020年7月通胀数据点评,https://www.10100.com/article/148035971,full_mirror,clean,verified_from_configured_author_id,7,1814,,2020-08-10
cicc_perspective-2020-08-10-中金-内外循环-也是量与质的循环,cicc_perspective,中金点睛,中金宏观,team_channel,中金：内外循环，也是量与质的循环,https://www.10100.com/article/148029567,full_mirror,clean,verified_from_configured_author_id,2,9045,,2020-08-10
cicc_perspective-2020-08-09-中金宏观-详解美国财政-僵局-及可能影响,cicc_perspective,中金点睛,中金宏观,team_channel,中金宏观：详解美国财政“僵局”及可能影响,https://www.10100.com/article/148035859,full_mirror,clean,verified_from_configured_author_id,33,5632,,2020-08-09
cicc_perspective-2020-08-09-中金宏观-周报-建筑产业链供需两旺-商品房销售保持较快增速,cicc_perspective,中金点睛,中金宏观,team_channel,中金宏观|周报：建筑产业链供需两旺，商品房销售保持较快增速,https://www.10100.com/article/148029569,full_mirror,clean,verified_from_configured_author_id,25,2744,,2020-08-09
cicc_perspective-2020-08-08-中金宏观-防疫物资出口和电子产业链贸易维持较高增长-7月贸易数据点评,cicc_perspective,中金点睛,中金宏观,team_channel,中金宏观：防疫物资出口和电子产业链贸易维持较高增长| 7月贸易数据点评,https://www.10100.com/article/148029359,full_mirror,clean,verified_from_configured_author_id,17,2923,,2020-08-08
cicc_perspective-2020-08-07-中金宏观-二季度货币政策执行报告点评,cicc_perspective,中金点睛,中金宏观,team_channel,中金宏观：二季度货币政策执行报告点评,https://www.10100.com/article/148029674,full_mirror,clean,verified_from_configured_author_id,4,2227,,2020-08-07
cicc_perspective-2020-08-03-中金宏观-如何看待欧洲复苏的两个-隐忧,cicc_perspective,中金点睛,中金宏观,team_channel,中金宏观：如何看待欧洲复苏的两个“隐忧”？,https://www.10100.com/article/148029360,full_mirror,clean,verified_from_configured_author_id,31,3738,,2020-08-03
cicc_perspective-2020-08-03-中金宏观-周报-PMI维持景气区间-流动性条件有所收紧-2020年7月27日-31日,cicc_perspective,中金点睛,中金宏观,team_channel,中金宏观|周报：PMI维持景气区间，流动性条件有所收紧（2020年7月27日~ 31日）,https://www.10100.com/article/148042360,full_mirror,clean,verified_from_configured_author_id,23,2378,,2020-08-03
cicc_perspective-2020-07-31-中金宏观-经济活动继续恢复-社融环比增速可能放缓-2020年7月经济数据前瞻,cicc_perspective,中金点睛,中金宏观,team_channel,中金宏观：经济活动继续恢复，社融环比增速可能放缓|2020年7月经济数据前瞻,https://www.10100.com/article/148035905,full_mirror,clean,verified_from_configured_author_id,6,2042,,2020-07-31
cicc_perspective-2020-07-31-中金宏观-建筑产业链保持高景气-经济修复更为全面-7月制造业PMI点评,cicc_perspective,中金点睛,中金宏观,team_channel,中金宏观：建筑产业链保持高景气、经济修复更为全面| 7月制造业PMI点评,https://www.10100.com/article/148042509,full_mirror,clean,verified_from_configured_author_id,5,1754,,2020-07-31
cicc_perspective-2020-07-31-中金-美国2季度实际GDP环比萎缩32-9-年化,cicc_perspective,中金点睛,中金宏观,team_channel,中金：美国2季度实际GDP环比萎缩32.9%（年化）,https://www.10100.com/article/148029675,full_mirror,clean,verified_from_configured_author_id,3,1591,,2020-07-31
xuetao_macro-2020-07-29-再来一万亿-天风宏观宋雪涛,xuetao_macro,雪涛宏观笔记,雪涛宏观笔记,exact,再来一万亿?(天风宏观宋雪涛),http://finance.sina.com.cn/money/bond/research/2020-07-29/doc-iivhuipn5606815.shtml,full_mirror,clean,verified_from_publisher_label,24,4275,,2020-07-29
cicc_perspective-2020-07-29-中金宏观-第二轮疫情可能延缓消费复苏,cicc_perspective,中金点睛,中金宏观,team_channel,中金宏观：第二轮疫情可能延缓消费复苏,https://www.10100.com/article/148042495,full_mirror,clean,verified_from_configured_author_id,15,2895,,2020-07-29
cicc_perspective-2020-07-28-中金宏观-PPI回升带动工业企业盈利改善-6月工业企业利润数据点评,cicc_perspective,中金点睛,中金宏观,team_channel,中金宏观：PPI回升带动工业企业盈利改善 | 6月工业企业利润数据点评,https://www.10100.com/article/148035816,full_mirror,clean,verified_from_configured_author_id,10,1805,,2020-07-28
cicc_perspective-2020-07-28-中金宏观-7月经济复苏动能减弱-中金月度宏观景气指数-CMI-7月初值解读,cicc_perspective,中金点睛,中金宏观,team_channel,中金宏观：7月经济复苏动能减弱 |中金月度宏观景气指数（CMI）7月初值解读,https://www.10100.com/article/148029493,full_mirror,clean,verified_from_configured_author_id,5,1699,,2020-07-28
cicc_perspective-2020-07-27-中金宏观-周报-弱复苏下的理想政策组合-紧信用-松货币-宽财政-2020年7月20日-26日,cicc_perspective,中金点睛,中金宏观,team_channel,中金宏观|周报：弱复苏下的理想政策组合：紧信用、松货币、宽财政（2020年7月20日~26日）,https://www.10100.com/article/148029559,full_mirror,clean,verified_from_configured_author_id,25,2463,,2020-07-27
cicc_perspective-2020-07-23-中金-美元走弱的逻辑及其全球影响,cicc_perspective,中金点睛,中金宏观,team_channel,中金：美元走弱的逻辑及其全球影响,https://www.10100.com/article/148029677,full_mirror,clean,verified_from_configured_author_id,12,4327,,2020-07-23
cicc_perspective-2020-07-20-中金宏观-美国大选-超10-的失业率意味着什么,cicc_perspective,中金点睛,中金宏观,team_channel,中金宏观：美国大选：超10%的失业率意味着什么？,https://www.10100.com/article/148029550,full_mirror,clean,verified_from_configured_author_id,38,5274,,2020-07-20
cicc_perspective-2020-07-20-中金宏观-周报-生产边际放缓-信用债发行走弱,cicc_perspective,中金点睛,中金宏观,team_channel,中金宏观|周报：生产边际放缓，信用债发行走弱,https://www.10100.com/article/148042373,full_mirror,clean,verified_from_configured_author_id,23,2332,,2020-07-20
cicc_perspective-2020-07-18-中金宏观-经济复苏带动税收回升-6月财政数据点评,cicc_perspective,中金点睛,中金宏观,team_channel,中金宏观：经济复苏带动税收回升 | 6月财政数据点评,https://www.10100.com/article/148035899,full_mirror,clean,verified_from_configured_author_id,5,1767,,2020-07-18
cicc_perspective-2020-07-16-中金宏观-经济增速如期回升-生产恢复快于消费需求-2季度和6月经济数据点评,cicc_perspective,中金点睛,中金宏观,team_channel,中金宏观：经济增速如期回升，生产恢复快于消费需求 | 2季度和6月经济数据点评,https://www.10100.com/article/148029572,full_mirror,clean,verified_from_configured_author_id,7,2587,,2020-07-16
cicc_perspective-2020-07-14-中金宏观-经济复苏带动进出口增速回升-6月贸易数据点评,cicc_perspective,中金点睛,中金宏观,team_channel,中金宏观：经济复苏带动进出口增速回升 | 6月贸易数据点评,https://www.10100.com/article/148042515,full_mirror,clean,verified_from_configured_author_id,14,2302,,2020-07-14
guolei_macro-2020-07-12-广发宏观郭磊-通缩交易与复苏交易-两种不同的资产定价特征,guolei_macro,郭磊宏观茶座,郭磊宏观茶座,exact,【广发宏观郭磊】通缩交易与复苏交易:两种不同的资产定价特征,http://stock.finance.sina.com.cn/stock/go.php/vReport_Show/kind/lastest/rptid/648013230725/index.phtml,abstract_only,flagged,verified_from_publisher_label,0,3482,mirror_is_abstract,2020-07-12
cicc_perspective-2020-07-12-中金宏观-美联储总资产何时停止下降,cicc_perspective,中金点睛,中金宏观,team_channel,中金宏观：美联储总资产何时停止下降？,https://www.10100.com/article/148029586,full_mirror,clean,verified_from_configured_author_id,33,4438,,2020-07-12
cicc_perspective-2020-07-12-中金宏观-周报-强降雨持续-国债收益率明显上升-2020年7月6日-12日,cicc_perspective,中金点睛,中金宏观,team_channel,中金宏观 | 周报：强降雨持续，国债收益率明显上升（2020年7月6日~ 12日）,https://www.10100.com/article/148042435,full_mirror,clean,verified_from_configured_author_id,2,1978,,2020-07-12
cicc_perspective-2020-07-09-中金宏观-食品涨价带动CPI企稳-经济复苏推动PPI回升-2020年6月通胀数据点评,cicc_perspective,中金点睛,中金宏观,team_channel,中金宏观：食品涨价带动CPI企稳，经济复苏推动PPI回升|2020年6月通胀数据点评,https://www.10100.com/article/148029633,full_mirror,clean,verified_from_configured_author_id,5,1850,,2020-07-09
cicc_perspective-2020-07-05-中金宏观-疫情反弹可能令美国经济复苏节奏-缓一缓,cicc_perspective,中金点睛,中金宏观,team_channel,中金宏观：疫情反弹可能令美国经济复苏节奏“缓一缓”,https://www.10100.com/article/148029437,full_mirror,clean,verified_from_configured_author_id,35,4598,,2020-07-05
cicc_perspective-2020-07-03-中金宏观-经济增速继续回升-但回升势头可能放缓-2020年6月经济数据前瞻,cicc_perspective,中金点睛,中金宏观,team_channel,中金宏观：经济增速继续回升，但回升势头可能放缓 | 2020年6月经济数据前瞻,https://www.10100.com/article/148029574,full_mirror,clean,verified_from_configured_author_id,6,2812,,2020-07-03
cicc_perspective-2020-07-03-中金宏观-疫情影响下-消费结构分化可能持续,cicc_perspective,中金点睛,中金宏观,team_channel,中金宏观：疫情影响下，消费结构分化可能持续,https://www.10100.com/article/148029552,full_mirror,clean,verified_from_configured_author_id,22,5990,,2020-07-03
cicc_perspective-2020-07-03-中金宏观-成渝双城经济圈-唱响西部崛起和内陆开放-双城记,cicc_perspective,中金点睛,中金宏观,team_channel,中金宏观：成渝双城经济圈-唱响西部崛起和内陆开放“双城记”,https://www.10100.com/article/148035956,full_mirror,clean,verified_from_configured_author_id,42,15500,,2020-07-03
cicc_perspective-2020-07-03-中金宏观-供给面因素推高食品价格-核心通胀仍面临下行压力,cicc_perspective,中金点睛,中金宏观,team_channel,中金宏观：供给面因素推高食品价格，核心通胀仍面临下行压力,https://www.10100.com/article/148042521,full_mirror,clean,verified_from_configured_author_id,8,2080,,2020-07-03
cicc_perspective-2020-07-02-中金宏观-6月非农就业反弹再超预期-助力风险偏好继续改善,cicc_perspective,中金点睛,中金宏观,team_channel,中金宏观：6月非农就业反弹再超预期，助力风险偏好继续改善,https://www.10100.com/article/148035908,full_mirror,clean,verified_from_configured_author_id,12,2074,,2020-07-02
cicc_perspective-2020-06-30-中金宏观-生产基本恢复-外需反弹-6月制造业PMI点评,cicc_perspective,中金点睛,中金宏观,team_channel,中金宏观：生产基本恢复、外需反弹 | 6月制造业PMI点评,https://www.10100.com/article/148029681,full_mirror,clean,verified_from_configured_author_id,5,2004,,2020-06-30
cicc_perspective-2020-06-29-中金宏观-周报-局部疫情压制端午旅游消费回升速度-5月工业企业利润增长转正,cicc_perspective,中金点睛,中金宏观,team_channel,中金宏观 | 周报：局部疫情压制端午旅游消费回升速度；5月工业企业利润增长转正,https://www.10100.com/article/148042522,full_mirror,clean,verified_from_configured_author_id,2,1549,,2020-06-29
cicc_perspective-2020-06-28-中金宏观-5月工业企业利润增长转正-详解2020年5月工业企业财务数据,cicc_perspective,中金点睛,中金宏观,team_channel,中金宏观：5月工业企业利润增长转正 | 详解2020年5月工业企业财务数据,https://www.10100.com/article/148035961,full_mirror,clean,verified_from_configured_author_id,14,1866,,2020-06-28
guolei_macro-2020-06-24-广发宏观郭磊-分化中的修复-宏观经济2020年中期展望,guolei_macro,郭磊宏观茶座,郭磊宏观茶座,exact,【广发宏观郭磊】分化中的修复:宏观经济2020年中期展望,http://stock.finance.sina.com.cn/stock/go.php/vReport_Show/kind/search/rptid/646346787291/index.phtml,abstract_only,flagged,verified_from_publisher_label,0,2516,mirror_is_abstract,2020-06-24
cicc_perspective-2020-06-22-中金宏观-周报-消费与地产需求继续回暖-特别国债发行启动,cicc_perspective,中金点睛,中金宏观,team_channel,中金宏观 | 周报：消费与地产需求继续回暖；特别国债发行启动,https://www.10100.com/article/148042561,full_mirror,clean,verified_from_configured_author_id,2,2041,,2020-06-22
cicc_perspective-2020-06-22-中金宏观-6月LPR报价如期持平,cicc_perspective,中金点睛,中金宏观,team_channel,中金宏观：6月LPR报价如期持平,https://www.10100.com/article/148029704,full_mirror,clean,verified_from_configured_author_id,4,1709,,2020-06-22
cicc_perspective-2020-06-18-中金宏观-税收跌幅继续收窄-下半年财政政策将进一步扩张-5月财政数据点评,cicc_perspective,中金点睛,中金宏观,team_channel,中金宏观：税收跌幅继续收窄，下半年财政政策将进一步扩张｜5月财政数据点评,https://www.10100.com/article/148036176,full_mirror,clean,verified_from_configured_author_id,5,1799,,2020-06-18
cicc_perspective-2020-06-18-中金宏观-央行再贷款稳步投放-财政宽松落地仍有后劲-5月央行资产负债表数据点评,cicc_perspective,中金点睛,中金宏观,team_channel,中金宏观：央行再贷款稳步投放，财政宽松落地仍有后劲 | 5月央行资产负债表数据点评,https://www.10100.com/article/148029635,full_mirror,clean,verified_from_configured_author_id,7,2481,,2020-06-18
cicc_perspective-2020-06-15-中金宏观-央行缩量等价续作MLF-6月LPR大概率持平,cicc_perspective,中金点睛,中金宏观,team_channel,中金宏观：央行缩量等价续作MLF，6月LPR大概率持平,https://www.10100.com/article/148029706,full_mirror,clean,verified_from_configured_author_id,4,1754,,2020-06-15
cicc_perspective-2020-06-15-中金宏观-基建-地产投资继续领跑-更多消费领域需求修复-详解5月经济活动数据,cicc_perspective,中金点睛,中金宏观,team_channel,中金宏观：基建+地产投资继续领跑、更多消费领域需求修复 | 详解5月经济活动数据,https://www.10100.com/article/148036097,full_mirror,clean,verified_from_configured_author_id,8,2302,,2020-06-15
cicc_perspective-2020-06-15-中金宏观-2020下半年海外宏观展望-温和复苏-弱势美元,cicc_perspective,中金点睛,中金宏观,team_channel,中金宏观|2020下半年海外宏观展望：温和复苏，弱势美元,https://www.10100.com/article/148029588,full_mirror,clean,verified_from_configured_author_id,55,16710,,2020-06-15
cicc_perspective-2020-06-15-中金宏观-2020下半年宏观经济展望-非典型经济复苏,cicc_perspective,中金点睛,中金宏观,team_channel,中金宏观|2020下半年宏观经济展望：非典型经济复苏,https://www.10100.com/article/148042564,full_mirror,clean,verified_from_configured_author_id,36,13015,,2020-06-15
cicc_perspective-2020-06-12-疫情日报-美国多个州疫情有所反复-东京将解除所有商业限制-6月12日,cicc_perspective,中金点睛,中金宏观,team_channel,疫情日报：美国多个州疫情有所反复；东京将解除所有商业限制（6月12日）,https://www.10100.com/article/148042443,full_mirror,clean,verified_from_configured_author_id,21,2313,,2020-06-12
cicc_perspective-2020-06-11-疫情日报-英国及欧盟计划继续解封-5月社融同比继续加速-6月11日,cicc_perspective,中金点睛,中金宏观,team_channel,疫情日报：英国及欧盟计划继续解封；5月社融同比继续加速（6月11日）,https://www.10100.com/article/148029579,full_mirror,clean,verified_from_configured_author_id,21,2366,,2020-06-11
cicc_perspective-2020-06-11-中金宏观-石油和食品继续带动通胀下行-核心通胀环比企稳,cicc_perspective,中金点睛,中金宏观,team_channel,中金宏观：石油和食品继续带动通胀下行、核心通胀环比企稳,https://www.10100.com/article/148042384,full_mirror,clean,verified_from_configured_author_id,4,1775,,2020-06-11
cicc_perspective-2020-06-11-中金宏观-政府债与企业中长期贷款放量继续推升社融增长-5月份货币信贷数据点评,cicc_perspective,中金点睛,中金宏观,team_channel,中金宏观：政府债与企业中长期贷款放量继续推升社融增长 | 5月份货币信贷数据点评,https://www.10100.com/article/148035962,full_mirror,clean,verified_from_configured_author_id,6,2184,,2020-06-11
cicc_perspective-2020-06-10-疫情日报-巴西单日新增再超3万-国内挖掘机销量同比高位攀升-6月10日,cicc_perspective,中金点睛,中金宏观,team_channel,疫情日报：巴西单日新增再超3万；国内挖掘机销量同比高位攀升(6月10日),https://www.10100.com/article/148035963,full_mirror,clean,verified_from_configured_author_id,21,2420,,2020-06-10
cicc_perspective-2020-06-09-疫情日报-欧陆主要国家新增跌至较低水平-开行等置换公路债务-6月9日,cicc_perspective,中金点睛,中金宏观,team_channel,疫情日报：欧陆主要国家新增跌至较低水平；开行等置换公路债务（6月9日）,https://www.10100.com/article/148029590,full_mirror,clean,verified_from_configured_author_id,21,2318,,2020-06-09
cicc_perspective-2020-06-08-疫情日报-全球累计确诊超700万-国内民航客运显著回升-6月8日,cicc_perspective,中金点睛,中金宏观,team_channel,疫情日报：全球累计确诊超700万；国内民航客运显著回升（6月8日）,https://www.10100.com/article/148042530,full_mirror,clean,verified_from_configured_author_id,21,2520,,2020-06-08
cicc_perspective-2020-06-08-中金宏观-周报-消费需求继续回暖-收益率曲线平坦上移,cicc_perspective,中金点睛,中金宏观,team_channel,中金宏观|周报：消费需求继续回暖；收益率曲线平坦上移,https://www.10100.com/article/148029563,full_mirror,clean,verified_from_configured_author_id,2,2254,,2020-06-08
cicc_perspective-2020-06-07-中金宏观-外储继续回升-外资增持人民币债券-5月外储数据简评,cicc_perspective,中金点睛,中金宏观,team_channel,中金宏观：外储继续回升，外资增持人民币债券 | 5月外储数据简评,https://www.10100.com/article/148042409,full_mirror,clean,verified_from_configured_author_id,4,1747,,2020-06-07
cicc_perspective-2020-06-07-中国宏观-出口持续好于预期-顺差扩大将提振2季度增长-5月贸易数据点评,cicc_perspective,中金点睛,中金宏观,team_channel,中国宏观：出口持续好于预期，顺差扩大将提振2季度增长 | 5月贸易数据点评,https://www.10100.com/article/148029684,full_mirror,clean,verified_from_configured_author_id,13,2230,,2020-06-07
cicc_perspective-2020-06-06-中金宏观-海外-5月非农就业反弹显示美国经济修复速度较快,cicc_perspective,中金点睛,中金宏观,team_channel,中金宏观|海外：5月非农就业反弹显示美国经济修复速度较快,https://www.10100.com/article/148036190,full_mirror,clean,verified_from_configured_author_id,8,1862,,2020-06-06
cicc_perspective-2020-06-05-疫情日报-国内零售业复工率-95-欧央行大幅扩张购债计划-6月5日,cicc_perspective,中金点睛,中金宏观,team_channel,疫情日报：国内零售业复工率>95%；欧央行大幅扩张购债计划（6月5日）,https://www.10100.com/article/148042579,full_mirror,clean,verified_from_configured_author_id,21,2565,,2020-06-05
cicc_perspective-2020-06-04-疫情日报-欧洲计划逐步恢复跨境旅行-发改委推进城镇化补短板-6月4日,cicc_perspective,中金点睛,中金宏观,team_channel,疫情日报：欧洲计划逐步恢复跨境旅行；发改委推进城镇化补短板（6月4日）,https://www.10100.com/article/148036192,full_mirror,clean,verified_from_configured_author_id,21,2392,,2020-06-04
cicc_perspective-2020-06-03-疫情日报-武汉完成全员排查-央行新工具定义为-增量-支持-6月3日,cicc_perspective,中金点睛,中金宏观,team_channel,疫情日报：武汉完成全员排查；央行新工具定义为“增量”支持（6月3日）,https://www.10100.com/article/148030138,full_mirror,clean,verified_from_configured_author_id,21,2677,,2020-06-03
cicc_perspective-2020-06-02-疫情日报-央行创新工具大力支持中小企业-德国再加纾困力度-6月2日,cicc_perspective,中金点睛,中金宏观,team_channel,疫情日报：央行创新工具大力支持中小企业；德国再加纾困力度（6月2日）,https://www.10100.com/article/148042458,full_mirror,clean,verified_from_configured_author_id,21,2557,,2020-06-02
cicc_perspective-2020-06-01-中金宏观-周报-低基数下地产成交同比明显上升-流动的边际收紧,cicc_perspective,中金点睛,中金宏观,team_channel,中金宏观|周报：低基数下地产成交同比明显上升；流动的边际收紧,https://www.10100.com/article/148036102,full_mirror,clean,verified_from_configured_author_id,2,2270,,2020-06-01
cicc_perspective-2020-05-31-中金宏观-内需强势外需筑底-PMI连续3个月位于扩张区间-5月制造业PMI点评,cicc_perspective,中金点睛,中金宏观,team_channel,中金宏观：内需强势外需筑底、PMI连续3个月位于扩张区间 | 5月制造业PMI点评,https://www.10100.com/article/148029605,full_mirror,clean,verified_from_configured_author_id,5,1904,,2020-05-31
guojun_macro-2020-05-29-国君晨报-宏观专题研究,guojun_macro,国君宏观研究,国泰君安证券研究,parent_platform,国君晨报 | 宏观专题研究,https://finance.sina.com.cn/stock/stockzmt/2020-02-13/doc-iimxyqvz2435900.shtml,full_mirror,clean,verified_from_publisher_label,7,1953,,2020-05-29
cicc_perspective-2020-05-29-疫情日报-欧盟商议7500亿欧元纾困方案-美国失业新增仍高企-5月29日,cicc_perspective,中金点睛,中金宏观,team_channel,疫情日报：欧盟商议7500亿欧元纾困方案；美国失业新增仍高企（5月29日）,https://www.10100.com/article/148036179,full_mirror,clean,verified_from_configured_author_id,21,2581,,2020-05-29
cicc_perspective-2020-05-29-中金宏观-月报-内需回升由投资向消费扩散-人大政策目标大体符合预期,cicc_perspective,中金点睛,中金宏观,team_channel,中金宏观|月报：内需回升由投资向消费扩散，人大政策目标大体符合预期,https://www.10100.com/article/148029707,full_mirror,clean,verified_from_configured_author_id,3,1768,,2020-05-29
cicc_perspective-2020-05-28-疫情日报-中国推出金融改革11条-日本纾困力度大幅加码-5月28日,cicc_perspective,中金点睛,中金宏观,team_channel,疫情日报：中国推出金融改革11条；日本纾困力度大幅加码（5月28日）,https://www.10100.com/article/148029477,full_mirror,clean,verified_from_configured_author_id,21,2327,,2020-05-28
cicc_perspective-2020-05-28-中金宏观-工业回暖消费爬坡-融资总量保持较快增长-5-6月数据预览,cicc_perspective,中金点睛,中金宏观,team_channel,中金宏观：工业回暖消费爬坡，融资总量保持较快增长 | 5-6月数据预览,https://www.10100.com/article/148042565,full_mirror,clean,verified_from_configured_author_id,3,3351,,2020-05-28
cicc_perspective-2020-05-28-中金宏观-4月收入增速转正-利润降幅急速收窄-详解4月工业企业财务数据,cicc_perspective,中金点睛,中金宏观,team_channel,中金宏观：4月收入增速转正，利润降幅急速收窄 | 详解4月工业企业财务数据,https://www.10100.com/article/148099464,full_mirror,clean,verified_from_configured_author_id,10,1963,,2020-05-28
cicc_perspective-2020-05-27-疫情日报-央行加大债券市场融资支持-英国继续审慎放松管制-5月27日,cicc_perspective,中金点睛,中金宏观,team_channel,疫情日报：央行加大债券市场融资支持；英国继续审慎放松管制（5月27日）,https://www.10100.com/article/148030136,full_mirror,clean,verified_from_configured_author_id,21,2358,,2020-05-27
cicc_perspective-2020-05-27-中金宏观-海外经济重启但短期中国出口压力不减,cicc_perspective,中金点睛,中金宏观,team_channel,中金宏观：海外经济重启但短期中国出口压力不减,https://www.10100.com/article/148042569,full_mirror,clean,verified_from_configured_author_id,11,2858,,2020-05-27
cicc_perspective-2020-05-27-中金宏观-5月景气度继续回升-内需走强外需低迷-中金月度宏观景气指数-CMI-5月初值解读,cicc_perspective,中金点睛,中金宏观,team_channel,中金宏观：5月景气度继续回升、内需走强外需低迷 | 中金月度宏观景气指数（CMI）5月初值解读,https://www.10100.com/article/148029476,full_mirror,clean,verified_from_configured_author_id,7,2492,,2020-05-27
xuetao_macro-2020-05-26-景气度回升周期何时重启-天风宏观宋雪涛,xuetao_macro,雪涛宏观笔记,雪涛宏观笔记,exact,景气度回升周期何时重启?(天风宏观宋雪涛),http://finance.sina.com.cn/money/bond/research/2020-05-26/doc-iircuyvi5121836.shtml,full_mirror,clean,verified_from_publisher_label,17,3068,,2020-05-26
cicc_perspective-2020-05-26-疫情日报-日本解除全国紧急状态-武汉完成近千万居民采样-5月26日,cicc_perspective,中金点睛,中金宏观,team_channel,疫情日报：日本解除全国紧急状态；武汉完成近千万居民采样（5月26日）,https://www.10100.com/article/148029694,full_mirror,clean,verified_from_configured_author_id,21,2381,,2020-05-26
cicc_perspective-2020-05-26-中金宏观-猪肉供求关系如期改善-CPI增速年底可能趋近于零,cicc_perspective,中金点睛,中金宏观,team_channel,中金宏观：猪肉供求关系如期改善，CPI增速年底可能趋近于零,https://www.10100.com/article/148042544,full_mirror,clean,verified_from_configured_author_id,16,2686,,2020-05-26
cicc_perspective-2020-05-26-中金前哨-疫情之下-再看越南,cicc_perspective,中金点睛,中金宏观,team_channel,中金前哨：疫情之下，再看越南,https://www.10100.com/article/148029581,full_mirror,clean,verified_from_configured_author_id,36,7433,,2020-05-26
cicc_perspective-2020-05-25-疫情日报-全球经济活动指数升至41-美国收紧巴西入境政策-5月25日,cicc_perspective,中金点睛,中金宏观,team_channel,疫情日报：全球经济活动指数升至41%，美国收紧巴西入境政策（5月25日）,https://www.10100.com/article/148036159,full_mirror,clean,verified_from_configured_author_id,21,2628,,2020-05-25
cicc_perspective-2020-05-25-中金宏观-海外-欧美经济温和回升-美联储总资产突破7万亿美元,cicc_perspective,中金点睛,中金宏观,team_channel,中金宏观|海外：欧美经济温和回升；美联储总资产突破7万亿美元,https://www.10100.com/article/148042429,full_mirror,clean,verified_from_configured_author_id,17,2250,,2020-05-25
yiyuzhongde-2020-05-24-华创宏观-张瑜团队-怎么解释5月用电数据的高增-每周经济观察第21期,yiyuzhongde,一瑜中的,一瑜中的,exact,【华创宏观·张瑜团队】怎么解释5月用电数据的高增?——每周经济观察第21期,http://finance.sina.com.cn/roll/2020-05-25/doc-iirczymk3473026.shtml,full_mirror,clean,verified_from_publisher_label,16,5384,,2020-05-24
lichao_macro-2020-05-24-浙商宏观-李超-财政预算-广义赤字直达地方,lichao_macro,李超宏观研究与资产配置,李超宏观研究与资产配置,exact,【浙商宏观||李超】财政预算:广义赤字直达地方,https://www.163.com/dy/article/FDG3AKLF0519QIKK.html,full_mirror,clean,verified_from_publisher_label,7,5881,,2020-05-24
yiyuzhongde-2020-05-23-华创宏观-张瑜团队-政府工作报告的潜台词,yiyuzhongde,一瑜中的,一瑜中的,exact,【华创宏观·张瑜团队】政府工作报告的潜台词,https://www.10100.com/article/113286903,full_mirror,clean,verified_from_publisher_label,25,9147,,2020-05-23
cicc_perspective-2020-05-22-疫情日报-海外经济活动继续爬坡-地方购车住房补贴陆续出台-5月22日,cicc_perspective,中金点睛,中金宏观,team_channel,疫情日报：海外经济活动继续爬坡；地方购车住房补贴陆续出台（5月22日）,https://www.10100.com/article/148036099,full_mirror,clean,verified_from_configured_author_id,21,2461,,2020-05-22
cicc_perspective-2020-05-22-中金宏观-明确财政货币宽松基调-以-六保六稳-替代具体增长目标-2020年政府工作报告点评,cicc_perspective,中金点睛,中金宏观,team_channel,中金宏观：明确财政货币宽松基调，以“六保六稳”替代具体增长目标 | 2020年政府工作报告点评,https://www.10100.com/article/148099399,full_mirror,clean,verified_from_configured_author_id,2,2432,,2020-05-22
cicc_perspective-2020-05-21-疫情日报-全球累计确诊超500万-巴西日度确诊首超两万-5月21日,cicc_perspective,中金点睛,中金宏观,team_channel,疫情日报：全球累计确诊超500万；巴西日度确诊首超两万（5月21日）,https://www.10100.com/article/148029615,full_mirror,clean,verified_from_configured_author_id,21,2350,,2020-05-21
cicc_perspective-2020-05-21-中金宏观-5月LPR报价下调暂缓,cicc_perspective,中金点睛,中金宏观,team_channel,中金宏观：5月LPR报价下调暂缓,https://www.10100.com/article/148042432,full_mirror,clean,verified_from_configured_author_id,5,1898,,2020-05-21
cicc_perspective-2020-05-20-疫情日报-地方债发行提速-欧日计划继续审慎放松管控-5月20日,cicc_perspective,中金点睛,中金宏观,team_channel,疫情日报：地方债发行提速；欧日计划继续审慎放松管控（5月20日）,https://www.10100.com/article/148029582,full_mirror,clean,verified_from_configured_author_id,21,2388,,2020-05-20
cicc_perspective-2020-05-19-疫情日报-国内复工率逼近95-中央推动关键性市场化改革-5月19日,cicc_perspective,中金点睛,中金宏观,team_channel,疫情日报：国内复工率逼近95%；中央推动关键性市场化改革（5月19日）,https://www.10100.com/article/148029577,full_mirror,clean,verified_from_configured_author_id,21,2484,,2020-05-19
cicc_perspective-2020-05-19-中金宏观-财政收入增速回升-赤字继续扩张-4月财政数据点评,cicc_perspective,中金点睛,中金宏观,team_channel,中金宏观：财政收入增速回升，赤字继续扩张 | 4月财政数据点评,https://www.10100.com/article/148042379,full_mirror,clean,verified_from_configured_author_id,5,1891,,2020-05-19
cicc_perspective-2020-05-18-疫情日报-海外经济活动缓慢爬坡-民主党再推3万亿援助计划-5月18日,cicc_perspective,中金点睛,中金宏观,team_channel,疫情日报：海外经济活动缓慢爬坡；民主党再推3万亿援助计划（5月18日）,https://www.10100.com/article/148029415,full_mirror,clean,verified_from_configured_author_id,21,2604,,2020-05-18
cicc_perspective-2020-05-18-中金宏观-货币乘数超季节性上升-降准不改基础货币同比扩张趋势-4月央行资产负债表数据点评,cicc_perspective,中金点睛,中金宏观,team_channel,中金宏观：货币乘数超季节性上升，降准不改基础货币同比扩张趋势 | 4月央行资产负债表数据点评,https://www.10100.com/article/148035959,full_mirror,clean,verified_from_configured_author_id,6,2754,,2020-05-18
cicc_perspective-2020-05-18-中金宏观-海外-从高频指标看美国-解封-早期效果,cicc_perspective,中金点睛,中金宏观,team_channel,中金宏观|海外：从高频指标看美国“解封”早期效果,https://www.10100.com/article/148029682,full_mirror,clean,verified_from_configured_author_id,18,4183,,2020-05-18
cicc_perspective-2020-05-18-中金宏观-周报-投资加速引领内需指标继续攀升-政府债发行如期加速,cicc_perspective,中金点睛,中金宏观,team_channel,中金宏观|周报：投资加速引领内需指标继续攀升；政府债发行如期加速,https://www.10100.com/article/148042526,full_mirror,clean,verified_from_configured_author_id,2,2225,,2020-05-18
cicc_perspective-2020-05-16-中金宏观-投资强劲-消费爬坡-出口走弱-详解4月经济活动数据,cicc_perspective,中金点睛,中金宏观,team_channel,中金宏观：投资强劲、消费爬坡；出口走弱 | 详解4月经济活动数据,https://www.10100.com/article/148042383,full_mirror,clean,verified_from_configured_author_id,7,2191,,2020-05-16
cicc_perspective-2020-05-16-中金宏观-为何推动新型城镇化是-长短皆宜-的政策必选项-全文,cicc_perspective,中金点睛,中金宏观,team_channel,中金宏观：为何推动新型城镇化是“长短皆宜”的政策必选项？（全文）,https://www.10100.com/article/148029683,full_mirror,clean,verified_from_configured_author_id,95,35528,,2020-05-16
cicc_perspective-2020-05-15-疫情日报-全国复工率攀升至94-4-南美中东疫情再升级-5月15日,cicc_perspective,中金点睛,中金宏观,team_channel,疫情日报：全国复工率攀升至94.4%；南美中东疫情再升级（5月15日）,https://www.10100.com/article/148029561,full_mirror,clean,verified_from_configured_author_id,21,2446,,2020-05-15
cicc_perspective-2020-05-14-疫情日报-全球经济活动指数微升-欧盟部分国家审慎重开边境-5月14日,cicc_perspective,中金点睛,中金宏观,team_channel,疫情日报：全球经济活动指数微升；欧盟部分国家审慎重开边境（5月14日）,https://www.10100.com/article/148029600,full_mirror,clean,verified_from_configured_author_id,21,2243,,2020-05-14
cicc_perspective-2020-05-14-中金宏观-食品石油环比降价带动通胀指标下行-4月通胀数据点评,cicc_perspective,中金点睛,中金宏观,team_channel,中金宏观：食品石油环比降价带动通胀指标下行 | 4月通胀数据点评,https://www.10100.com/article/148029426,full_mirror,clean,verified_from_configured_author_id,4,1809,,2020-05-14
cicc_perspective-2020-05-14-中金宏观-加大宏观政策力度-确保就业稳定,cicc_perspective,中金点睛,中金宏观,team_channel,中金宏观：加大宏观政策力度，确保就业稳定,https://www.10100.com/article/148042538,full_mirror,clean,verified_from_configured_author_id,6,2472,,2020-05-14
cicc_perspective-2020-05-13-疫情日报-中国复工率93-印度推出大规模纾困计划-5月13日,cicc_perspective,中金点睛,中金宏观,team_channel,疫情日报：中国复工率93%；印度推出大规模纾困计划（5月13日）,https://www.10100.com/article/148029428,full_mirror,clean,verified_from_configured_author_id,21,2569,,2020-05-13
cicc_perspective-2020-05-13-中金宏观-海外-逐步-解封-后的全球增长展望,cicc_perspective,中金点睛,中金宏观,team_channel,中金宏观|海外：逐步“解封”后的全球增长展望,https://www.10100.com/article/148042417,full_mirror,clean,verified_from_configured_author_id,24,9710,,2020-05-13
cicc_perspective-2020-05-13-中金宏观-推进新型城镇化需加快制度建设及多个领域基建投资,cicc_perspective,中金点睛,中金宏观,team_channel,中金宏观：推进新型城镇化需加快制度建设及多个领域基建投资,https://www.10100.com/article/148029602,full_mirror,clean,verified_from_configured_author_id,27,9951,,2020-05-13
cicc_perspective-2020-05-13-中金宏观-以新型城镇化应对三个中期挑战,cicc_perspective,中金点睛,中金宏观,team_channel,中金宏观：以新型城镇化应对三个中期挑战,https://www.10100.com/article/148035928,full_mirror,clean,verified_from_configured_author_id,11,5038,,2020-05-13
cicc_perspective-2020-05-12-疫情日报-国内复工率92-社融增速继续攀升-5月12日,cicc_perspective,中金点睛,中金宏观,team_channel,疫情日报：国内复工率92%；社融增速继续攀升（5月12日）,https://www.10100.com/article/148029575,full_mirror,clean,verified_from_configured_author_id,21,2445,,2020-05-12
cicc_perspective-2020-05-12-中金宏观-货币-财政-双宽松-推动社融M2增长继续加速-4月份货币信贷数据点评,cicc_perspective,中金点睛,中金宏观,team_channel,中金宏观：货币+财政“双宽松”，推动社融M2增长继续加速 | 4月份货币信贷数据点评,https://www.10100.com/article/148042422,full_mirror,clean,verified_from_configured_author_id,5,2424,,2020-05-12
cicc_perspective-2020-05-12-中金宏观-短期-6保-需加大力度扩内需-基建或为-必选项,cicc_perspective,中金点睛,中金宏观,team_channel,中金宏观：短期“6保”需加大力度扩内需、基建或为“必选项”,https://www.10100.com/article/148036100,full_mirror,clean,verified_from_configured_author_id,19,6756,,2020-05-12
cicc_perspective-2020-05-12-中金宏观-新型城镇化具有深远的中长期意义,cicc_perspective,中金点睛,中金宏观,team_channel,中金宏观：新型城镇化具有深远的中长期意义,https://www.10100.com/article/148029690,full_mirror,clean,verified_from_configured_author_id,44,14363,,2020-05-12
cicc_perspective-2020-05-11-疫情日报-海外经济活跃度缓步回升-国内货币政策保持宽松-5月11日,cicc_perspective,中金点睛,中金宏观,team_channel,疫情日报：海外经济活跃度缓步回升；国内货币政策保持宽松（5月11日）,https://www.10100.com/article/148036158,full_mirror,clean,verified_from_configured_author_id,21,2547,,2020-05-11
cicc_perspective-2020-05-11-中金宏观-货币政策量价工具共用-加强纾困与扩内需力度-2020年第1季度-中国货币政策执行报告-解读,cicc_perspective,中金点睛,中金宏观,team_channel,中金宏观：货币政策量价工具共用，加强纾困与扩内需力度 | 2020年第1季度《中国货币政策执行报告》解读,https://www.10100.com/article/148029692,full_mirror,clean,verified_from_configured_author_id,6,2513,,2020-05-11
cicc_perspective-2020-05-11-中金宏观-海外-四月经济数据大幅下行-欧美从-封锁-向-复工-过渡,cicc_perspective,中金点睛,中金宏观,team_channel,中金宏观|海外：四月经济数据大幅下行，欧美从“封锁”向“复工”过渡,https://www.10100.com/article/148029580,full_mirror,clean,verified_from_configured_author_id,5,1987,,2020-05-11
cicc_perspective-2020-05-11-中金宏观-周报-财政纾困扩内需再加码-文娱场所谨慎重启,cicc_perspective,中金点睛,中金宏观,team_channel,中金宏观|周报：财政纾困扩内需再加码，文娱场所谨慎重启,https://www.10100.com/article/148042542,full_mirror,clean,verified_from_configured_author_id,2,2710,,2020-05-11
cicc_perspective-2020-05-09-中金宏观-海外-美国4月非农就业下滑2050万人-失业率升至14-7,cicc_perspective,中金点睛,中金宏观,team_channel,中金宏观|海外：美国4月非农就业下滑2050万人，失业率升至14.7%,https://www.10100.com/article/148042596,full_mirror,clean,verified_from_configured_author_id,9,1842,,2020-05-09
cicc_perspective-2020-05-08-疫情日报-国内县域均调为低风险-小微企业税收减免延至年底-5月8日,cicc_perspective,中金点睛,中金宏观,team_channel,疫情日报：国内县域均调为低风险；小微企业税收减免延至年底（5月8日）,https://www.10100.com/article/148029505,full_mirror,clean,verified_from_configured_author_id,21,2550,,2020-05-08
cicc_perspective-2020-05-08-中金宏观-美元荒-缓解-外储回升-4月外储数据点评,cicc_perspective,中金点睛,中金宏观,team_channel,中金宏观：“美元荒”缓解、外储回升 | 4月外储数据点评,https://www.10100.com/article/148030137,full_mirror,clean,verified_from_configured_author_id,3,1539,,2020-05-08
cicc_perspective-2020-05-08-中金宏观-出口大幅高于预期-外需仍面临下行风险,cicc_perspective,中金点睛,中金宏观,team_channel,中金宏观：出口大幅高于预期，外需仍面临下行风险,https://www.10100.com/article/148036167,full_mirror,clean,verified_from_configured_author_id,8,1869,,2020-05-08
cicc_perspective-2020-05-07-疫情日报-国内基建走强地产回暖-美国ADP就业月减两千万-5月7日,cicc_perspective,中金点睛,中金宏观,team_channel,疫情日报：国内基建走强地产回暖；美国ADP就业月减两千万（5月7日）,https://www.10100.com/article/148042597,full_mirror,clean,verified_from_configured_author_id,21,2399,,2020-05-07
cicc_perspective-2020-05-06-疫情日报-欧美尝试复工-GAT筑底-五一旅游消费降幅收窄-5月6日,cicc_perspective,中金点睛,中金宏观,team_channel,疫情日报：欧美尝试复工、GAT筑底；五一旅游消费降幅收窄（5月6日）,https://www.10100.com/article/148099407,full_mirror,clean,verified_from_configured_author_id,22,2513,,2020-05-06
cicc_perspective-2020-05-06-中金宏观-周报-五一-假期消费同比降幅较清明收窄-内需继续复苏,cicc_perspective,中金点睛,中金宏观,team_channel,中金宏观|周报：“五一”假期消费同比降幅较清明收窄；内需继续复苏,http://stock.finance.sina.com.cn/stock/go.php/vReport_Show/kind/lastest/rptid/642030468983/index.phtml,abstract_only,flagged,verified_from_configured_author_id,0,1248,mirror_is_abstract,2020-05-06
cicc_perspective-2020-05-01-中金宏观-制造业环比扩张但速度明显放缓-外需大幅下滑,cicc_perspective,中金点睛,中金宏观,team_channel,中金宏观：制造业环比扩张但速度明显放缓，外需大幅下滑,https://www.10100.com/article/148042433,full_mirror,clean,verified_from_configured_author_id,4,1885,,2020-05-01
cicc_perspective-2020-04-30-中金宏观-海外-美国1季度实际GDP环比萎缩4-8-年化,cicc_perspective,中金点睛,中金宏观,team_channel,中金宏观|海外：美国1季度实际GDP环比萎缩4.8%（年化）,https://www.10100.com/article/148029584,full_mirror,clean,verified_from_configured_author_id,4,1662,,2020-04-30
cicc_perspective-2020-04-30-中金宏观-有关近期地方专项债前置发行及特别国债的一些推测,cicc_perspective,中金点睛,中金宏观,team_channel,中金宏观：有关近期地方专项债前置发行及特别国债的一些推测,https://www.10100.com/article/148029583,full_mirror,clean,verified_from_configured_author_id,14,4224,,2020-04-30
cicc_perspective-2020-04-29-疫情日报-美欧疫情连日趋缓-美国下周分阶段复工-4月29日,cicc_perspective,中金点睛,中金宏观,team_channel,疫情日报：美欧疫情连日趋缓；美国下周分阶段复工（4月29日）,https://www.10100.com/article/148029631,full_mirror,clean,verified_from_configured_author_id,22,2583,,2020-04-29
cicc_perspective-2020-04-28-疫情日报-美国累计确诊过百万-国内复工率升至90-4月28日,cicc_perspective,中金点睛,中金宏观,team_channel,疫情日报：美国累计确诊过百万；国内复工率升至90%（4月28日）,https://www.10100.com/article/148042550,full_mirror,clean,verified_from_configured_author_id,22,2419,,2020-04-28
cicc_perspective-2020-04-28-中金宏观-3月利润降幅仅小幅收窄-现金流及财务成本压力高企-详解2020年1季度与3月工业企业财务数据,cicc_perspective,中金点睛,中金宏观,team_channel,中金宏观：3月利润降幅仅小幅收窄、现金流及财务成本压力高企｜详解2020年1季度与3月工业企业财务数据,https://www.10100.com/article/148029436,full_mirror,clean,verified_from_configured_author_id,10,2766,,2020-04-28
cicc_perspective-2020-04-28-中金前哨-百家企业再调研-全球疫情蔓延-经营前景如何,cicc_perspective,中金点睛,中金宏观,team_channel,中金前哨：百家企业再调研——全球疫情蔓延，经营前景如何？,https://www.10100.com/article/148036174,full_mirror,clean,verified_from_configured_author_id,30,7469,,2020-04-28
cicc_perspective-2020-04-27-疫情日报-全球经济活动继续减速-美欧酝酿复工-4月27日,cicc_perspective,中金点睛,中金宏观,team_channel,疫情日报：全球经济活动继续减速；美欧酝酿复工（4月27日）,https://www.10100.com/article/148029702,full_mirror,clean,verified_from_configured_author_id,22,2625,,2020-04-27
cicc_perspective-2020-04-27-中金宏观-海外-新兴市场-四维体检-谁更脆弱,cicc_perspective,中金点睛,中金宏观,team_channel,中金宏观|海外：新兴市场“四维体检”——谁更脆弱？,https://www.10100.com/article/148036095,full_mirror,clean,verified_from_configured_author_id,16,6524,,2020-04-27
cicc_perspective-2020-04-27-中金宏观-外需压制下-4-月需求环比回升速度放缓-中金月度宏观景气指数-CMI-4月初值解读,cicc_perspective,中金点睛,中金宏观,team_channel,中金宏观：外需压制下，4 月需求环比回升速度放缓 | 中金月度宏观景气指数（CMI）4月初值解读,https://www.10100.com/article/148042434,full_mirror,clean,verified_from_configured_author_id,7,2162,,2020-04-27
cicc_perspective-2020-04-24-中金宏观-海外-欧美4月PMI-经济活动跌至-地板,cicc_perspective,中金点睛,中金宏观,team_channel,中金宏观|海外：欧美4月PMI：经济活动跌至“地板”,https://www.10100.com/article/148029637,full_mirror,clean,verified_from_configured_author_id,11,1990,,2020-04-24
cicc_perspective-2020-04-23-疫情日报-全球经济活动保持低位-但美欧多地拟逐步放松管控-4月23日,cicc_perspective,中金点睛,中金宏观,team_channel,疫情日报：全球经济活动保持低位，但美欧多地拟逐步放松管控 （4月23日）,https://www.10100.com/article/148042449,full_mirror,clean,verified_from_configured_author_id,22,2570,,2020-04-23
cicc_perspective-2020-04-23-中金宏观-短期外需下行的压力有多大,cicc_perspective,中金点睛,中金宏观,team_channel,中金宏观：短期外需下行的压力有多大？,https://www.10100.com/article/148029613,full_mirror,clean,verified_from_configured_author_id,14,3274,,2020-04-23
cicc_perspective-2020-04-22-疫情日报-第三波疫情发酵-中国加强社会保障及普惠金融纾困-4月22日,cicc_perspective,中金点睛,中金宏观,team_channel,疫情日报：第三波疫情发酵；中国加强社会保障及普惠金融纾困（4月22日）,https://www.10100.com/article/148036110,full_mirror,clean,verified_from_configured_author_id,22,2634,,2020-04-22
cicc_perspective-2020-04-21-疫情日报-海外经济活动继续探底-万亿专项债额度再提前下达-4月21日,cicc_perspective,中金点睛,中金宏观,team_channel,疫情日报：海外经济活动继续探底；万亿专项债额度再提前下达（4月21日）,https://www.10100.com/article/148042453,full_mirror,clean,verified_from_configured_author_id,22,2540,,2020-04-21
cicc_perspective-2020-04-21-中金宏观-财政收入跌幅加大-财政赤字继续扩张-3月份财政数据点评,cicc_perspective,中金点睛,中金宏观,team_channel,中金宏观：财政收入跌幅加大，财政赤字继续扩张 | 3月份财政数据点评,https://www.10100.com/article/148036115,full_mirror,clean,verified_from_configured_author_id,5,2032,,2020-04-21
cicc_perspective-2020-04-21-中金宏观-基建需求持续回升或有较强确定性,cicc_perspective,中金点睛,中金宏观,team_channel,中金宏观：基建需求持续回升或有较强确定性,https://www.10100.com/article/148029708,full_mirror,clean,verified_from_configured_author_id,14,5425,,2020-04-21
cicc_perspective-2020-04-21-中金宏观-4月1年期LPR如期下调20bp-而5年期以上LPR仅调降10bp,cicc_perspective,中金点睛,中金宏观,team_channel,中金宏观：4月1年期LPR如期下调20bp；而5年期以上LPR仅调降10bp,https://www.10100.com/article/148029483,full_mirror,clean,verified_from_configured_author_id,5,2106,,2020-04-21
cicc_perspective-2020-04-20-疫情日报-海外经济活动指数维持低位-中国复工率回升至近九成-4月20日,cicc_perspective,中金点睛,中金宏观,team_channel,疫情日报：海外经济活动指数维持低位；中国复工率回升至近九成 (4月20日),https://www.10100.com/article/148042454,full_mirror,clean,verified_from_configured_author_id,22,2576,,2020-04-20
cicc_perspective-2020-04-20-中金宏观-海外-第三波疫情-对全球可能产生的影响,cicc_perspective,中金点睛,中金宏观,team_channel,中金宏观|海外：“第三波疫情”对全球可能产生的影响,https://www.10100.com/article/148029484,full_mirror,clean,verified_from_configured_author_id,18,4333,,2020-04-20
cicc_perspective-2020-04-19-中金宏观-海外-疫情高位筑顶-欧美计划-解封-但新兴市场疫情加剧,cicc_perspective,中金点睛,中金宏观,team_channel,中金宏观|海外：疫情高位筑顶、欧美计划“解封”，但新兴市场疫情加剧,https://www.10100.com/article/148029709,full_mirror,clean,verified_from_configured_author_id,3,1874,,2020-04-19
cicc_perspective-2020-04-19-中金宏观-周报-内需继续爬坡-政治局会议重申加大政策对冲力度,cicc_perspective,中金点睛,中金宏观,team_channel,中金宏观|周报：内需继续爬坡，政治局会议重申加大政策对冲力度,https://www.10100.com/article/148036185,full_mirror,clean,verified_from_configured_author_id,2,2174,,2020-04-19
cicc_perspective-2020-04-18-中金宏观-疫后纾困再贷款发放推动央行基础货币扩张-3月央行资产负债表数据点评,cicc_perspective,中金点睛,中金宏观,team_channel,中金宏观：疫后纾困再贷款发放推动央行基础货币扩张|3月央行资产负债表数据点评,https://www.10100.com/article/148029616,full_mirror,clean,verified_from_configured_author_id,5,2314,,2020-04-18
cicc_perspective-2020-04-18-中金宏观-1季度-GDP同比降6-8-3月生产和投资复苏领先于消费-2020年1季度及3月经济活动数据点评,cicc_perspective,中金点睛,中金宏观,team_channel,中金宏观：1季度 GDP同比降6.8%，3月生产和投资复苏领先于消费|2020年1季度及3月经济活动数据点评,https://www.10100.com/article/148042575,full_mirror,clean,verified_from_configured_author_id,8,2783,,2020-04-18
cicc_perspective-2020-04-17-疫情日报-全球经济活动指数36-2-美国周初请失业再超500万-4月17日,cicc_perspective,中金点睛,中金宏观,team_channel,疫情日报：全球经济活动指数36.2；美国周初请失业再超500万（4月17日）,https://www.10100.com/article/148036122,full_mirror,clean,verified_from_configured_author_id,22,2596,,2020-04-17
cicc_perspective-2020-04-17-中金宏观-海外-美国首次失业救济申请4周累计达2200万人,cicc_perspective,中金点睛,中金宏观,team_channel,中金宏观|海外：美国首次失业救济申请4周累计达2200万人,https://www.10100.com/article/148030129,full_mirror,clean,verified_from_configured_author_id,9,2524,,2020-04-17
cicc_perspective-2020-04-16-疫情日报-全球经济活动指数36-4-美国3月零售降幅超预期-4月16日,cicc_perspective,中金点睛,中金宏观,team_channel,疫情日报：全球经济活动指数36.4；美国3月零售降幅超预期（4月16日）,https://www.10100.com/article/148042456,full_mirror,clean,verified_from_configured_author_id,22,2690,,2020-04-16
cicc_perspective-2020-04-16-中金宏观-海外-美国3月零售及工业产出录得二战以来最大单月环比降幅,cicc_perspective,中金点睛,中金宏观,team_channel,中金宏观|海外：美国3月零售及工业产出录得二战以来最大单月环比降幅,https://www.10100.com/article/148029487,full_mirror,clean,verified_from_configured_author_id,10,1684,,2020-04-16
cicc_perspective-2020-04-15-疫情日报-全球经济活动指数降至36-2-国常会强调政策落实-4月15日,cicc_perspective,中金点睛,中金宏观,team_channel,疫情日报：全球经济活动指数降至36.2；国常会强调政策落实（4月15日）,https://www.10100.com/article/148029507,full_mirror,clean,verified_from_configured_author_id,22,2540,,2020-04-15
cicc_perspective-2020-04-15-中金宏观-3月进出口好于预期-1季度顺差大幅下滑丨3月贸易数据点评,cicc_perspective,中金点睛,中金宏观,team_channel,中金宏观：3月进出口好于预期，1季度顺差大幅下滑丨3月贸易数据点评,https://www.10100.com/article/148036211,full_mirror,clean,verified_from_configured_author_id,4,2061,,2020-04-15
cicc_perspective-2020-04-14-疫情日报-全球经济活动指数降至38-8-欧美新增确诊高位筑顶-4月14日,cicc_perspective,中金点睛,中金宏观,team_channel,疫情日报：全球经济活动指数降至38.8；欧美新增确诊高位筑顶（4月14日）,https://www.10100.com/article/148030142,full_mirror,clean,verified_from_configured_author_id,22,2590,,2020-04-14
cicc_perspective-2020-04-13-疫情日报-全球经济活动指数39-2-俄罗斯日本加强管控-4月13日,cicc_perspective,中金点睛,中金宏观,team_channel,疫情日报：全球经济活动指数39.2；俄罗斯日本加强管控（4月13日）,https://www.10100.com/article/148042598,full_mirror,clean,verified_from_configured_author_id,22,2599,,2020-04-13
cicc_perspective-2020-04-13-中金宏观-周报-内需爬坡基建加速-3月社融大超预期,cicc_perspective,中金点睛,中金宏观,team_channel,中金宏观|周报：内需爬坡基建加速，3月社融大超预期,https://www.10100.com/article/148029644,full_mirror,clean,verified_from_configured_author_id,2,2288,,2020-04-13
cicc_perspective-2020-04-11-中金宏观-食品价格带动CPI回落-PPI明显下行-3月通胀数据点评,cicc_perspective,中金点睛,中金宏观,team_channel,中金宏观：食品价格带动CPI回落，PPI明显下行|3月通胀数据点评,https://www.10100.com/article/148029645,full_mirror,clean,verified_from_configured_author_id,4,1768,,2020-04-11
cicc_perspective-2020-04-11-中金宏观-社融大幅超预期-稳增长力度加码-3月份货币信贷数据点评,cicc_perspective,中金点睛,中金宏观,team_channel,中金宏观：社融大幅超预期，稳增长力度加码|3月份货币信贷数据点评,https://www.10100.com/article/148042599,full_mirror,clean,verified_from_configured_author_id,4,2606,,2020-04-11
cicc_perspective-2020-04-11-中金宏观-海外-美联储注入2-3万亿美元信贷支持经济,cicc_perspective,中金点睛,中金宏观,team_channel,中金宏观|海外：美联储注入2.3万亿美元信贷支持经济,https://finance.sina.com.cn/world/gjcj/2020-04-10/doc-iirczymi5452144.shtml,derived_text,clean,verified_from_configured_author_id,0,2407,,2020-04-11
cicc_perspective-2020-04-10-疫情日报-全球经济活动指数微升至39-5-中央加速推进城镇化-4月10日,cicc_perspective,中金点睛,中金宏观,team_channel,疫情日报：全球经济活动指数微升至39.5；中央加速推进城镇化（4月10日）,https://www.10100.com/article/148036160,full_mirror,clean,verified_from_configured_author_id,22,2772,,2020-04-10
cicc_perspective-2020-04-09-疫情日报-全球经济活动指数39-2-欧盟未能就救助方案达成共识-4月9日,cicc_perspective,中金点睛,中金宏观,team_channel,疫情日报：全球经济活动指数39.2；欧盟未能就救助方案达成共识（4月9日）,https://www.10100.com/article/148029697,full_mirror,clean,verified_from_configured_author_id,22,2770,,2020-04-09
cicc_perspective-2020-04-08-疫情日报-中金全球经济活动指数降至-39-3-美国疫情波动筑顶-4月8日,cicc_perspective,中金点睛,中金宏观,team_channel,疫情日报：中金全球经济活动指数降至 39.3；美国疫情波动筑顶（4月8日）,https://www.10100.com/article/148042548,full_mirror,clean,verified_from_configured_author_id,22,2621,,2020-04-08
cicc_perspective-2020-04-08-中金宏观-美元荒-下资本外流压力暂时上升-2020年3月外储数据简评,cicc_perspective,中金点睛,中金宏观,team_channel,中金宏观：“美元荒”下资本外流压力暂时上升|2020年3月外储数据简评,https://www.10100.com/article/148029434,full_mirror,clean,verified_from_configured_author_id,3,1737,,2020-04-08
cicc_perspective-2020-04-07-疫情日报-中金日度GAT显示海外线下经济活动大幅降温-4月7日,cicc_perspective,中金点睛,中金宏观,team_channel,疫情日报：中金日度GAT显示海外线下经济活动大幅降温（4月7日）,https://www.10100.com/article/148042430,full_mirror,clean,verified_from_configured_author_id,22,2605,,2020-04-07
cicc_perspective-2020-04-07-中金宏观-量化-追踪新冠疫情对世界经济的冲击,cicc_perspective,中金点睛,中金宏观,team_channel,中金宏观：“量化”追踪新冠疫情对世界经济的冲击,https://www.10100.com/article/148036096,full_mirror,clean,verified_from_configured_author_id,28,12547,,2020-04-07
cicc_perspective-2020-04-07-中金宏观-海外-美国劳动力市场压力继续增大-美联储快速扩表,cicc_perspective,中金点睛,中金宏观,team_channel,中金宏观|海外：美国劳动力市场压力继续增大；美联储快速扩表,https://www.10100.com/article/148036098,full_mirror,clean,verified_from_configured_author_id,3,2135,,2020-04-07
cicc_perspective-2020-04-07-中金前哨-东南亚-南亚面临第二波新冠疫情的冲击,cicc_perspective,中金点睛,中金宏观,team_channel,中金前哨：东南亚\南亚面临第二波新冠疫情的冲击,https://www.10100.com/article/148029620,full_mirror,clean,verified_from_configured_author_id,28,7083,,2020-04-07
cicc_perspective-2020-04-05-中金宏观-央行对中小银行定向降准100bp-释放流动性4000亿,cicc_perspective,中金点睛,中金宏观,team_channel,中金宏观：央行对中小银行定向降准100bp、释放流动性4000亿,https://www.10100.com/article/148030145,full_mirror,clean,verified_from_configured_author_id,2,1627,,2020-04-05
cicc_perspective-2020-04-03-疫情日报-全球确诊超百万-美国首度申请失业人数再创新高-4月3日,cicc_perspective,中金点睛,中金宏观,team_channel,疫情日报：全球确诊超百万，美国首度申请失业人数再创新高（4月3日）,https://www.10100.com/article/148029647,full_mirror,clean,verified_from_configured_author_id,18,2439,,2020-04-03
cicc_perspective-2020-04-03-中金宏观-海外-美国3月首次失业救济申请累计已超1000万人,cicc_perspective,中金点睛,中金宏观,team_channel,中金宏观|海外：美国3月首次失业救济申请累计已超1000万人,https://www.10100.com/article/148036216,full_mirror,clean,verified_from_configured_author_id,10,2700,,2020-04-03
cicc_perspective-2020-04-01-疫情日报-中国加强无症状感染防控-国务院再出促内需政策-4月1日,cicc_perspective,中金点睛,中金宏观,team_channel,疫情日报：中国加强无症状感染防控；国务院再出促内需政策（4月1日）,https://www.10100.com/article/148042607,full_mirror,clean,verified_from_configured_author_id,18,2545,,2020-04-01
cicc_perspective-2020-04-01-中金宏观-3月制造业开工率回升-出口订单继续收缩,cicc_perspective,中金点睛,中金宏观,team_channel,中金宏观：3月制造业开工率回升，出口订单继续收缩,https://www.10100.com/article/148029511,full_mirror,clean,verified_from_configured_author_id,6,2132,,2020-04-01
cicc_perspective-2020-03-31-疫情日报-海外制造业-停工潮-来袭-央行下调逆回购利率-3月31日,cicc_perspective,中金点睛,中金宏观,team_channel,疫情日报：海外制造业“停工潮”来袭；央行下调逆回购利率（3月31日）,https://www.10100.com/article/148029492,full_mirror,clean,verified_from_configured_author_id,18,2556,,2020-03-31
cicc_perspective-2020-03-31-中金宏观-月报-内需修复-外需堪忧,cicc_perspective,中金点睛,中金宏观,team_channel,中金宏观|月报：内需修复，外需堪忧,https://www.10100.com/article/148029710,full_mirror,clean,verified_from_configured_author_id,3,1802,,2020-03-31
cicc_perspective-2020-03-31-中金宏观-国内疫情负面冲击犹存-外需初现走弱迹象,cicc_perspective,中金点睛,中金宏观,team_channel,中金宏观：国内疫情负面冲击犹存，外需初现走弱迹象,https://www.10100.com/article/148042469,full_mirror,clean,verified_from_configured_author_id,9,3467,,2020-03-31
cicc_perspective-2020-03-30-疫情日报-美国疫情加剧-政治局会议研究一揽子财政宽松政策-3月30日,cicc_perspective,中金点睛,中金宏观,team_channel,疫情日报：美国疫情加剧；政治局会议研究一揽子财政宽松政策（3月30日）,https://www.10100.com/article/148036162,full_mirror,clean,verified_from_configured_author_id,18,2525,,2020-03-30
cicc_perspective-2020-03-30-中金宏观-海外-详解美国2万亿美元经济救助方案,cicc_perspective,中金点睛,中金宏观,team_channel,中金宏观|海外：详解美国2万亿美元经济救助方案,https://www.10100.com/article/148030131,full_mirror,clean,verified_from_configured_author_id,12,4658,,2020-03-30
cicc_perspective-2020-03-30-中金宏观-政治局会议传递了哪些政策信号,cicc_perspective,中金点睛,中金宏观,team_channel,中金宏观：政治局会议传递了哪些政策信号？,https://www.10100.com/article/148029627,full_mirror,clean,verified_from_configured_author_id,6,2627,,2020-03-30
cicc_perspective-2020-03-30-中金宏观-周报-政治局会议提出一篮子财政宽松,cicc_perspective,中金点睛,中金宏观,team_channel,中金宏观|周报：政治局会议提出一篮子财政宽松,https://www.10100.com/article/148042466,full_mirror,clean,verified_from_configured_author_id,2,2237,,2020-03-30
cicc_perspective-2020-03-30-中金宏观-中国增长回到5-将需要多大的财政宽松力度,cicc_perspective,中金点睛,中金宏观,team_channel,中金宏观：中国增长回到5%将需要多大的财政宽松力度？,https://www.10100.com/article/148042590,full_mirror,clean,verified_from_configured_author_id,12,4765,,2020-03-30
cicc_perspective-2020-03-28-疫情日报-中国暂停外国公民入境-美国失业飙升推升刺激预期-3月27日,cicc_perspective,中金点睛,中金宏观,team_channel,疫情日报：中国暂停外国公民入境；美国失业飙升推升刺激预期（3月27日）,https://www.10100.com/article/148029501,full_mirror,clean,verified_from_configured_author_id,18,2609,,2020-03-28
cicc_perspective-2020-03-27-中金宏观-海外-美国周度失业救济申请人数创历史新高,cicc_perspective,中金点睛,中金宏观,team_channel,中金宏观|海外：美国周度失业救济申请人数创历史新高,https://www.10100.com/article/148030143,full_mirror,clean,verified_from_configured_author_id,10,2812,,2020-03-27
cicc_perspective-2020-03-26-疫情日报-美国三天日均确诊破万-欧美大幅财政宽松如箭在弦-3月26日,cicc_perspective,中金点睛,中金宏观,team_channel,疫情日报：美国三天日均确诊破万；欧美大幅财政宽松如箭在弦（3月26日）,https://www.10100.com/article/148042516,full_mirror,clean,verified_from_configured_author_id,18,2600,,2020-03-26
cicc_perspective-2020-03-26-中金宏观-CMI显示3月外需明显走弱-国内经济活动环比回升-中金月度宏观景气指数-CMI-3月初值解读,cicc_perspective,中金点睛,中金宏观,team_channel,中金宏观：CMI显示3月外需明显走弱；国内经济活动环比回升|中金月度宏观景气指数（CMI）3月初值解读,https://www.10100.com/article/148029542,full_mirror,clean,verified_from_configured_author_id,4,2341,,2020-03-26
cicc_perspective-2020-03-25-疫情日报-欧美经济活跃度降至冰点-离鄂通道管控拟逐步解除-3月25日,cicc_perspective,中金点睛,中金宏观,team_channel,疫情日报：欧美经济活跃度降至冰点；离鄂通道管控拟逐步解除（3月25日）,https://www.10100.com/article/148036198,full_mirror,clean,verified_from_configured_author_id,18,2561,,2020-03-25
cicc_perspective-2020-03-25-中金宏观-财政收入大幅下滑-赤字明显扩张-1-2月份财政数据点评,cicc_perspective,中金点睛,中金宏观,team_channel,中金宏观：财政收入大幅下滑、赤字明显扩张|1-2月份财政数据点评,https://www.10100.com/article/148030156,full_mirror,clean,verified_from_configured_author_id,5,1777,,2020-03-25
cicc_perspective-2020-03-24-疫情日报-美国疫情迅速恶化-联储启动开放式加强版QE-3月24日,cicc_perspective,中金点睛,中金宏观,team_channel,疫情日报：美国疫情迅速恶化，联储启动开放式加强版QE（3月24日）,https://www.10100.com/article/148029662,full_mirror,clean,verified_from_configured_author_id,15,2451,,2020-03-24
cicc_perspective-2020-03-24-疫情日报-疫情恶化经济-停摆-多国寻求大规模财政宽松-3月23日,cicc_perspective,中金点睛,中金宏观,team_channel,疫情日报：疫情恶化经济“停摆”，多国寻求大规模财政宽松（3月23日）,https://www.10100.com/article/148030158,full_mirror,clean,verified_from_configured_author_id,15,2526,,2020-03-24
cicc_perspective-2020-03-24-中金宏观-海外-下调美国2020年GDP预测至负增长,cicc_perspective,中金点睛,中金宏观,team_channel,中金宏观|海外：下调美国2020年GDP预测至负增长,https://www.10100.com/article/148036223,full_mirror,clean,verified_from_configured_author_id,21,6283,,2020-03-24
cicc_perspective-2020-03-23-中金宏观-全球疫情加速升级-下调中国增长预测,cicc_perspective,中金点睛,中金宏观,team_channel,中金宏观：全球疫情加速升级，下调中国增长预测,https://www.10100.com/article/148042517,full_mirror,clean,verified_from_configured_author_id,25,13995,,2020-03-23
cicc_perspective-2020-03-20-中金宏观-油价下跌的宏观影响,cicc_perspective,中金点睛,中金宏观,team_channel,中金宏观：油价下跌的宏观影响,https://www.10100.com/article/148042580,full_mirror,clean,verified_from_configured_author_id,7,2187,,2020-03-20
cicc_perspective-2020-03-20-中金宏观-欧美-防疫-再升级-美国寻求-2008式-政策支持-日度追踪-3月20日,cicc_perspective,中金点睛,中金宏观,team_channel,中金宏观：欧美“防疫”再升级，美国寻求“2008式”政策支持|日度追踪（3月20日),https://www.10100.com/article/148030140,full_mirror,clean,verified_from_configured_author_id,15,2556,,2020-03-20
cicc_perspective-2020-03-18-中金宏观-海外确诊过10万-人员流动大面积受阻-日度追踪-3月18日,cicc_perspective,中金点睛,中金宏观,team_channel,中金宏观：海外确诊过10万，人员流动大面积受阻|日度追踪（3月18日),https://www.10100.com/article/148036196,full_mirror,clean,verified_from_configured_author_id,15,2630,,2020-03-18
cicc_perspective-2020-03-17-中金宏观-疫情明显冲击增长-政策宽松刻不容缓-详解2020年1-2月经济活动数据,cicc_perspective,中金点睛,中金宏观,team_channel,中金宏观：疫情明显冲击增长，政策宽松刻不容缓|详解2020年1-2月经济活动数据,https://www.10100.com/article/148042582,full_mirror,clean,verified_from_configured_author_id,7,2368,,2020-03-17
cicc_perspective-2020-03-17-中金宏观-海外-日本央行-有限空间中的小幅宽松加码,cicc_perspective,中金点睛,中金宏观,team_channel,中金宏观|海外：日本央行：有限空间中的小幅宽松加码,https://www.10100.com/article/148042459,full_mirror,clean,verified_from_configured_author_id,5,1632,,2020-03-17
cicc_perspective-2020-03-17-中金宏观-欧美大幅收紧隔离管控-已有20余国进入紧急状态-日度追踪-3月17日,cicc_perspective,中金点睛,中金宏观,team_channel,中金宏观：欧美大幅收紧隔离管控；已有20余国进入紧急状态|日度追踪（3月17日）,https://www.10100.com/article/148029490,full_mirror,clean,verified_from_configured_author_id,15,2354,,2020-03-17
cicc_perspective-2020-03-16-中金宏观-美进入-紧急状态-联储再降息-央行促利率-明显下行-日度追踪-3月16日,cicc_perspective,中金点睛,中金宏观,team_channel,中金宏观：美进入“紧急状态”联储再降息；央行促利率“明显下行”|日度追踪（3月16日),https://www.10100.com/article/148029491,full_mirror,clean,verified_from_configured_author_id,15,2407,,2020-03-16
cicc_perspective-2020-03-16-中金宏观-海外-主要央行紧急宽松-关注美联储3月议息,cicc_perspective,中金点睛,中金宏观,team_channel,中金宏观|海外：主要央行紧急宽松；关注美联储3月议息,https://www.10100.com/article/148042583,full_mirror,clean,verified_from_configured_author_id,3,2091,,2020-03-16
cicc_perspective-2020-03-16-中金宏观-周报-需求指标环比回升-全球-抗疫-升级下央行定向降准,cicc_perspective,中金点睛,中金宏观,team_channel,中金宏观|周报：需求指标环比回升；全球“抗疫”升级下央行定向降准,https://www.10100.com/article/148029639,full_mirror,clean,verified_from_configured_author_id,2,2436,,2020-03-16
cicc_perspective-2020-03-16-中金宏观-CMI验证新冠疫情对1-2月经济活动造成明显冲击-中金月度宏观景气指数-CMI-2月终值解读,cicc_perspective,中金点睛,中金宏观,team_channel,中金宏观：CMI验证新冠疫情对1-2月经济活动造成明显冲击|中金月度宏观景气指数（CMI）2月终值解读,https://www.10100.com/article/148036150,full_mirror,clean,verified_from_configured_author_id,4,2071,,2020-03-16
yiyuzhongde-2020-03-15-华创宏观-张瑜团队-这周复工提升速度又偏慢了-为何-每周经济观察第11期,yiyuzhongde,一瑜中的,一瑜中的,exact,"【华创宏观·张瑜团队】这周复工提升速度又偏慢了,为何?——每周经济观察第11期",https://download.csdn.net/download/qq_38412739/16552903,index_only,flagged,verified_from_publisher_label,3,3128,mirror_is_index,2020-03-15
cicc_perspective-2020-03-13-中金宏观-美欧加强隔离防控-ECB加码量宽-FED天量投放-日度追踪-3月13日,cicc_perspective,中金点睛,中金宏观,team_channel,中金宏观：美欧加强隔离防控；ECB加码量宽、FED天量投放|日度追踪（3月13日),https://www.10100.com/article/148030130,full_mirror,clean,verified_from_configured_author_id,15,2384,,2020-03-13
cicc_perspective-2020-03-12-中金宏观-欧美疫情升级-全球多国加强隔离防控-日度追踪-3月12日,cicc_perspective,中金点睛,中金宏观,team_channel,中金宏观：欧美疫情升级，全球多国加强隔离防控|日度追踪（3月12日),https://www.10100.com/article/148036197,full_mirror,clean,verified_from_configured_author_id,15,2182,,2020-03-12
cicc_perspective-2020-03-11-中金宏观-核心通胀指标全面走弱-2月通胀数据点评,cicc_perspective,中金点睛,中金宏观,team_channel,中金宏观：核心通胀指标全面走弱|2月通胀数据点评,https://www.10100.com/article/148042506,full_mirror,clean,verified_from_configured_author_id,4,1711,,2020-03-11
cicc_perspective-2020-03-10-中金宏观-复工76-3-欧美疫情升级-意大利全国封闭-日度追踪-3月10日,cicc_perspective,中金点睛,中金宏观,team_channel,中金宏观：复工76.3%；欧美疫情升级、意大利全国封闭|日度追踪（3月10日),https://www.10100.com/article/148029521,full_mirror,clean,verified_from_configured_author_id,18,2480,,2020-03-10
cicc_perspective-2020-03-09-中金宏观-量化-新冠疫情对中国经济的冲击,cicc_perspective,中金点睛,中金宏观,team_channel,中金宏观：“量化”新冠疫情对中国经济的冲击,https://www.10100.com/article/148036222,full_mirror,clean,verified_from_configured_author_id,16,9360,,2020-03-09
cicc_perspective-2020-03-09-中金宏观-海外-央行宽松节奏加快,cicc_perspective,中金点睛,中金宏观,team_channel,中金宏观|海外：央行宽松节奏加快,https://www.10100.com/article/148030157,full_mirror,clean,verified_from_configured_author_id,3,1866,,2020-03-09
cicc_perspective-2020-03-09-中金宏观-海外-再度聚焦美国公司债压力,cicc_perspective,中金点睛,中金宏观,team_channel,中金宏观|海外：再度聚焦美国公司债压力,https://www.10100.com/article/148029525,full_mirror,clean,verified_from_configured_author_id,23,5465,,2020-03-09
cicc_perspective-2020-03-09-中金宏观-如何追踪广义财政的-抗疫-宽松力度,cicc_perspective,中金点睛,中金宏观,team_channel,中金宏观：如何追踪广义财政的“抗疫”宽松力度？,https://www.10100.com/article/148030155,full_mirror,clean,verified_from_configured_author_id,4,4748,,2020-03-09
cicc_perspective-2020-03-09-中金宏观-国内复工率76-0-意大利-封城-日度追踪-3月9日,cicc_perspective,中金点睛,中金宏观,team_channel,中金宏观：国内复工率76.0%；意大利“封城”|日度追踪（3月9日),https://www.10100.com/article/148042624,full_mirror,clean,verified_from_configured_author_id,19,2525,,2020-03-09
cicc_perspective-2020-03-08-CICC-Our-thoughts-about-COVID-19-a-once-in-a-century-ep,cicc_perspective,中金点睛,中金宏观,team_channel,"CICC: Our thoughts about COVID-19, a once-in-a-century epidemic",https://www.10100.com/article/148042511,full_mirror,clean,verified_from_configured_author_id,4,17412,,2020-03-08
cicc_perspective-2020-03-07-中金宏观-进出口遭受新冠疫情冲击-1-2月贸易数据点评,cicc_perspective,中金点睛,中金宏观,team_channel,中金宏观：进出口遭受新冠疫情冲击|1-2月贸易数据点评,https://www.10100.com/article/148029537,full_mirror,clean,verified_from_configured_author_id,5,2061,,2020-03-07
cicc_perspective-2020-03-07-中金宏观-海外-2月非农就业强劲-但需关注后续疫情冲击,cicc_perspective,中金点睛,中金宏观,team_channel,中金宏观|海外：2月非农就业强劲，但需关注后续疫情冲击,https://www.10100.com/article/148030154,full_mirror,clean,verified_from_configured_author_id,9,1740,,2020-03-07
cicc_perspective-2020-03-06-中金宏观-日度追踪-新冠下的中国经济-3月6日,cicc_perspective,中金点睛,中金宏观,team_channel,中金宏观：日度追踪—新冠下的中国经济(3月6日),https://www.10100.com/article/148036104,full_mirror,clean,verified_from_configured_author_id,19,2481,,2020-03-06
cicc_perspective-2020-03-04-中金宏观-海外-美联储紧急降息50个基点对冲疫情风险,cicc_perspective,中金点睛,中金宏观,team_channel,中金宏观|海外：美联储紧急降息50个基点对冲疫情风险,https://www.10100.com/article/148036106,full_mirror,clean,verified_from_configured_author_id,9,2832,,2020-03-04
cicc_perspective-2020-03-04-中金宏观-日度追踪-新冠下的中国经济-3月4日,cicc_perspective,中金点睛,中金宏观,team_channel,中金宏观：日度追踪—新冠下的中国经济(3月4日),https://www.10100.com/article/148029610,full_mirror,clean,verified_from_configured_author_id,19,2455,,2020-03-04
cicc_perspective-2020-03-03-中金宏观-月报-抗疫-压低短期增长-政策-组合拳-加码逆周期调节,cicc_perspective,中金点睛,中金宏观,team_channel,中金宏观|月报：“抗疫”压低短期增长；政策“组合拳”加码逆周期调节,https://www.10100.com/article/148042570,full_mirror,clean,verified_from_configured_author_id,5,1801,,2020-03-03
cicc_perspective-2020-03-03-中金宏观-日度追踪-新冠下的中国经济-3月3日,cicc_perspective,中金点睛,中金宏观,team_channel,中金宏观：日度追踪—新冠下的中国经济(3月3日),https://www.10100.com/article/148030128,full_mirror,clean,verified_from_configured_author_id,19,2456,,2020-03-03
cicc_perspective-2020-03-02-中金宏观-海外-美国大选-超级星期二-赢家本周揭晓,cicc_perspective,中金点睛,中金宏观,team_channel,中金宏观|海外：美国大选“超级星期二”赢家本周揭晓,https://www.10100.com/article/148042571,full_mirror,clean,verified_from_configured_author_id,11,2249,,2020-03-02
cicc_perspective-2020-03-02-中金宏观-日度追踪-新冠下的中国经济-3月2日,cicc_perspective,中金点睛,中金宏观,team_channel,中金宏观：日度追踪—新冠下的中国经济(3月2日),https://www.10100.com/article/148029611,full_mirror,clean,verified_from_configured_author_id,19,2535,,2020-03-02
cicc_perspective-2020-03-02-中金宏观-周报-全国复工率超六成-金融财政支持继续加码,cicc_perspective,中金点睛,中金宏观,team_channel,中金宏观|周报：全国复工率超六成，金融财政支持继续加码,https://www.10100.com/article/148036183,full_mirror,clean,verified_from_configured_author_id,2,2100,,2020-03-02
cicc_perspective-2020-03-01-中金宏观-中国经验对全球-抗疫-的启示,cicc_perspective,中金点睛,中金宏观,team_channel,中金宏观：中国经验对全球“抗疫”的启示,https://www.10100.com/article/148030150,full_mirror,clean,verified_from_configured_author_id,17,8355,,2020-03-01
cicc_perspective-2020-02-29-中金宏观-疫情拖累2月制造业PMI大幅回落-2月制造业PMI点评,cicc_perspective,中金点睛,中金宏观,team_channel,中金宏观：疫情拖累2月制造业PMI大幅回落|2月制造业PMI点评,https://www.10100.com/article/148042609,full_mirror,clean,verified_from_configured_author_id,4,2028,,2020-02-29
cicc_perspective-2020-02-28-中金宏观-疫情抑制1-2月经济活动-2月社融同比有望明显放量,cicc_perspective,中金点睛,中金宏观,team_channel,中金宏观：疫情抑制1-2月经济活动，2月社融同比有望明显放量,https://www.10100.com/article/148029513,full_mirror,clean,verified_from_configured_author_id,9,3480,,2020-02-28
cicc_perspective-2020-02-28-中金宏观-日度追踪-新冠下的中国经济-2月28日,cicc_perspective,中金点睛,中金宏观,team_channel,中金宏观：日度追踪—新冠下的中国经济(2月28日),https://www.10100.com/article/148036217,full_mirror,clean,verified_from_configured_author_id,19,2513,,2020-02-28
cicc_perspective-2020-02-27-中金宏观-海外-韩国疫情升级的潜在经济影响,cicc_perspective,中金点睛,中金宏观,team_channel,中金宏观|海外：韩国疫情升级的潜在经济影响,https://www.10100.com/article/148042498,full_mirror,clean,verified_from_configured_author_id,16,3453,,2020-02-27
cicc_perspective-2020-02-26-中金宏观-透过中金CMI看新冠对1-2月经济数据的潜在影响-兼谈中金月度宏观景气指数-CMI-2月初值更新,cicc_perspective,中金点睛,中金宏观,team_channel,中金宏观：透过中金CMI看新冠对1-2月经济数据的潜在影响|兼谈中金月度宏观景气指数（CMI）2月初值更新,https://www.10100.com/article/148036184,full_mirror,clean,verified_from_configured_author_id,4,2558,,2020-02-26
cicc_perspective-2020-02-25-中金宏观-日度追踪-新冠下的中国经济-2月25日,cicc_perspective,中金点睛,中金宏观,team_channel,中金宏观：日度追踪—新冠下的中国经济(2月25日),https://www.10100.com/article/148029502,full_mirror,clean,verified_from_configured_author_id,19,2479,,2020-02-25
cicc_perspective-2020-02-23-中金宏观-海外-海外疫情风险上升-美联储降息预期升温,cicc_perspective,中金点睛,中金宏观,team_channel,中金宏观|海外：海外疫情风险上升，美联储降息预期升温,https://www.10100.com/article/148029503,full_mirror,clean,verified_from_configured_author_id,6,2062,,2020-02-23
cicc_perspective-2020-02-23-中金宏观-周报-疫情趋稳复工加快-政策-组合拳-力扩内需,cicc_perspective,中金点睛,中金宏观,team_channel,中金宏观|周报：疫情趋稳复工加快，政策“组合拳”力扩内需,https://www.10100.com/article/148042471,full_mirror,clean,verified_from_configured_author_id,2,2251,,2020-02-23
cicc_perspective-2020-02-22-中金宏观-海外-从早期2月数据看疫情对海外经济影响,cicc_perspective,中金点睛,中金宏观,team_channel,【中金宏观|海外】从早期2月数据看疫情对海外经济影响,https://www.10100.com/article/148036206,full_mirror,clean,verified_from_configured_author_id,15,3927,,2020-02-22
cicc_perspective-2020-02-21-中金宏观-日度追踪-新冠下的中国经济-2月21日,cicc_perspective,中金点睛,中金宏观,team_channel,中金宏观：日度追踪—新冠下的中国经济(2月21日),https://www.10100.com/article/148029641,full_mirror,clean,verified_from_configured_author_id,20,2535,,2020-02-21
cicc_perspective-2020-02-21-中金宏观-新冠-战疫-对湖北经济的潜在影响,cicc_perspective,中金点睛,中金宏观,team_channel,中金宏观：新冠“战疫”对湖北经济的潜在影响,https://www.10100.com/article/148030133,full_mirror,clean,verified_from_configured_author_id,9,4007,,2020-02-21
cicc_perspective-2020-02-21-中金宏观-加大逆周期调节力度-降低融资成本-2019年第4季度-中国货币政策执行报告-解读,cicc_perspective,中金点睛,中金宏观,team_channel,中金宏观：加大逆周期调节力度、降低融资成本|2019年第4季度《中国货币政策执行报告》解读,https://www.10100.com/article/148036208,full_mirror,clean,verified_from_configured_author_id,6,2396,,2020-02-21
cicc_perspective-2020-02-20-中金宏观-日度追踪-新冠下的中国经济-2月20日,cicc_perspective,中金点睛,中金宏观,team_channel,中金宏观：日度追踪—新冠下的中国经济(2月20日),https://www.10100.com/article/148036200,full_mirror,clean,verified_from_configured_author_id,20,2466,,2020-02-20
cicc_perspective-2020-02-19-中金宏观-日度追踪-新冠下的中国经济-2月19日,cicc_perspective,中金点睛,中金宏观,team_channel,中金宏观：日度追踪—新冠下的中国经济(2月19日),https://www.10100.com/article/148042467,full_mirror,clean,verified_from_configured_author_id,19,2489,,2020-02-19
cicc_perspective-2020-02-18-中金宏观-日度追踪-新冠下的中国经济-2月18日,cicc_perspective,中金点睛,中金宏观,team_channel,中金宏观：日度追踪—新冠下的中国经济(2月18日),https://www.10100.com/article/148029629,full_mirror,clean,verified_from_configured_author_id,19,2359,,2020-02-18
huatai_macro-2020-02-16-华泰宏观李超-新冠疫情短期扰动全球资产价格-图说双周海外经济-20200202-20200216,huatai_macro,华泰宏观,华泰宏观李超,historical_team_channel,【华泰宏观李超】新冠疫情短期扰动全球资产价格——图说双周海外经济(20200202-20200216),https://www.fhyanbao.com/rpview/945707,abstract_only,flagged,verified_from_publisher_label,1,525,mirror_is_abstract,2020-02-16
cicc_perspective-2020-02-16-中金宏观-海外-美国数据依然稳健-政策风险犹存,cicc_perspective,中金点睛,中金宏观,team_channel,中金宏观|海外：美国数据依然稳健，政策风险犹存,https://www.10100.com/article/148042595,full_mirror,clean,verified_from_configured_author_id,3,2042,,2020-02-16
cicc_perspective-2020-02-14-中金宏观-日度追踪-新冠下的中国经济-2月14日,cicc_perspective,中金点睛,中金宏观,team_channel,中金宏观：日度追踪—新冠下的中国经济(2月14日),https://www.10100.com/article/148036232,full_mirror,clean,verified_from_configured_author_id,19,2464,,2020-02-14
cicc_perspective-2020-02-12-中金宏观-海外-如何追踪新冠疫情对海外经济的影响,cicc_perspective,中金点睛,中金宏观,team_channel,中金宏观|海外：如何追踪新冠疫情对海外经济的影响？,https://www.10100.com/article/148029669,full_mirror,clean,verified_from_configured_author_id,9,2347,,2020-02-12
cicc_perspective-2020-02-12-中金前哨-百家企业调研-疫情渐稳-复工进展几何,cicc_perspective,中金点睛,中金宏观,team_channel,中金前哨：百家企业调研——疫情渐稳，复工进展几何？,https://www.10100.com/article/148036233,full_mirror,clean,verified_from_configured_author_id,20,5472,,2020-02-12
cicc_perspective-2020-02-11-中金宏观-春节因素及短期供给瓶颈暂时推高CPI-2020年1月通胀数据点评,cicc_perspective,中金点睛,中金宏观,team_channel,中金宏观：春节因素及短期供给瓶颈暂时推高CPI|2020年1月通胀数据点评,https://www.10100.com/article/148042537,full_mirror,clean,verified_from_configured_author_id,4,1776,,2020-02-11
cicc_perspective-2020-02-11-中金宏观-日度追踪-新冠下的中国经济-2月11日,cicc_perspective,中金点睛,中金宏观,team_channel,中金宏观：日度追踪—新冠下的中国经济(2月11日),https://www.10100.com/article/148030165,full_mirror,clean,verified_from_configured_author_id,17,2269,,2020-02-11
cicc_perspective-2020-02-11-中金宏观-减税降费取得明显成效-2019年财政数据点评,cicc_perspective,中金点睛,中金宏观,team_channel,中金宏观：减税降费取得明显成效|2019年财政数据点评,https://www.10100.com/article/148029557,full_mirror,clean,verified_from_configured_author_id,5,1801,,2020-02-11
cicc_perspective-2020-02-10-中金宏观-日度追踪-新冠下的中国经济-2月10日,cicc_perspective,中金点睛,中金宏观,team_channel,中金宏观：日度追踪—新冠下的中国经济（2月10日）,https://www.10100.com/article/148036235,full_mirror,clean,verified_from_configured_author_id,16,2237,,2020-02-10
cicc_perspective-2020-02-09-中金宏观-海外-新兴市场央行宽松节奏加快,cicc_perspective,中金点睛,中金宏观,team_channel,中金宏观|海外：新兴市场央行宽松节奏加快,https://www.10100.com/article/148029601,full_mirror,clean,verified_from_configured_author_id,6,2086,,2020-02-09
cicc_perspective-2020-02-09-中金宏观-周报-节后复工推迟-流动性保持宽松,cicc_perspective,中金点睛,中金宏观,team_channel,中金宏观|周报：节后复工推迟；流动性保持宽松,https://www.10100.com/article/148042547,full_mirror,clean,verified_from_configured_author_id,2,2241,,2020-02-09
cicc_perspective-2020-02-08-中金宏观-海外-1月非农-新增就业22-5万远超市场预期,cicc_perspective,中金点睛,中金宏观,team_channel,中金宏观|海外：1月非农：新增就业22.5万远超市场预期,https://www.10100.com/article/148036240,full_mirror,clean,verified_from_configured_author_id,9,1898,,2020-02-08
cicc_perspective-2020-02-08-中金宏观-估值效应小幅推升外储水平-1月外储数据简评,cicc_perspective,中金点睛,中金宏观,team_channel,中金宏观：估值效应小幅推升外储水平|1月外储数据简评,https://www.10100.com/article/148042644,full_mirror,clean,verified_from_configured_author_id,4,1750,,2020-02-08
cicc_perspective-2020-02-07-中金宏观-日度追踪-新冠下的中国经济-2月7日,cicc_perspective,中金点睛,中金宏观,team_channel,中金宏观：日度追踪—新冠下的中国经济(2月7日),https://www.10100.com/article/148029688,full_mirror,clean,verified_from_configured_author_id,17,2266,,2020-02-07
cicc_perspective-2020-02-06-中金宏观-日度追踪-新冠下的中国经济-2月6日,cicc_perspective,中金点睛,中金宏观,team_channel,中金宏观：日度追踪—新冠下的中国经济(2月6日),https://www.10100.com/article/148036241,full_mirror,clean,verified_from_configured_author_id,17,2492,,2020-02-06
cicc_perspective-2020-02-03-中金宏观-央行如约总投放1-2万亿-另调降逆回购利率10bp,cicc_perspective,中金点睛,中金宏观,team_channel,中金宏观：央行如约总投放1.2万亿、另调降逆回购利率10bp,https://www.sohu.com/a/370382375_114984,abstract_only,flagged,verified_from_configured_author_id,0,954,mirror_is_abstract,2020-02-03
cicc_perspective-2020-02-03-中金宏观-周报-新冠-疫情拖累线下消费-央行有望加强流动性支持,cicc_perspective,中金点睛,中金宏观,team_channel,中金宏观|周报：“新冠”疫情拖累线下消费；央行有望加强流动性支持,https://www.10100.com/article/148029689,full_mirror,clean,verified_from_configured_author_id,2,2224,,2020-02-03
cicc_perspective-2020-02-03-中金宏观-4季度工业企业表观盈利增长下行-但出口行业仍回升-详解2019年4季度及12月工业企业财务数据,cicc_perspective,中金点睛,中金宏观,team_channel,中金宏观: 4季度工业企业表观盈利增长下行，但出口行业仍回升|详解2019年4季度及12月工业企业财务数据,https://www.10100.com/article/148042554,full_mirror,clean,verified_from_configured_author_id,10,2342,,2020-02-03
cicc_perspective-2020-02-02-中金宏观-海外-美债收益率曲线再度倒挂-市场降息预期升温,cicc_perspective,中金点睛,中金宏观,team_channel,【中金宏观|海外】美债收益率曲线再度倒挂，市场降息预期升温,https://www.10100.com/article/148042489,full_mirror,clean,verified_from_configured_author_id,5,2094,,2020-02-02
cicc_perspective-2020-02-02-中金宏观-专题-新冠-疫情对增长的总体影响是否会超-非典,cicc_perspective,中金点睛,中金宏观,team_channel,【中金宏观】专题:“新冠”疫情对增长的总体影响是否会超“非典”?,http://finance.sina.com.cn/roll/2020-02-03/doc-iimxyqvy9883174.shtml,full_mirror,clean,verified_from_publisher_label,23,8569,,2020-02-02
cicc_perspective-2020-01-31-中金宏观-制造业PMI微跌-但后续短期承压-1月制造业PMI点评,cicc_perspective,中金点睛,中金宏观,team_channel,【中金宏观】制造业PMI微跌，但后续短期承压|1月制造业PMI点评,https://www.10100.com/article/148036177,full_mirror,clean,verified_from_configured_author_id,4,1739,,2020-01-31
cicc_perspective-2020-01-31-中金宏观-世卫组织定义新冠肺炎为-PHEIC-的影响几何,cicc_perspective,中金点睛,中金宏观,team_channel,【中金宏观】世卫组织定义新冠肺炎为“PHEIC”的影响几何？,https://www.10100.com/article/148029648,full_mirror,clean,verified_from_configured_author_id,4,2498,,2020-01-31
cicc_perspective-2020-01-30-中金宏观-海外-美联储1月议息-利率不变-总资产扩张节奏将逐步放缓,cicc_perspective,中金点睛,中金宏观,team_channel,【中金宏观|海外】美联储1月议息：利率不变；总资产扩张节奏将逐步放缓,https://www.10100.com/article/148030148,full_mirror,clean,verified_from_configured_author_id,3,1687,,2020-01-30
sws_macro-2020-01-23-申万宏源宏观-疫情冲击经济-潜在影响几何,sws_macro,申万宏源宏观,申万宏源宏观,team_research_stream,申万宏源宏观：疫情冲击经济，潜在影响几何,http://finance.sina.com.cn/roll/2020-01-23/doc-iihnzahk5909628.shtml,full_mirror,clean,verified_from_publisher_or_team_citation,6,764,,2020-01-23
cicc_perspective-2020-01-22-中金宏观-2020年1-2月宏观数据预览-春节效应可能无碍TSF放量-CPI短期-摸5,cicc_perspective,中金点睛,中金宏观,team_channel,【中金宏观】2020年1-2月宏观数据预览：春节效应可能无碍TSF放量，CPI短期“摸5”,https://www.10100.com/article/148042608,full_mirror,clean,verified_from_configured_author_id,3,3231,,2020-01-22
cicc_perspective-2020-01-21-中金宏观-回顾2003年-非典-对经济的影响,cicc_perspective,中金点睛,中金宏观,team_channel,【中金宏观】回顾2003年“非典”对经济的影响,https://www.10100.com/article/148029649,full_mirror,clean,verified_from_configured_author_id,11,3562,,2020-01-21
cicc_perspective-2020-01-20-中金宏观-海外-周报-贸易摩擦-降级-提振增长信心,cicc_perspective,中金点睛,中金宏观,team_channel,【中金宏观|海外】周报：贸易摩擦“降级”提振增长信心,https://www.10100.com/article/148036187,full_mirror,clean,verified_from_configured_author_id,3,2185,,2020-01-20
cicc_perspective-2020-01-20-中金宏观-周报-节前地产交易显韧性-地方债发行同比大幅扩容,cicc_perspective,中金点睛,中金宏观,team_channel,【中金宏观】周报：节前地产交易显韧性、地方债发行同比大幅扩容,https://www.10100.com/article/148029520,full_mirror,clean,verified_from_configured_author_id,2,2180,,2020-01-20
cicc_perspective-2020-01-20-中金宏观-1月LPR-报价持平,cicc_perspective,中金点睛,中金宏观,team_channel,【中金宏观】1月LPR 报价持平,https://www.10100.com/article/148042501,full_mirror,clean,verified_from_configured_author_id,3,1959,,2020-01-20
cicc_perspective-2020-01-18-中金宏观-中美签署第一阶段经贸协议,cicc_perspective,中金点睛,中金宏观,team_channel,【中金宏观】中美签署第一阶段经贸协议,https://www.10100.com/article/148030151,full_mirror,clean,verified_from_configured_author_id,13,3787,,2020-01-18
cicc_perspective-2020-01-17-中金宏观-4季度增长环比回升-工业生产与制造业投资明显加速-详解2019年4季度及12月经济活动数据,cicc_perspective,中金点睛,中金宏观,team_channel,【中金宏观】4季度增长环比回升，工业生产与制造业投资明显加速|详解2019年4季度及12月经济活动数据,https://www.10100.com/article/148042623,full_mirror,clean,verified_from_configured_author_id,7,2810,,2020-01-17
cicc_perspective-2020-01-16-中金宏观-M2加速-口径调整后新增社融略超预期-2019年12月份货币信贷数据点评,cicc_perspective,中金点睛,中金宏观,team_channel,【中金宏观】M2加速，口径调整后新增社融略超预期|2019年12月份货币信贷数据点评,https://www.10100.com/article/148029657,full_mirror,clean,verified_from_configured_author_id,4,2470,,2020-01-16
cicc_perspective-2020-01-15-中金宏观-专题-上调2020-2021增长与人民币汇率预测,cicc_perspective,中金点睛,中金宏观,team_channel,【中金宏观】专题：上调2020-2021增长与人民币汇率预测,https://www.10100.com/article/148036191,full_mirror,clean,verified_from_configured_author_id,8,5291,,2020-01-15
cicc_perspective-2020-01-14-中金宏观-进出口大超预期-中美达成协议将提振国内外需求-12月贸易数据点评,cicc_perspective,中金点睛,中金宏观,team_channel,【中金宏观】 进出口大超预期，中美达成协议将提振国内外需求|12月贸易数据点评,https://www.10100.com/article/148036202,full_mirror,clean,verified_from_configured_author_id,5,2290,,2020-01-14
cicc_perspective-2020-01-12-中金宏观-海外-周报-中东尾部风险边际缓和,cicc_perspective,中金点睛,中金宏观,team_channel,【中金宏观|海外】周报：中东尾部风险边际缓和,https://www.10100.com/article/148029547,full_mirror,clean,verified_from_configured_author_id,3,2209,,2020-01-12
cicc_perspective-2020-01-12-中金宏观-周报-地方债发行明显提速-节前食品价格季节性上涨,cicc_perspective,中金点睛,中金宏观,team_channel,【中金宏观】周报：地方债发行明显提速；节前食品价格季节性上涨,https://www.10100.com/article/148042633,full_mirror,clean,verified_from_configured_author_id,2,2302,,2020-01-12
cicc_perspective-2020-01-12-中金宏观-12月周期景气继续回升-中金月度宏观景气指数-CMI-12月终值解读,cicc_perspective,中金点睛,中金宏观,team_channel,【中金宏观】12月周期景气继续回升|中金月度宏观景气指数（CMI）12月终值解读,https://www.10100.com/article/148030160,full_mirror,clean,verified_from_configured_author_id,5,1582,,2020-01-12
cicc_perspective-2020-01-09-中金宏观-CPI持平符合预期-PPI与非食品通胀回升-2019年12月通胀数据点评,cicc_perspective,中金点睛,中金宏观,team_channel,【中金宏观】CPI持平符合预期，PPI与非食品通胀回升|2019年12月通胀数据点评,https://www.10100.com/article/148030161,full_mirror,clean,verified_from_configured_author_id,4,1833,,2020-01-09
cicc_perspective-2020-01-08-中金宏观-专题-如何过滤春节移位-噪音-来判断2020开局走势,cicc_perspective,中金点睛,中金宏观,team_channel,【中金宏观】专题：如何过滤春节移位“噪音”来判断2020开局走势？,https://www.10100.com/article/148042635,full_mirror,clean,verified_from_configured_author_id,18,7244,,2020-01-08
cicc_perspective-2020-01-07-中金宏观-12-月外储上升-2019-年外汇流动平稳收官-2019年12月外储数据简评,cicc_perspective,中金点睛,中金宏观,team_channel,【中金宏观】12 月外储上升；2019 年外汇流动平稳收官 | 2019年12月外储数据简评,https://www.10100.com/article/148036218,full_mirror,clean,verified_from_configured_author_id,3,1791,,2020-01-07
cicc_perspective-2020-01-05-中金宏观-海外-周报-12月制造业PMI-新兴亚洲继续改善-发达国家回落,cicc_perspective,中金点睛,中金宏观,team_channel,【中金宏观|海外】周报：12月制造业PMI：新兴亚洲继续改善，发达国家回落,https://www.10100.com/article/148042614,full_mirror,clean,verified_from_configured_author_id,3,2115,,2020-01-05
cicc_perspective-2020-01-02-中金宏观-存货投资或将为经济增速-锦上添花,cicc_perspective,中金点睛,中金宏观,team_channel,【中金宏观】存货投资或将为经济增速“锦上添花”,https://www.10100.com/article/148029519,full_mirror,clean,verified_from_configured_author_id,8,1975,,2020-01-02
cicc_perspective-2020-01-01-中金宏观-央行开年普降准备金率50基点,cicc_perspective,中金点睛,中金宏观,team_channel,【中金宏观】央行开年普降准备金率50基点,https://www.10100.com/article/148036220,full_mirror,clean,verified_from_configured_author_id,2,1855,,2020-01-01
cicc_perspective-2019-12-31-中金宏观-外需回升-工业生产加速-12月制造业PMI点评,cicc_perspective,中金点睛,中金宏观,team_channel,【中金宏观】外需回升、工业生产加速 | 12月制造业PMI点评,https://www.10100.com/article/148030153,full_mirror,clean,verified_from_configured_author_id,4,1785,,2019-12-31
sws_macro-2019-12-30-申万宏源宏观周报47期-存量贷款利率换为LPR加点-整体影响中性,sws_macro,申万宏源宏观,申万宏源宏观,team_research_stream,申万宏源宏观周报47期：存量贷款利率换为LPR加点 整体影响中性,https://www.163.com/money/article/F1JH7JHE002580S6.html,full_mirror,clean,verified_from_publisher_or_team_citation,73,7723,,2019-12-30
cicc_perspective-2019-12-30-中金宏观-月报-增长动能进一步-修复-流动性环境有所放松,cicc_perspective,中金点睛,中金宏观,team_channel,【中金宏观】月报：增长动能进一步“修复”；流动性环境有所放松,https://www.10100.com/article/148030144,full_mirror,clean,verified_from_configured_author_id,3,1873,,2019-12-30
cicc_perspective-2019-12-29-中金宏观-海外-周报-年末美联储流动性注入加快,cicc_perspective,中金点睛,中金宏观,team_channel,【中金宏观|海外】周报：年末美联储流动性注入加快,https://www.10100.com/article/148036175,full_mirror,clean,verified_from_configured_author_id,3,2016,,2019-12-29
cicc_perspective-2019-12-29-中金宏观-周报-年末流动性保持充裕-收益率曲线陡峭下移,cicc_perspective,中金点睛,中金宏观,team_channel,【中金宏观】周报：年末流动性保持充裕；收益率曲线陡峭下移,https://www.10100.com/article/148029508,full_mirror,clean,verified_from_configured_author_id,2,2025,,2019-12-29
cicc_perspective-2019-12-29-中金宏观-2019年12月-2020年1月宏观数据预览-外贸增速明显回升-PPI降幅明显收窄,cicc_perspective,中金点睛,中金宏观,team_channel,【中金宏观】2019年12月-2020年1月宏观数据预览：外贸增速明显回升，PPI降幅明显收窄,https://www.10100.com/article/148042476,full_mirror,clean,verified_from_configured_author_id,3,4267,,2019-12-29
cicc_perspective-2019-12-27-中金宏观-中下游行业景气度回暖-推动工业企业利润明显回升-详解11月工业企业财务数据,cicc_perspective,中金点睛,中金宏观,team_channel,【中金宏观】中下游行业景气度回暖，推动工业企业利润明显回升|详解11月工业企业财务数据,https://www.10100.com/article/148030139,full_mirror,clean,verified_from_configured_author_id,10,1938,,2019-12-27
cicc_perspective-2019-12-24-中金宏观-外贸回暖及工业品价格上涨推升宏观景气指数-中金月度宏观景气指数-CMI-12月初值解读,cicc_perspective,中金点睛,中金宏观,team_channel,【中金宏观】外贸回暖及工业品价格上涨推升宏观景气指数|中金月度宏观景气指数（CMI）12月初值解读,https://www.10100.com/article/148042477,full_mirror,clean,verified_from_configured_author_id,4,1936,,2019-12-24
cicc_perspective-2019-12-23-中金宏观-海外-周报-美国众议院通过总统弹劾案-瑞典央行结束负利率-2019年12月16日-22日,cicc_perspective,中金点睛,中金宏观,team_channel,【中金宏观|海外】周报：美国众议院通过总统弹劾案；瑞典央行结束负利率 | 2019年12月16日~22日,https://www.10100.com/article/148029646,full_mirror,clean,verified_from_configured_author_id,3,2069,,2019-12-23
cicc_perspective-2019-12-22-中金宏观-海外-简评-波音737MAX暂停生产可能拖累美国2020年1季度增长,cicc_perspective,中金点睛,中金宏观,team_channel,【中金宏观|海外】简评：波音737MAX暂停生产可能拖累美国2020年1季度增长,https://www.10100.com/article/148042610,full_mirror,clean,verified_from_configured_author_id,5,1846,,2019-12-22
cicc_perspective-2019-12-20-中金宏观-12月LPR报价如期持平,cicc_perspective,中金点睛,中金宏观,team_channel,【中金宏观】12月LPR报价如期持平,https://www.10100.com/article/148029517,full_mirror,clean,verified_from_configured_author_id,3,2179,,2019-12-20
cicc_perspective-2019-12-19-中金宏观-海外-简评-美国政治不确定性上升-众议院通过对总统特朗普弹劾案-2019年全球风险事件观察-九,cicc_perspective,中金点睛,中金宏观,team_channel,【中金宏观|海外】简评：美国政治不确定性上升：众议院通过对总统特朗普弹劾案 | 2019年全球风险事件观察（九）,https://www.10100.com/article/148036186,full_mirror,clean,verified_from_configured_author_id,3,2088,,2019-12-19
cicc_perspective-2019-12-18-中金宏观-财政扩张力度减弱-11月财政数据点评,cicc_perspective,中金点睛,中金宏观,team_channel,【中金宏观】财政扩张力度减弱|11月财政数据点评,https://www.10100.com/article/148030149,full_mirror,clean,verified_from_configured_author_id,5,1866,,2019-12-18
huatai_macro-2019-12-17-华泰宏观李超-新时代城镇化起航-新时代城镇化系列研究-一,huatai_macro,华泰宏观,华泰宏观李超,configured_alias,【华泰宏观李超】新时代城镇化起航——新时代城镇化系列研究(一),https://www.yunbaogao.cn/rzh/clfy.html,abstract_only,flagged,verified_from_publisher_label,0,720,mirror_is_abstract,2019-12-17
cicc_perspective-2019-12-17-中金宏观-速评-欧美12月Markit-制造业PMI初值小幅回落,cicc_perspective,中金点睛,中金宏观,team_channel,【中金宏观】速评：欧美12月Markit 制造业PMI初值小幅回落,https://www.10100.com/article/148042500,full_mirror,clean,verified_from_configured_author_id,11,1586,,2019-12-17
cicc_perspective-2019-12-17-中金前哨-2020年展望-周期复苏-听听企业怎么讲,cicc_perspective,中金点睛,中金宏观,team_channel,【中金前哨】2020年展望：周期复苏，听听企业怎么讲？,https://www.10100.com/article/148029655,full_mirror,clean,verified_from_configured_author_id,7,6598,,2019-12-17
cicc_perspective-2019-12-16-中金宏观-短期总需求增长回升超预期-详解11月经济活动数据,cicc_perspective,中金点睛,中金宏观,team_channel,【中金宏观】短期总需求增长回升超预期|详解11月经济活动数据,https://www.10100.com/article/148029664,full_mirror,clean,verified_from_configured_author_id,6,2487,,2019-12-16
cicc_perspective-2019-12-15-中金宏观-海外周报-全球尾部风险边际缓和-欧美央行进入-观察期-2019年12月9日-12月15日,cicc_perspective,中金点睛,中金宏观,team_channel,【中金宏观】海外周报：全球尾部风险边际缓和；欧美央行进入“观察期” | 2019年12月9日~12月15日,https://www.10100.com/article/148042523,full_mirror,clean,verified_from_configured_author_id,3,2233,,2019-12-15
cicc_perspective-2019-12-15-中金宏观-周报-贸易摩擦有望-降级-中央经济工作会议-稳-字当头,cicc_perspective,中金点睛,中金宏观,team_channel,【中金宏观】周报：贸易摩擦有望“降级”；中央经济工作会议“稳”字当头,https://www.10100.com/article/148030162,full_mirror,clean,verified_from_configured_author_id,2,2236,,2019-12-15
cicc_perspective-2019-12-15-中金宏观-中美就第一阶段经贸协议文本达成一致,cicc_perspective,中金点睛,中金宏观,team_channel,【中金宏观】中美就第一阶段经贸协议文本达成一致,https://www.10100.com/article/148036228,full_mirror,clean,verified_from_configured_author_id,12,4199,,2019-12-15
cicc_perspective-2019-12-13-中金宏观-确保全面建成小康社会目标-中央经济工作会议点评,cicc_perspective,中金点睛,中金宏观,team_channel,【中金宏观】确保全面建成小康社会目标|中央经济工作会议点评,https://www.10100.com/article/148036204,full_mirror,clean,verified_from_configured_author_id,3,2294,,2019-12-13
guolei_macro-2019-12-12-广发宏观郭磊-回归均衡-2020年宏观经济展望,guolei_macro,郭磊宏观茶座,郭磊宏观茶座,exact,【广发宏观郭磊】回归均衡:2020年宏观经济展望,https://www.sohu.com/a/361079434_481840,full_mirror,clean,verified_from_publisher_label,0,17273,,2019-12-12
sws_macro-2019-12-11-求索大国转型道势策-2020年宏观经济展望-申万宏源宏观,sws_macro,申万宏源宏观,申万宏源宏观,team_research_stream,求索大国转型道势策 | 2020年宏观经济展望  申万宏源宏观,http://finance.sina.com.cn/zmt/2019-12-11/doc-iihnzhfz5106087.shtml,full_mirror,clean,verified_from_publisher_or_team_citation,115,4656,,2019-12-11
cicc_perspective-2019-12-10-热点速评-CPI升幅超预期-非食品价格亦现重新抬头迹象-11月通胀数据点评,cicc_perspective,中金点睛,中金宏观,team_channel,【热点速评】CPI升幅超预期，非食品价格亦现重新抬头迹象|11月通胀数据点评,https://www.10100.com/article/148036305,full_mirror,clean,verified_from_configured_author_id,5,1784,,2019-12-10
cicc_perspective-2019-12-10-热点速评-11月经济活动现加速迹象-中金月度宏观景气指数-CMI-11月终值解读,cicc_perspective,中金点睛,中金宏观,team_channel,【热点速评】11月经济活动现加速迹象|中金月度宏观景气指数（CMI）11月终值解读,https://www.10100.com/article/148030192,full_mirror,clean,verified_from_configured_author_id,4,1632,,2019-12-10
cicc_perspective-2019-12-09-周报-工业生产有所加快-MLF加量续作,cicc_perspective,中金点睛,中金宏观,team_channel,【周报】工业生产有所加快，MLF加量续作,https://www.10100.com/article/148042587,full_mirror,clean,verified_from_configured_author_id,2,2171,,2019-12-09
cicc_perspective-2019-12-08-热点速评-中国对美进口增速回升-大豆进口增速加快-11月贸易数据点评,cicc_perspective,中金点睛,中金宏观,team_channel,【热点速评】中国对美进口增速回升，大豆进口增速加快|11月贸易数据点评,https://www.10100.com/article/148029622,full_mirror,clean,verified_from_configured_author_id,7,2600,,2019-12-08
cicc_perspective-2019-12-08-海外宏观周报-日本推出财政刺激案-欧美央行12月议息可能按兵不动-2019年12月2日-12月8日,cicc_perspective,中金点睛,中金宏观,team_channel,【海外宏观周报】日本推出财政刺激案；欧美央行12月议息可能按兵不动 | 2019年12月2日~12月8日,https://www.10100.com/article/148036250,full_mirror,clean,verified_from_configured_author_id,3,2244,,2019-12-08
cicc_perspective-2019-12-07-央行观察-负向估值效应带动外储水平微降-11月外储数据简评,cicc_perspective,中金点睛,中金宏观,team_channel,【央行观察】负向估值效应带动外储水平微降|11月外储数据简评,https://www.10100.com/article/148030198,full_mirror,clean,verified_from_configured_author_id,3,1660,,2019-12-07
cicc_perspective-2019-12-05-中金前哨-前哨在海外之-走进越南,cicc_perspective,中金点睛,中金宏观,team_channel,【中金前哨】前哨在海外之：走进越南,https://www.10100.com/article/148036245,full_mirror,clean,verified_from_configured_author_id,49,13341,,2019-12-05
cicc_perspective-2019-12-01-海外宏观周报-欧美经济景气边际回暖-关注美国11月非农数据-2019年11月25日-12月1日,cicc_perspective,中金点睛,中金宏观,team_channel,【海外宏观周报】欧美经济景气边际回暖；关注美国11月非农数据 | 2019年11月25日~12月1日,https://www.10100.com/article/148042653,full_mirror,clean,verified_from_configured_author_id,3,1946,,2019-12-01
cicc_perspective-2019-11-30-热点速评-内外需双驱动-PMI重回荣枯线之上-11月制造业PMI点评,cicc_perspective,中金点睛,中金宏观,team_channel,【热点速评】内外需双驱动，PMI重回荣枯线之上|11月制造业PMI点评,https://www.10100.com/article/148029608,full_mirror,clean,verified_from_configured_author_id,4,1853,,2019-11-30
cicc_perspective-2019-11-29-月报-外需初现回暖迹象-建筑活动同比走强,cicc_perspective,中金点睛,中金宏观,team_channel,【月报】外需初现回暖迹象；建筑活动同比走强,https://www.10100.com/article/148036246,full_mirror,clean,verified_from_configured_author_id,3,1829,,2019-11-29
cicc_perspective-2019-11-28-简评-总体收入与盈利增长偏弱-行业涨跌互现-详解10月工业企业财务数据,cicc_perspective,中金点睛,中金宏观,team_channel,【简评】总体收入与盈利增长偏弱；行业涨跌互现|详解10月工业企业财务数据,https://www.10100.com/article/148042588,full_mirror,clean,verified_from_configured_author_id,10,2105,,2019-11-28
cicc_perspective-2019-11-28-中金前哨-从三星在华投资的变迁看外资在中国,cicc_perspective,中金点睛,中金宏观,team_channel,【中金前哨】从三星在华投资的变迁看外资在中国,https://www.10100.com/article/148029698,full_mirror,clean,verified_from_configured_author_id,32,8484,,2019-11-28
cicc_perspective-2019-11-27-简评-11-12月宏观数据预览-外需回暖提振总需求增长,cicc_perspective,中金点睛,中金宏观,team_channel,【简评】11-12月宏观数据预览：外需回暖提振总需求增长,https://www.10100.com/article/148036253,full_mirror,clean,verified_from_configured_author_id,3,4269,,2019-11-27
cicc_perspective-2019-11-26-简评-地方政府收入增速或将企稳回升,cicc_perspective,中金点睛,中金宏观,team_channel,【简评】地方政府收入增速或将企稳回升,https://www.10100.com/article/148030199,full_mirror,clean,verified_from_configured_author_id,6,2105,,2019-11-26
cicc_perspective-2019-11-25-简评-全球制造业-去库存渐远-补库存渐近,cicc_perspective,中金点睛,中金宏观,team_channel,【简评】全球制造业：去库存渐远，补库存渐近,https://www.10100.com/article/148042592,full_mirror,clean,verified_from_configured_author_id,14,2877,,2019-11-25
cicc_perspective-2019-11-24-热点速评-出口与建筑活动回暖带动CMI温和回升-中金月度宏观景气指数-CMI-11月初值解读,cicc_perspective,中金点睛,中金宏观,team_channel,【热点速评】出口与建筑活动回暖带动CMI温和回升|中金月度宏观景气指数（CMI）11月初值解读,https://www.10100.com/article/148029699,full_mirror,clean,verified_from_configured_author_id,4,1679,,2019-11-24
cicc_perspective-2019-11-24-海外宏观周报-全球制造业相关指标有所回升,cicc_perspective,中金点睛,中金宏观,team_channel,【海外宏观周报】全球制造业相关指标有所回升,https://www.10100.com/article/148030200,full_mirror,clean,verified_from_configured_author_id,3,1866,,2019-11-24
cicc_perspective-2019-11-24-周报-外需相关指标有所回升-建筑活动保持活跃,cicc_perspective,中金点睛,中金宏观,team_channel,【周报】外需相关指标有所回升；建筑活动保持活跃,https://www.10100.com/article/148036255,full_mirror,clean,verified_from_configured_author_id,2,2241,,2019-11-24
cicc_perspective-2019-11-22-简评-重新评估中国经济-对第四次全国经济普查后GDP修订的点评,cicc_perspective,中金点睛,中金宏观,team_channel,【简评】重新评估中国经济|对第四次全国经济普查后GDP修订的点评,https://www.10100.com/article/148029687,full_mirror,clean,verified_from_configured_author_id,5,2024,,2019-11-22
cicc_perspective-2019-11-21-中金前哨-当转型升级遇到外部冲击-解读深圳三季度经济数据,cicc_perspective,中金点睛,中金宏观,team_channel,【中金前哨】当转型升级遇到外部冲击——解读深圳三季度经济数据,https://www.10100.com/article/148036237,full_mirror,clean,verified_from_configured_author_id,24,6175,,2019-11-21
cicc_perspective-2019-11-20-热点速评-11月1年期及5年期以上LPR报价下调5bp,cicc_perspective,中金点睛,中金宏观,team_channel,【热点速评】11月1年期及5年期以上LPR报价下调5bp,https://www.10100.com/article/148030166,full_mirror,clean,verified_from_configured_author_id,4,1995,,2019-11-20
cicc_perspective-2019-11-19-热点速评-税收增速因去年低基数而加快-10月财政数据点评,cicc_perspective,中金点睛,中金宏观,team_channel,【热点速评】税收增速因去年低基数而加快|10月财政数据点评,https://www.10100.com/article/148042643,full_mirror,clean,verified_from_configured_author_id,5,1918,,2019-11-19
cicc_perspective-2019-11-17-海外宏观周报-美国10月零售小幅反弹但制造业下行加剧-2019年11月11日-2019年11月17日,cicc_perspective,中金点睛,中金宏观,team_channel,【海外宏观周报】美国10月零售小幅反弹但制造业下行加剧 | 2019年11月11日~2019年11月17日,https://www.10100.com/article/148030177,full_mirror,clean,verified_from_configured_author_id,3,1826,,2019-11-17
cicc_perspective-2019-11-17-央行观察-货币政策难言明确宽松-真实利率可能继续上升-2019年第3季度-中国货币政策执行报告-解读,cicc_perspective,中金点睛,中金宏观,team_channel,【央行观察】货币政策难言明确宽松，真实利率可能继续上升|2019年第3季度《中国货币政策执行报告》解读,https://www.10100.com/article/148029599,full_mirror,clean,verified_from_configured_author_id,10,3998,,2019-11-17
cicc_perspective-2019-11-17-周报-建筑施工有所加快-流动性边际趋紧,cicc_perspective,中金点睛,中金宏观,team_channel,【周报】建筑施工有所加快；流动性边际趋紧,https://www.10100.com/article/148036272,full_mirror,clean,verified_from_configured_author_id,2,2077,,2019-11-17
cicc_perspective-2019-11-15-速评-美国10月消费动能继续回落,cicc_perspective,中金点睛,中金宏观,team_channel,【速评】美国10月消费动能继续回落,https://www.10100.com/article/148042518,full_mirror,clean,verified_from_configured_author_id,8,1504,,2019-11-15
yiyuzhongde-2019-11-14-华创宏观-张瑜团队-10月经济数据的四个-异常-10月经济数据解读,yiyuzhongde,一瑜中的,一瑜中的,exact,【华创宏观·张瑜团队】10月经济数据的四个“异常”——10月经济数据解读,https://www.163.com/dy/article/EU451UBO0519G72C.html,full_mirror,clean,verified_from_publisher_label,8,7194,,2019-11-14
cicc_perspective-2019-11-14-热点速评-经济数据全面低于预期-内需压力犹存-10月经济活动数据点评,cicc_perspective,中金点睛,中金宏观,team_channel,【热点速评】经济数据全面低于预期、内需压力犹存|10月经济活动数据点评,https://www.10100.com/article/148029663,full_mirror,clean,verified_from_configured_author_id,6,2416,,2019-11-14
cicc_perspective-2019-11-12-热点速评-10月延续9月增长-弱企稳-态势-中金月度宏观景气指数-CMI-10月终值解读,cicc_perspective,中金点睛,中金宏观,team_channel,【热点速评】10月延续9月增长“弱企稳”态势|中金月度宏观景气指数（CMI）10月终值解读,https://www.10100.com/article/148036201,full_mirror,clean,verified_from_configured_author_id,4,1670,,2019-11-12
cicc_perspective-2019-11-10-海外宏观周报-尾部风险暂时缓和-美债收益率曲线陡峭化-2019年11月4日-2019年11月10日,cicc_perspective,中金点睛,中金宏观,team_channel,【海外宏观周报】尾部风险暂时缓和，美债收益率曲线陡峭化 | 2019年11月4日~2019年11月10日,https://www.10100.com/article/148029545,full_mirror,clean,verified_from_configured_author_id,3,1993,,2019-11-10
cicc_perspective-2019-11-10-周报-商品房成交走弱-食品通胀压力不减,cicc_perspective,中金点睛,中金宏观,team_channel,【周报】商品房成交走弱；食品通胀压力不减,https://www.10100.com/article/148042520,full_mirror,clean,verified_from_configured_author_id,2,2163,,2019-11-10
cicc_perspective-2019-11-09-热点速评-CPI如期跳升-非食品价格通胀全面滑落-10月通胀数据点评,cicc_perspective,中金点睛,中金宏观,team_channel,【热点速评】CPI如期跳升，非食品价格通胀全面滑落|10月通胀数据点评,https://www.10100.com/article/148030171,full_mirror,clean,verified_from_configured_author_id,3,2065,,2019-11-09
cicc_perspective-2019-11-08-热点速评-外需弱企稳-10月贸易数据点评,cicc_perspective,中金点睛,中金宏观,team_channel,【热点速评】外需弱企稳|10月贸易数据点评,https://www.10100.com/article/148042637,full_mirror,clean,verified_from_configured_author_id,6,2273,,2019-11-08
cicc_perspective-2019-11-07-简评-如何估算猪肉在CPI中的权重及其影响,cicc_perspective,中金点睛,中金宏观,team_channel,【简评】如何估算猪肉在CPI中的权重及其影响？,https://www.10100.com/article/148029553,full_mirror,clean,verified_from_configured_author_id,13,2530,,2019-11-07
cicc_perspective-2019-11-07-央行观察-美元走弱-外储水平上升-10月外储数据简评,cicc_perspective,中金点睛,中金宏观,team_channel,【央行观察】美元走弱、外储水平上升|10月外储数据简评,https://www.10100.com/article/148036231,full_mirror,clean,verified_from_configured_author_id,3,1718,,2019-11-07
cicc_perspective-2019-11-04-简评-供给冲击-推动物价上涨不应以-需求端-政策应对,cicc_perspective,中金点睛,中金宏观,team_channel,【简评】“供给冲击”推动物价上涨不应以“需求端”政策应对,https://www.10100.com/article/148042567,full_mirror,clean,verified_from_configured_author_id,7,2853,,2019-11-04
cicc_perspective-2019-11-04-专题报告-2020年全球经济展望-政策托底-经济寻底,cicc_perspective,中金点睛,中金宏观,team_channel,【专题报告】2020年全球经济展望：政策托底，经济寻底,https://www.10100.com/article/148030186,full_mirror,clean,verified_from_configured_author_id,13,5600,,2019-11-04
cicc_perspective-2019-11-03-简评-如何看待财新PMI和统计局PMI的再次背离,cicc_perspective,中金点睛,中金宏观,team_channel,【简评】如何看待财新PMI和统计局PMI的再次背离？,https://www.10100.com/article/148029606,full_mirror,clean,verified_from_configured_author_id,6,3087,,2019-11-03
xuetao_macro-2019-11-01-2020年翻一番-增速要求多少-天风宏观宋雪涛,xuetao_macro,雪涛宏观笔记,雪涛宏观笔记,exact,"2020年翻一番,增速要求多少?(天风宏观宋雪涛)",https://www.gelonghui.com/p/318931,full_mirror,clean,verified_from_publisher_label,2,2970,,2019-11-01
cicc_perspective-2019-10-31-美联储10月议息-如期降息-但暗示-就此暂停,cicc_perspective,中金点睛,中金宏观,team_channel,美联储10月议息：如期降息，但暗示“就此暂停”,https://www.10100.com/article/148042652,full_mirror,clean,verified_from_configured_author_id,4,2593,,2019-10-31
cicc_perspective-2019-10-31-热点速评-PMI显示增长压力犹存-10月制造业PMI点评,cicc_perspective,中金点睛,中金宏观,team_channel,【热点速评】PMI显示增长压力犹存|10月制造业PMI点评,https://www.10100.com/article/148030181,full_mirror,clean,verified_from_configured_author_id,4,1797,,2019-10-31
cicc_perspective-2019-10-30-速评-美国3季度GDP增速1-9-好于预期-地产投资反弹,cicc_perspective,中金点睛,中金宏观,team_channel,【速评】美国3季度GDP增速1.9%好于预期；地产投资反弹,https://www.10100.com/article/148030163,full_mirror,clean,verified_from_configured_author_id,4,1680,,2019-10-30
cicc_perspective-2019-10-30-月报-食品通胀快速上行-外需压力边际缓和,cicc_perspective,中金点睛,中金宏观,team_channel,【月报】食品通胀快速上行，外需压力边际缓和,https://www.10100.com/article/148036229,full_mirror,clean,verified_from_configured_author_id,3,1811,,2019-10-30
cicc_perspective-2019-10-29-简评-10-11月宏观数据预览-CPI明显上升-增长指标低位暂稳,cicc_perspective,中金点睛,中金宏观,team_channel,【简评】10-11月宏观数据预览：CPI明显上升；增长指标低位暂稳,http://www.china-cer.com.cn/guwen/20191030684.html,full_mirror,clean,verified_from_configured_author_id,5,3558,,2019-10-29
cicc_perspective-2019-10-27-简评-盈利偏弱-行业分化-详解9月及3季度工业企业财务数据,cicc_perspective,中金点睛,中金宏观,team_channel,【简评】盈利偏弱；行业分化|详解9月及3季度工业企业财务数据,https://www.10100.com/article/148029667,full_mirror,clean,verified_from_configured_author_id,10,2290,,2019-10-27
cicc_perspective-2019-10-27-周报-需求弱企稳-食品通胀继续快速上行,cicc_perspective,中金点睛,中金宏观,team_channel,【周报】需求弱企稳；食品通胀继续快速上行,https://www.10100.com/article/148036213,full_mirror,clean,verified_from_configured_author_id,2,2228,,2019-10-27
cicc_perspective-2019-10-26-热点速评-景气低位暂稳-非食品价格通缩压力加剧-中金月度宏观景气指数-CMI-10月初值解读,cicc_perspective,中金点睛,中金宏观,team_channel,【热点速评】景气低位暂稳，非食品价格通缩压力加剧|中金月度宏观景气指数（CMI）10月初值解读,https://www.10100.com/article/148042636,full_mirror,clean,verified_from_configured_author_id,4,1777,,2019-10-26
cicc_perspective-2019-10-24-欧元区10月PMI-边际回升但依然偏弱,cicc_perspective,中金点睛,中金宏观,team_channel,欧元区10月PMI：边际回升但依然偏弱,https://www.10100.com/article/148036230,full_mirror,clean,verified_from_configured_author_id,9,1619,,2019-10-24
cicc_perspective-2019-10-23-简评-英国退欧-新协议获-原则性-通过-但进度可能再度延期-2019年全球风险事件观察-八,cicc_perspective,中金点睛,中金宏观,team_channel,【简评】英国退欧：新协议获“原则性”通过，但进度可能再度延期 | 2019年全球风险事件观察（八）,https://www.10100.com/article/148030172,full_mirror,clean,verified_from_configured_author_id,5,1972,,2019-10-23
cicc_perspective-2019-10-22-简评-近期CPI或将加速上行,cicc_perspective,中金点睛,中金宏观,team_channel,【简评】近期CPI或将加速上行,https://www.10100.com/article/148042640,full_mirror,clean,verified_from_configured_author_id,7,2625,,2019-10-22
huatai_macro-2019-10-21-华泰宏观李超团队-2020年会调高CPI的目标值吗,huatai_macro,华泰宏观,华泰睿思,parent_platform,【华泰宏观李超团队】2020年会调高CPI的目标值吗?,http://stock.finance.sina.com.cn/stock/go.php/vReport_Show/kind/lastest/rptid/624729231503/index.phtml,abstract_only,flagged,verified_from_publisher_label,0,1480,mirror_is_abstract,2019-10-21
sws_macro-2019-10-20-消费税立法启动-财政收支回暖-申万宏源宏观周报37期-2019-10-20,sws_macro,申万宏源宏观,申万宏源宏观,team_research_stream,消费税立法启动，财政收支回暖——申万宏源宏观周报37期（2019.10.20）,https://finance.sina.com.cn/stock/relnews/hk/2019-10-20/doc-iicezuev3526064.shtml,full_mirror,clean,verified_from_publisher_or_team_citation,32,9054,,2019-10-20
cicc_perspective-2019-10-20-海外宏观周报-美国9月消费减速-关注英国议会对退欧协议投票-2019年10月14日-2019年10月20日,cicc_perspective,中金点睛,中金宏观,team_channel,【海外宏观周报】美国9月消费减速；关注英国议会对退欧协议投票 | 2019年10月14日~2019年10月20日,https://www.10100.com/article/148030168,full_mirror,clean,verified_from_configured_author_id,3,1987,,2019-10-20
cicc_perspective-2019-10-20-周报-节后食品通胀明显加速-3季度GDP降速至6,cicc_perspective,中金点睛,中金宏观,team_channel,【周报】节后食品通胀明显加速；3季度GDP降速至6%,https://www.10100.com/article/148036234,full_mirror,clean,verified_from_configured_author_id,2,2318,,2019-10-20
cicc_perspective-2019-10-18-热点速评-GDP同比跌至6-9月微弹但难改总体减速趋势-9月及3季度经济活动数据点评,cicc_perspective,中金点睛,中金宏观,team_channel,【热点速评】GDP同比跌至6%、9月微弹但难改总体减速趋势|9月及3季度经济活动数据点评,https://www.10100.com/article/148042543,full_mirror,clean,verified_from_configured_author_id,7,2744,,2019-10-18
cicc_perspective-2019-10-17-热点速评-一般公共预算支出力度加大-但政府性基金支出增速放缓-9月财政数据点评,cicc_perspective,中金点睛,中金宏观,team_channel,【热点速评】一般公共预算支出力度加大，但政府性基金支出增速放缓|9月财政数据点评,https://www.10100.com/article/148042578,full_mirror,clean,verified_from_configured_author_id,5,1969,,2019-10-17
cicc_perspective-2019-10-16-速评-美国9月零售负增长,cicc_perspective,中金点睛,中金宏观,team_channel,【速评】美国9月零售负增长,https://www.10100.com/article/148029614,full_mirror,clean,verified_from_configured_author_id,8,1692,,2019-10-16
cicc_perspective-2019-10-15-热点速评-食品价格推动CPI触-3-PPI通缩加深-9月通胀数据点评,cicc_perspective,中金点睛,中金宏观,team_channel,【热点速评】食品价格推动CPI触“3”，PPI通缩加深|9月通胀数据点评,https://www.10100.com/article/148030193,full_mirror,clean,verified_from_configured_author_id,3,1957,,2019-10-15
cicc_perspective-2019-10-15-热点速评-逆周期政策支持或为短期社融超预期的主因-9月份货币信贷数据点评,cicc_perspective,中金点睛,中金宏观,team_channel,【热点速评】逆周期政策支持或为短期社融超预期的主因|9月份货币信贷数据点评,https://www.10100.com/article/148036302,full_mirror,clean,verified_from_configured_author_id,4,2624,,2019-10-15
cicc_perspective-2019-10-14-热点速评-进口增速偏弱-中美双边贸易有望回升-9月贸易数据点评,cicc_perspective,中金点睛,中金宏观,team_channel,【热点速评】进口增速偏弱，中美双边贸易有望回升|9月贸易数据点评,https://www.10100.com/article/148042656,full_mirror,clean,verified_from_configured_author_id,5,1809,,2019-10-14
cicc_perspective-2019-10-14-热点速评-9月终值略强于初值-消费生产增速低位微升-中金月度宏观景气指数-CMI-9月终值解读,cicc_perspective,中金点睛,中金宏观,team_channel,【热点速评】9月终值略强于初值、消费生产增速低位微升|中金月度宏观景气指数（CMI）9月终值解读,https://www.10100.com/article/148029696,full_mirror,clean,verified_from_configured_author_id,4,2221,,2019-10-14
cicc_perspective-2019-10-14-周报-节后复工节奏偏慢-中美贸易摩擦边际缓和,cicc_perspective,中金点睛,中金宏观,team_channel,【周报】节后复工节奏偏慢；中美贸易摩擦边际缓和,https://www.10100.com/article/148036303,full_mirror,clean,verified_from_configured_author_id,2,2297,,2019-10-14
cicc_perspective-2019-10-13-简评-中美谈判释放积极信号-对新一轮中美经贸高级别磋商的点评,cicc_perspective,中金点睛,中金宏观,team_channel,【简评】中美谈判释放积极信号|对新一轮中美经贸高级别磋商的点评,https://www.10100.com/article/148030191,full_mirror,clean,verified_from_configured_author_id,5,2379,,2019-10-13
cicc_perspective-2019-10-13-海外宏观周报-中美贸易谈判消息偏正面-美联储10月重启扩表-2019年10月7日-2019年10月13日,cicc_perspective,中金点睛,中金宏观,team_channel,【海外宏观周报】中美贸易谈判消息偏正面；美联储10月重启扩表 | 2019年10月7日~2019年10月13日,https://www.10100.com/article/148042657,full_mirror,clean,verified_from_configured_author_id,3,1879,,2019-10-13
cicc_perspective-2019-10-08-周报-黄金周国内消费显韧性-但地产成交趋弱,cicc_perspective,中金点睛,中金宏观,team_channel,【周报】黄金周国内消费显韧性；但地产成交趋弱,https://www.10100.com/article/148099465,full_mirror,clean,verified_from_configured_author_id,2,2095,,2019-10-08
cicc_perspective-2019-10-07-海外宏观周报-美国制造业下行压力加剧-2019年9月30日-2019年10月6日,cicc_perspective,中金点睛,中金宏观,team_channel,【海外宏观周报】美国制造业下行压力加剧 | 2019年9月30日~2019年10月6日,https://www.10100.com/article/148042651,full_mirror,clean,verified_from_configured_author_id,3,1989,,2019-10-07
xuetao_macro-2019-10-04-美国经济衰退的最后一张多米诺骨牌,xuetao_macro,雪涛宏观笔记,雪涛宏观笔记,exact,美国经济衰退的最后一张多米诺骨牌,https://www.yicai.com/news/100351721.html,full_mirror,clean,verified_from_source,13,4431,,2019-10-04
cicc_perspective-2019-10-02-美国9月制造业PMI跌至2009年中以来最低,cicc_perspective,中金点睛,中金宏观,team_channel,美国9月制造业PMI跌至2009年中以来最低,https://www.10100.com/article/148030180,full_mirror,clean,verified_from_configured_author_id,8,1626,,2019-10-02
cicc_perspective-2019-09-30-热点速评-PMI弱势回升-9月制造业PMI点评,cicc_perspective,中金点睛,中金宏观,team_channel,【热点速评】PMI弱势回升|9月制造业PMI点评,https://www.10100.com/article/148042558,full_mirror,clean,verified_from_configured_author_id,4,1934,,2019-09-30
cicc_perspective-2019-09-30-海外宏观周报-美国8月消费动能回落-民主党启动对特朗普弹劾调查-2019年9月23日-2019年9月29日,cicc_perspective,中金点睛,中金宏观,team_channel,【海外宏观周报】美国8月消费动能回落；民主党启动对特朗普弹劾调查 | 2019年9月23日~2019年9月29日,https://www.10100.com/article/148029691,full_mirror,clean,verified_from_configured_author_id,3,1970,,2019-09-30
cicc_perspective-2019-09-29-简评-9-10月及3季度宏观数据预览-3Q增长滑落至6-附近,cicc_perspective,中金点睛,中金宏观,team_channel,【简评】9-10月及3季度宏观数据预览：3Q增长滑落至6%附近,https://www.10100.com/article/148036244,full_mirror,clean,verified_from_configured_author_id,3,4202,,2019-09-29
cicc_perspective-2019-09-29-月报-3季度GDP减速几成定势-宽松力度暂不及预期,cicc_perspective,中金点睛,中金宏观,team_channel,【月报】3季度GDP减速几成定势，宽松力度暂不及预期,https://www.10100.com/article/148042650,full_mirror,clean,verified_from_configured_author_id,3,1826,,2019-09-29
cicc_perspective-2019-09-29-周报-节前环保限产趋严-货币政策保持-定力,cicc_perspective,中金点睛,中金宏观,team_channel,【周报】节前环保限产趋严；货币政策保持“定力”,https://www.10100.com/article/148030182,full_mirror,clean,verified_from_configured_author_id,2,2054,,2019-09-29
cicc_perspective-2019-09-27-简评-工业企业利润与收入增速双降-详解8月工业企业财务数据,cicc_perspective,中金点睛,中金宏观,team_channel,【简评】工业企业利润与收入增速双降|详解8月工业企业财务数据,https://www.10100.com/article/148029604,full_mirror,clean,verified_from_configured_author_id,10,2382,,2019-09-27
cicc_perspective-2019-09-24-简评-猪价上涨的-外溢效应-是否会引发全面通胀,cicc_perspective,中金点睛,中金宏观,team_channel,【简评】猪价上涨的“外溢效应”是否会引发全面通胀？,https://www.10100.com/article/148036297,full_mirror,clean,verified_from_configured_author_id,8,2989,,2019-09-24
cicc_perspective-2019-09-24-热点速评-整体景气继续下行-油价冲高不改PPI弱势-中金月度宏观景气指数-CMI-9月初值解读,cicc_perspective,中金点睛,中金宏观,team_channel,【热点速评】整体景气继续下行，油价冲高不改PPI弱势|中金月度宏观景气指数（CMI）9月初值解读,https://www.10100.com/article/148030176,full_mirror,clean,verified_from_configured_author_id,4,1886,,2019-09-24
cicc_perspective-2019-09-23-欧元区9月PMI-制造业走弱向服务业蔓延,cicc_perspective,中金点睛,中金宏观,team_channel,欧元区9月PMI：制造业走弱向服务业蔓延,https://www.10100.com/article/148030206,full_mirror,clean,verified_from_configured_author_id,9,1626,,2019-09-23
cicc_perspective-2019-09-22-海外宏观周报-美联储再度降息但内部分歧加大-印度大幅下调企业税率-2019年9月16日-2019年9月22日,cicc_perspective,中金点睛,中金宏观,team_channel,【海外宏观周报】美联储再度降息但内部分歧加大；印度大幅下调企业税率 | 2019年9月16日~2019年9月22日,https://www.10100.com/article/148030207,full_mirror,clean,verified_from_configured_author_id,3,1884,,2019-09-22
cicc_perspective-2019-09-22-央行观察-金融去杠杆背景下基础货币扩张乏力-8月央行资产负债表数据点评,cicc_perspective,中金点睛,中金宏观,team_channel,【央行观察】金融去杠杆背景下基础货币扩张乏力|8月央行资产负债表数据点评,https://www.10100.com/article/148030589,full_mirror,clean,verified_from_configured_author_id,6,2498,,2019-09-22
cicc_perspective-2019-09-22-周报-长假前需求暂稳-LPR仅微降5bp,cicc_perspective,中金点睛,中金宏观,team_channel,【周报】长假前需求暂稳；LPR仅微降5bp,https://www.10100.com/article/148036261,full_mirror,clean,verified_from_configured_author_id,2,2051,,2019-09-22
cicc_perspective-2019-09-22-印度减税-提振增长-增强制造业竞争力,cicc_perspective,中金点睛,中金宏观,team_channel,印度减税：提振增长，增强制造业竞争力,https://www.10100.com/article/148042617,full_mirror,clean,verified_from_configured_author_id,9,1958,,2019-09-22
cicc_perspective-2019-09-20-热点速评-9月1年期LPR报价仅下行5个基点,cicc_perspective,中金点睛,中金宏观,team_channel,【热点速评】9月1年期LPR报价仅下行5个基点,https://www.10100.com/article/148042670,full_mirror,clean,verified_from_configured_author_id,3,2749,,2019-09-20
cicc_perspective-2019-09-19-美联储9月议息-再度降息25bps-但内部分歧加大,cicc_perspective,中金点睛,中金宏观,team_channel,美联储9月议息：再度降息25bps，但内部分歧加大,https://www.10100.com/article/148030629,full_mirror,clean,verified_from_configured_author_id,3,2443,,2019-09-19
cicc_perspective-2019-09-17-热点速评-财政支出下行压力加大-8月财政数据点评,cicc_perspective,中金点睛,中金宏观,team_channel,【热点速评】财政支出下行压力加大|8月财政数据点评,https://www.10100.com/article/148036320,full_mirror,clean,verified_from_configured_author_id,6,1935,,2019-09-17
cicc_perspective-2019-09-16-热点速评-工业增速再下台阶-政策宽松紧迫性上升-8月经济活动数据详细点评,cicc_perspective,中金点睛,中金宏观,team_channel,【热点速评】工业增速再下台阶，政策宽松紧迫性上升|8月经济活动数据详细点评,https://www.10100.com/article/148030212,full_mirror,clean,verified_from_configured_author_id,4,2757,,2019-09-16
cicc_perspective-2019-09-15-美联储政策宽松节奏加快,cicc_perspective,中金点睛,中金宏观,team_channel,美联储政策宽松节奏加快,https://www.10100.com/article/148036313,full_mirror,clean,verified_from_configured_author_id,20,5330,,2019-09-15
cicc_perspective-2019-09-15-简评-全球宽松潮下中国货币政策如何演变,cicc_perspective,中金点睛,中金宏观,team_channel,【简评】全球宽松潮下中国货币政策如何演变？,https://www.10100.com/article/148029701,full_mirror,clean,verified_from_configured_author_id,7,5639,,2019-09-15
cicc_perspective-2019-09-15-海外宏观周报-全球国债收益率大幅反弹-美联储9月会议有望继续降息-2019年9月9日-2019年9月15日,cicc_perspective,中金点睛,中金宏观,team_channel,【海外宏观周报】全球国债收益率大幅反弹；美联储9月会议有望继续降息 | 2019年9月9日~2019年9月15日,https://www.10100.com/article/148030203,full_mirror,clean,verified_from_configured_author_id,3,2056,,2019-09-15
cicc_perspective-2019-09-11-热点速评-贷款和社融增长环比改善-但保持相对疲弱态势-8月份货币信贷数据点评,cicc_perspective,中金点睛,中金宏观,team_channel,【热点速评】贷款和社融增长环比改善、但保持相对疲弱态势|8月份货币信贷数据点评,https://www.10100.com/article/148029628,full_mirror,clean,verified_from_configured_author_id,4,2804,,2019-09-11
cicc_perspective-2019-09-11-热点速评-虽然较初值小幅回升-但8月内需指标仍然偏弱-中金月度宏观景气指数-CMI-8月终值解读,cicc_perspective,中金点睛,中金宏观,team_channel,【热点速评】虽然较初值小幅回升，但8月内需指标仍然偏弱|中金月度宏观景气指数（CMI）8月终值解读,https://www.10100.com/article/148036257,full_mirror,clean,verified_from_configured_author_id,4,2517,,2019-09-11
cicc_perspective-2019-09-10-热点速评-食品价格同比走高支撑CPI-非食品通胀全线走弱-8月通胀数据点评,cicc_perspective,中金点睛,中金宏观,team_channel,【热点速评】食品价格同比走高支撑CPI；非食品通胀全线走弱|8月通胀数据点评,https://www.10100.com/article/148030215,full_mirror,clean,verified_from_configured_author_id,3,1874,,2019-09-10
cicc_perspective-2019-09-09-欧央行9月议息预览-下修经济预测-降息开启宽松周期,cicc_perspective,中金点睛,中金宏观,team_channel,欧央行9月议息预览：下修经济预测，降息开启宽松周期,https://www.10100.com/article/148030174,full_mirror,clean,verified_from_configured_author_id,15,7434,,2019-09-09
cicc_perspective-2019-09-09-中国宏观简评-如何看待近期食品价格推升CPI的风险,cicc_perspective,中金点睛,中金宏观,team_channel,【中国宏观简评】如何看待近期食品价格推升CPI的风险？,https://www.10100.com/article/148036290,full_mirror,clean,verified_from_configured_author_id,10,3478,,2019-09-09
cicc_perspective-2019-09-09-中国宏观周报-财政货币政策释放逆周期信号-节前食品价格攀升,cicc_perspective,中金点睛,中金宏观,team_channel,【中国宏观周报】财政货币政策释放逆周期信号；节前食品价格攀升,https://www.10100.com/article/148042646,full_mirror,clean,verified_from_configured_author_id,2,2186,,2019-09-09
cicc_perspective-2019-09-08-中国宏观热点速评-对美出口增速进一步下滑-关税影响可能有所上升-8月贸易数据点评,cicc_perspective,中金点睛,中金宏观,team_channel,【中国宏观热点速评】对美出口增速进一步下滑，关税影响可能有所上升|8月贸易数据点评,https://www.10100.com/article/148036292,full_mirror,clean,verified_from_configured_author_id,5,3245,,2019-09-08
cicc_perspective-2019-09-07-中国央行观察-估值效应小幅推升外储水平-外汇流动大体均衡-8月外储数据简评,cicc_perspective,中金点睛,中金宏观,team_channel,【中国央行观察】估值效应小幅推升外储水平，外汇流动大体均衡|8月外储数据简评,https://www.10100.com/article/148030175,full_mirror,clean,verified_from_configured_author_id,3,1808,,2019-09-07
cicc_perspective-2019-09-05-中国宏观简评-货币财政逆周期调节力度有望加大-9月4日国务院常务会议点评,cicc_perspective,中金点睛,中金宏观,team_channel,【中国宏观简评】货币财政逆周期调节力度有望加大|9月4日国务院常务会议点评,https://www.10100.com/article/148036243,full_mirror,clean,verified_from_configured_author_id,4,2274,,2019-09-05
cicc_perspective-2019-09-04-出口订单跳水-美国8月ISM制造业PMI掉入收缩区间,cicc_perspective,中金点睛,中金宏观,team_channel,出口订单跳水，美国8月ISM制造业PMI掉入收缩区间,https://www.10100.com/article/148030605,full_mirror,clean,verified_from_configured_author_id,6,1545,,2019-09-04
cicc_perspective-2019-09-02-海外宏观周报-候任欧央行行长拉加德表态鸽派-关注8月非农-2019年8月26日-2019年9月1日,cicc_perspective,中金点睛,中金宏观,team_channel,【海外宏观周报】候任欧央行行长拉加德表态鸽派；关注8月非农 | 2019年8月26日~2019年9月1日,https://www.10100.com/article/148030236,full_mirror,clean,verified_from_configured_author_id,3,1981,,2019-09-02
cicc_perspective-2019-09-02-中国宏观周报-开工季建筑活动小幅回升-金融监管继续边际收紧,cicc_perspective,中金点睛,中金宏观,team_channel,【中国宏观周报】开工季建筑活动小幅回升；金融监管继续边际收紧,https://www.10100.com/article/148036287,full_mirror,clean,verified_from_configured_author_id,2,1986,,2019-09-02
cicc_perspective-2019-08-31-中国宏观热点速评-8月制造业PMI如期回落-8月制造业PMI点评,cicc_perspective,中金点睛,中金宏观,team_channel,【中国宏观热点速评】8月制造业PMI如期回落|8月制造业PMI点评,https://www.10100.com/article/148042677,full_mirror,clean,verified_from_configured_author_id,4,1946,,2019-08-31
cicc_perspective-2019-08-28-中国宏观月报-内外需增长压力均有所上升,cicc_perspective,中金点睛,中金宏观,team_channel,【中国宏观月报】内外需增长压力均有所上升,https://www.10100.com/article/148030649,full_mirror,clean,verified_from_configured_author_id,3,1632,,2019-08-28
cicc_perspective-2019-08-27-中国宏观简评-减税及-抢出口-效应小幅提振工业企业盈利增长-详解7月工业企业财务数据,cicc_perspective,中金点睛,中金宏观,team_channel,【中国宏观简评】减税及“抢出口”效应小幅提振工业企业盈利增长|详解7月工业企业财务数据,https://www.10100.com/article/148030237,full_mirror,clean,verified_from_configured_author_id,10,2467,,2019-08-27
cicc_perspective-2019-08-27-中国宏观简评-8-9月宏观数据预览-信贷扩张维持弱势-增长通胀动能均显乏力,cicc_perspective,中金点睛,中金宏观,team_channel,【中国宏观简评】8-9月宏观数据预览：信贷扩张维持弱势；增长通胀动能均显乏力,https://www.10100.com/article/148036286,full_mirror,clean,verified_from_configured_author_id,3,3835,,2019-08-27
cicc_perspective-2019-08-26-中国宏观热点速评-景气总体走弱-通胀下行-中金月度宏观景气指数-CMI-8月初值解读,cicc_perspective,中金点睛,中金宏观,team_channel,【中国宏观热点速评】景气总体走弱，通胀下行|中金月度宏观景气指数（CMI）8月初值解读,https://www.10100.com/article/148042680,full_mirror,clean,verified_from_configured_author_id,4,1953,,2019-08-26
cicc_perspective-2019-08-25-海外宏观周报-全球贸易不确定性再度上升-Powell维持鸽派立场-2019年8月19-25日,cicc_perspective,中金点睛,中金宏观,team_channel,【海外宏观周报】全球贸易不确定性再度上升；Powell维持鸽派立场 | 2019年8月19~25日,https://www.10100.com/article/148030651,full_mirror,clean,verified_from_configured_author_id,3,1936,,2019-08-25
cicc_perspective-2019-08-25-中国宏观简评-外部不确定性进一步上升-对8月23日中美加征关税政策点评,cicc_perspective,中金点睛,中金宏观,team_channel,【中国宏观简评】外部不确定性进一步上升|对8月23日中美加征关税政策点评,https://www.10100.com/article/148036288,full_mirror,clean,verified_from_configured_author_id,5,3086,,2019-08-25
cicc_perspective-2019-08-25-中国宏观周报-需求疲弱-贸易摩擦波澜再起,cicc_perspective,中金点睛,中金宏观,team_channel,【中国宏观周报】需求疲弱；贸易摩擦波澜再起,https://www.10100.com/article/148042681,full_mirror,clean,verified_from_configured_author_id,2,1914,,2019-08-25
cicc_perspective-2019-08-22-中金前哨热点追踪-减税降费-效果几何-小型企业篇,cicc_perspective,中金点睛,中金宏观,team_channel,【中金前哨热点追踪】减税降费，效果几何？—— 小型企业篇,https://www.10100.com/article/148030652,full_mirror,clean,verified_from_configured_author_id,11,4331,,2019-08-22
cicc_perspective-2019-08-21-中金前哨热点追踪-减税降费-效果几何-中型企业篇,cicc_perspective,中金点睛,中金宏观,team_channel,【中金前哨热点追踪】减税降费，效果几何？—— 中型企业篇,https://www.10100.com/article/148030245,full_mirror,clean,verified_from_configured_author_id,5,3583,,2019-08-21
cicc_perspective-2019-08-20-中金前哨热点追踪-减税降费-效果几何-大型企业篇,cicc_perspective,中金点睛,中金宏观,team_channel,【中金前哨热点追踪】减税降费，效果几何？—— 大型企业篇,https://www.10100.com/article/148030229,full_mirror,clean,verified_from_configured_author_id,10,5194,,2019-08-20
cicc_perspective-2019-08-19-海外宏观周报-美国国债收益率曲线倒挂加深-关注Powell在Jackson-Hole讲话-2019年8月12-,cicc_perspective,中金点睛,中金宏观,team_channel,【海外宏观周报】美国国债收益率曲线倒挂加深；关注Powell在Jackson Hole讲话 | 2019年8月12~18日,https://www.10100.com/article/148036366,full_mirror,clean,verified_from_configured_author_id,3,1852,,2019-08-19
cicc_perspective-2019-08-19-中国宏观周报-央行完善LPR定价机制-需求指标继续走弱,cicc_perspective,中金点睛,中金宏观,team_channel,【中国宏观周报】央行完善LPR定价机制；需求指标继续走弱,https://www.10100.com/article/148030654,full_mirror,clean,verified_from_configured_author_id,2,1976,,2019-08-19
cicc_perspective-2019-08-18-中国宏观简评-关于央行完善LPR定价机制的几点展望,cicc_perspective,中金点睛,中金宏观,team_channel,【中国宏观简评】关于央行完善LPR定价机制的几点展望,https://www.10100.com/article/148030231,full_mirror,clean,verified_from_configured_author_id,4,2724,,2019-08-18
cicc_perspective-2019-08-17-中国宏观热点速评-财政收入增速微升-减税降费目标完成过半-7月财政数据点评,cicc_perspective,中金点睛,中金宏观,team_channel,【中国宏观热点速评】财政收入增速微升，减税降费目标完成过半|7月财政数据点评,https://www.10100.com/article/148042920,full_mirror,clean,verified_from_configured_author_id,5,1779,,2019-08-17
cicc_perspective-2019-08-17-中国央行观察-货币乘数季节性上升未能抵消基础货币收缩对M2的影响-7月央行资产负债表数据点评,cicc_perspective,中金点睛,中金宏观,team_channel,【中国央行观察】货币乘数季节性上升未能抵消基础货币收缩对M2的影响 |7月央行资产负债表数据点评,https://www.10100.com/article/148030655,full_mirror,clean,verified_from_configured_author_id,6,2521,,2019-08-17
cicc_perspective-2019-08-16-美国7月核心零售环比1-0-好于预期-消费继续修复,cicc_perspective,中金点睛,中金宏观,team_channel,美国7月核心零售环比1.0%好于预期，消费继续修复,https://www.10100.com/article/148036369,full_mirror,clean,verified_from_configured_author_id,8,1875,,2019-08-16
cicc_perspective-2019-08-15-旧文回顾-本次人民币贬值的-同-与-不同,cicc_perspective,中金点睛,中金宏观,team_channel,旧文回顾：本次人民币贬值的“同”与“不同”,https://www.10100.com/article/148030250,full_mirror,clean,verified_from_configured_author_id,5,3985,,2019-08-15
yiyuzhongde-2019-08-14-华创宏观-张瑜团队-全球不确定性提高后-各国经济会何去何从-全球央行双周志第20期,yiyuzhongde,一瑜中的,一瑜中的,exact,"【华创宏观·张瑜团队】全球不确定性提高后,各国经济会何去何从?--全球央行双周志第20期",https://www.163.com/dy/article/EMIAD90V0519QIKK.html,full_mirror,clean,verified_from_publisher_label,12,7052,,2019-08-14
cicc_perspective-2019-08-14-中国宏观热点速评-内外需因素均对工业生产有所抑制-消费增速高位回撤-7月经济活动数据点评,cicc_perspective,中金点睛,中金宏观,team_channel,【中国宏观热点速评】内外需因素均对工业生产有所抑制；消费增速高位回撤|7月经济活动数据点评,https://www.10100.com/article/148030185,full_mirror,clean,verified_from_configured_author_id,4,2436,,2019-08-14
cicc_perspective-2019-08-13-下半年经济增长的四个潜在-压力点,cicc_perspective,中金点睛,中金宏观,team_channel,下半年经济增长的四个潜在“压力点”,https://www.10100.com/article/148042655,full_mirror,clean,verified_from_configured_author_id,15,8761,,2019-08-13
cicc_perspective-2019-08-13-7月工业生产与消费增速或较6月回落-但7月CMI终值强于初值-中金月度宏观景气指数-CMI-7月终值解读,cicc_perspective,中金点睛,中金宏观,team_channel,7月工业生产与消费增速或较6月回落，但7月CMI终值强于初值 | 中金月度宏观景气指数（CMI）7月终值解读,https://www.10100.com/article/148029609,full_mirror,clean,verified_from_configured_author_id,5,2229,,2019-08-13
yiyuzhongde-2019-08-11-华创宏观-张瑜团队-千磨万击还坚劲-任尔东西南北风-简评2019年2季度货币政策执行报告-每周经济观察,yiyuzhongde,一瑜中的,一瑜中的,exact,"【华创宏观·张瑜团队】千磨万击还坚劲,任尔东西南北风--简评2019年2季度货币政策执行报告&每周经济观察",https://www.12371.cn/2018/12/21/VIDE1545357123279126.shtml,full_mirror,clean,verified_from_publisher_label,13,5223,,2019-08-11
cicc_perspective-2019-08-11-海外宏观周报-全球央行宽松潮持续-新兴市场货币普遍贬值-2019年8月5日-2019年8月11日,cicc_perspective,中金点睛,中金宏观,team_channel,【海外宏观周报】全球央行宽松潮持续；新兴市场货币普遍贬值 | 2019年8月5日~2019年8月11日,https://www.10100.com/article/148036247,full_mirror,clean,verified_from_configured_author_id,3,1940,,2019-08-11
cicc_perspective-2019-08-11-中国宏观周报-工业趋弱地产降温-人民币有所贬值,cicc_perspective,中金点睛,中金宏观,team_channel,【中国宏观周报】工业趋弱地产降温；人民币有所贬值,https://www.10100.com/article/148029695,full_mirror,clean,verified_from_configured_author_id,2,2255,,2019-08-11
cicc_perspective-2019-08-09-食品价格推动CPI微升-PPI转负-7月通胀数据点评,cicc_perspective,中金点睛,中金宏观,team_channel,食品价格推动CPI微升；PPI转负 | 7月通胀数据点评,https://www.10100.com/article/148030187,full_mirror,clean,verified_from_configured_author_id,3,1604,,2019-08-09
cicc_perspective-2019-08-08-进出口好于预期-但外部不确定性上升-7月贸易数据点评,cicc_perspective,中金点睛,中金宏观,team_channel,进出口好于预期，但外部不确定性上升 | 7月贸易数据点评,https://www.10100.com/article/148029625,full_mirror,clean,verified_from_configured_author_id,5,2297,,2019-08-08
cicc_perspective-2019-08-07-负向外汇估值效应拖累外储下降-7月外储数据简评,cicc_perspective,中金点睛,中金宏观,team_channel,负向外汇估值效应拖累外储下降 | 7月外储数据简评,https://www.10100.com/article/148036254,full_mirror,clean,verified_from_configured_author_id,3,1271,,2019-08-07
cicc_perspective-2019-08-05-海外宏观周报-美联储如期降息但指引偏鹰派-中美贸易不确定性再度上升-2019年7月29日-2019年8月2日,cicc_perspective,中金点睛,中金宏观,team_channel,【海外宏观周报】美联储如期降息但指引偏鹰派；中美贸易不确定性再度上升 | 2019年7月29日~2019年8月2日,https://www.10100.com/article/148029700,full_mirror,clean,verified_from_configured_author_id,3,1920,,2019-08-05
cicc_perspective-2019-08-05-中国宏观周报-外部不确定性再度上升-政治局会议提-六稳-与防风险,cicc_perspective,中金点睛,中金宏观,team_channel,【中国宏观周报】外部不确定性再度上升；政治局会议提“六稳”与防风险,https://www.10100.com/article/148042665,full_mirror,clean,verified_from_configured_author_id,2,1916,,2019-08-05
cicc_perspective-2019-08-02-中国是否需要适当放松货币政策,cicc_perspective,中金点睛,中金宏观,team_channel,中国是否需要适当放松货币政策？,https://www.10100.com/article/148042660,full_mirror,clean,verified_from_configured_author_id,8,3191,,2019-08-02
cicc_perspective-2019-07-31-欧元区2季度GDP环比增速回落至0-2,cicc_perspective,中金点睛,中金宏观,team_channel,欧元区2季度GDP环比增速回落至0.2%,https://www.10100.com/article/148042661,full_mirror,clean,verified_from_configured_author_id,7,1603,,2019-07-31
cicc_perspective-2019-07-31-中国宏观月报-工业与消费增速回落-政治局再提-六稳-及防风险,cicc_perspective,中金点睛,中金宏观,team_channel,【中国宏观月报】工业与消费增速回落；政治局再提“六稳”及防风险,https://www.10100.com/article/148036309,full_mirror,clean,verified_from_configured_author_id,4,1534,,2019-07-31
cicc_perspective-2019-07-31-PMI小幅回升但仍然偏弱-7月制造业PMI点评,cicc_perspective,中金点睛,中金宏观,team_channel,PMI小幅回升但仍然偏弱 | 7月制造业PMI点评,https://www.10100.com/article/148030197,full_mirror,clean,verified_from_configured_author_id,5,1764,,2019-07-31
cicc_perspective-2019-07-30-重提-六稳-保持定力-7月政治局会议点评,cicc_perspective,中金点睛,中金宏观,team_channel,重提“六稳”，保持定力|7月政治局会议点评,https://www.10100.com/article/148029623,full_mirror,clean,verified_from_configured_author_id,2,1324,,2019-07-30
cicc_perspective-2019-07-29-经济继续面临-逆流-美联储7月有望降息-7月FOMC议息会议预览,cicc_perspective,中金点睛,中金宏观,team_channel,经济继续面临“逆流”，美联储7月有望降息 | 7月FOMC议息会议预览,https://www.10100.com/article/148030201,full_mirror,clean,verified_from_configured_author_id,3,1964,,2019-07-29
cicc_perspective-2019-07-29-海外宏观周报-欧央行释放宽松信号-关注美联储议息及中美贸易谈判-2019年7月22日-2019年7月28日,cicc_perspective,中金点睛,中金宏观,team_channel,【海外宏观周报】欧央行释放宽松信号；关注美联储议息及中美贸易谈判 | 2019年7月22日~2019年7月28日,https://www.10100.com/article/148042662,full_mirror,clean,verified_from_configured_author_id,3,1957,,2019-07-29
cicc_perspective-2019-07-27-美国2季度GDP增速2-1-好于预期-消费动能修复,cicc_perspective,中金点睛,中金宏观,team_channel,美国2季度GDP增速2.1%好于预期；消费动能修复,https://www.10100.com/article/148042576,full_mirror,clean,verified_from_configured_author_id,4,1841,,2019-07-27
cicc_perspective-2019-07-27-上游及部分外需相关行业盈利增长有所走弱-详解6月工业企业财务数据,cicc_perspective,中金点睛,中金宏观,team_channel,上游及部分外需相关行业盈利增长有所走弱 | 详解6月工业企业财务数据,https://www.10100.com/article/148030188,full_mirror,clean,verified_from_configured_author_id,11,2318,,2019-07-27
cicc_perspective-2019-07-26-7-8月宏观数据预览-工业与消费增长较6月回撤,cicc_perspective,中金点睛,中金宏观,team_channel,7-8月宏观数据预览：工业与消费增长较6月回撤,https://www.10100.com/article/148029693,full_mirror,clean,verified_from_configured_author_id,3,3595,,2019-07-26
cicc_perspective-2019-07-25-详解中金月度宏观景气指数-CMI-一个更早-更准把握周期脉搏的有效工具,cicc_perspective,中金点睛,中金宏观,team_channel,详解中金月度宏观景气指数（CMI）|一个更早、更准把握周期脉搏的有效工具,https://www.10100.com/article/148030189,full_mirror,clean,verified_from_configured_author_id,14,6977,,2019-07-25
cicc_perspective-2019-07-22-海外宏观周报-新兴市场迎来降息潮-关注欧央行议息及美国2季度GDP-2019年7月15日-2019年7月21日,cicc_perspective,中金点睛,中金宏观,team_channel,【海外宏观周报】新兴市场迎来降息潮；关注欧央行议息及美国2季度GDP | 2019年7月15日~2019年7月21日,https://www.10100.com/article/148036301,full_mirror,clean,verified_from_configured_author_id,3,1898,,2019-07-22
cicc_perspective-2019-07-19-企业融资现状调研之五-深圳,cicc_perspective,中金点睛,中金宏观,team_channel,企业融资现状调研之五：深圳,https://www.10100.com/article/148036347,full_mirror,clean,verified_from_configured_author_id,2,2873,,2019-07-19
cicc_perspective-2019-07-18-企业融资现状调研之三-广东,cicc_perspective,中金点睛,中金宏观,team_channel,企业融资现状调研之三：广东,https://www.10100.com/article/148036353,full_mirror,clean,verified_from_configured_author_id,3,3614,,2019-07-18
cicc_perspective-2019-07-18-7月份政治局会议前瞻-在-稳增长-和-防风险-之间寻求平衡,cicc_perspective,中金点睛,中金宏观,team_channel,7月份政治局会议前瞻：在“稳增长”和“防风险”之间寻求平衡,https://www.10100.com/article/148042621,full_mirror,clean,verified_from_configured_author_id,2,1782,,2019-07-18
cicc_perspective-2019-07-17-中金前哨-企业融资现状调研-沈阳-大连,cicc_perspective,中金点睛,中金宏观,team_channel,中金前哨：企业融资现状调研 · 沈阳&大连,https://www.10100.com/article/148030209,full_mirror,clean,verified_from_configured_author_id,8,3523,,2019-07-17
cicc_perspective-2019-07-16-美国6月核心零售远超预期-2季度增速创2005年来最佳,cicc_perspective,中金点睛,中金宏观,team_channel,美国6月核心零售远超预期，2季度增速创2005年来最佳,https://www.10100.com/article/148042625,full_mirror,clean,verified_from_configured_author_id,8,1853,,2019-07-16
cicc_perspective-2019-07-16-6月财政收支增速回升-上半年财政赤字大幅扩张-6月财政数据点评,cicc_perspective,中金点睛,中金宏观,team_channel,6月财政收支增速回升，上半年财政赤字大幅扩张 | 6月财政数据点评,https://www.10100.com/article/148030644,full_mirror,clean,verified_from_configured_author_id,5,1723,,2019-07-16
cicc_perspective-2019-07-15-6月经济增长回升-社零大超预期-6月及2季度经济活动数据点评,cicc_perspective,中金点睛,中金宏观,team_channel,6月经济增长回升，社零大超预期 | 6月及2季度经济活动数据点评,https://www.10100.com/article/148042668,full_mirror,clean,verified_from_configured_author_id,5,2867,,2019-07-15
yiyuzhongde-2019-07-14-华创宏观-张瑜团队-十二张图看全球人口趋势-世界人口展望2019-概览-每周经济观察,yiyuzhongde,一瑜中的,一瑜中的,exact,【华创宏观·张瑜团队】十二张图看全球人口趋势——《世界人口展望2019》概览&每周经济观察,https://www.sohu.com/a/326936315_100016123,full_mirror,clean,verified_from_publisher_label,0,7872,,2019-07-14
cicc_perspective-2019-07-14-海外宏观周报-Powell听证会表态强化降息预期-关注美国6月零售数据-2019年7月8日-2019年7月14,cicc_perspective,中金点睛,中金宏观,team_channel,【海外宏观周报】Powell听证会表态强化降息预期；关注美国6月零售数据 | 2019年7月8日~2019年7月14日,https://www.10100.com/article/148036316,full_mirror,clean,verified_from_configured_author_id,3,1937,,2019-07-14
cicc_perspective-2019-07-14-中国宏观周报-建筑活动有所走弱-低基数提振6月社融增长,cicc_perspective,中金点睛,中金宏观,team_channel,【中国宏观周报】建筑活动有所走弱；低基数提振6月社融增长,https://www.10100.com/article/148030622,full_mirror,clean,verified_from_configured_author_id,2,2106,,2019-07-14
cicc_perspective-2019-07-12-进出口增长动能仍然偏弱-6月贸易数据点评,cicc_perspective,中金点睛,中金宏观,team_channel,进出口增长动能仍然偏弱 | 6月贸易数据点评,https://www.10100.com/article/148042669,full_mirror,clean,verified_from_configured_author_id,5,2425,,2019-07-12
cicc_perspective-2019-07-11-美联储主席Powell继续强调-以合理政策-保持经济扩张-Powell国会听证会点评,cicc_perspective,中金点睛,中金宏观,team_channel,美联储主席Powell继续强调“以合理政策”保持经济扩张 | Powell国会听证会点评,https://www.10100.com/article/148030628,full_mirror,clean,verified_from_configured_author_id,3,1894,,2019-07-11
cicc_perspective-2019-07-10-CPI强势渐微-PPI走弱-6月通胀数据点评,cicc_perspective,中金点睛,中金宏观,team_channel,CPI强势渐微；PPI走弱 | 6月通胀数据点评,https://www.10100.com/article/148036262,full_mirror,clean,verified_from_configured_author_id,4,1574,,2019-07-10
cicc_perspective-2019-07-08-弱美元提振外汇储备-黄金储备连续第7个月攀升-6月外储数据简评,cicc_perspective,中金点睛,中金宏观,team_channel,弱美元提振外汇储备；黄金储备连续第7个月攀升 | 6月外储数据简评,https://www.10100.com/article/148030594,full_mirror,clean,verified_from_configured_author_id,3,1572,,2019-07-08
cicc_perspective-2019-07-07-海外宏观周报-非农就业超预期冲击降息预期-关注Powell国会听证会-2019年7月1日-2019年7月7日,cicc_perspective,中金点睛,中金宏观,team_channel,【海外宏观周报】非农就业超预期冲击降息预期；关注Powell国会听证会 | 2019年7月1日~2019年7月7日,https://www.10100.com/article/148030211,full_mirror,clean,verified_from_configured_author_id,3,1974,,2019-07-07
cicc_perspective-2019-07-07-中国宏观周报-工业生产小幅走弱-流动性及信用条件继续-分层,cicc_perspective,中金点睛,中金宏观,team_channel,【中国宏观周报】工业生产小幅走弱；流动性及信用条件继续“分层”,https://www.10100.com/article/148036348,full_mirror,clean,verified_from_configured_author_id,2,2019,,2019-07-07
cicc_perspective-2019-07-05-6月非农-新增就业超预期-市场降息预期需修正,cicc_perspective,中金点睛,中金宏观,team_channel,6月非农：新增就业超预期，市场降息预期需修正,https://www.10100.com/article/148042620,full_mirror,clean,verified_from_configured_author_id,9,1957,,2019-07-05
cicc_perspective-2019-07-01-海外宏观周报-G20会谈结果偏积极-关注美国6月非农-2019年6月17日-2019年6月23日,cicc_perspective,中金点睛,中金宏观,team_channel,【海外宏观周报】G20会谈结果偏积极；关注美国6月非农 | 2019年6月17日~2019年6月23日,https://www.10100.com/article/148030223,full_mirror,clean,verified_from_configured_author_id,3,1937,,2019-07-01
cicc_perspective-2019-06-30-制造业PMI低位企稳-6月制造业PMI点评,cicc_perspective,中金点睛,中金宏观,team_channel,制造业PMI低位企稳|6月制造业PMI点评,https://www.10100.com/article/148042917,full_mirror,clean,verified_from_configured_author_id,4,1671,,2019-06-30
cicc_perspective-2019-06-28-6-7月及2季度宏观数据预览-工业增长小幅回升-社融趋稳但小行扩张放缓,cicc_perspective,中金点睛,中金宏观,team_channel,6-7月及2季度宏观数据预览：工业增长小幅回升，社融趋稳但小行扩张放缓,https://www.10100.com/article/148030608,full_mirror,clean,verified_from_configured_author_id,3,5275,,2019-06-28
cicc_perspective-2019-06-27-营收及利润增长从4月低点弱势回升-详解5月工业企业财务数据,cicc_perspective,中金点睛,中金宏观,team_channel,营收及利润增长从4月低点弱势回升 | 详解5月工业企业财务数据,https://www.10100.com/article/148030227,full_mirror,clean,verified_from_configured_author_id,10,2432,,2019-06-27
yiyuzhongde-2019-06-24-华创宏观-张瑜团队-财政乘数知多少-每周经济观察,yiyuzhongde,一瑜中的,一瑜中的,exact,【华创宏观·张瑜团队】财政乘数知多少--每周经济观察,https://vip.stock.finance.sina.com.cn/q/go.php/vReport_Show/kind/macro/rptid/4622995/index.phtml,abstract_only,flagged,verified_from_publisher_label,0,1044,mirror_is_abstract,2019-06-24
cicc_perspective-2019-06-20-美联储修改利率指引-为降息打开大门-6月FOMC议息会议点评,cicc_perspective,中金点睛,中金宏观,team_channel,美联储修改利率指引，为降息打开大门 | 6月FOMC议息会议点评,https://www.10100.com/article/148036312,full_mirror,clean,verified_from_configured_author_id,3,3350,,2019-06-20
cicc_perspective-2019-06-18-中美贸易摩擦下外贸企业系列调研之综述篇,cicc_perspective,中金点睛,中金宏观,team_channel,中美贸易摩擦下外贸企业系列调研之综述篇,https://www.10100.com/article/148030581,full_mirror,clean,verified_from_configured_author_id,7,3488,,2019-06-18
cicc_perspective-2019-06-18-下行风险增大-关注美联储降息指引-6月FOMC议息会议预览,cicc_perspective,中金点睛,中金宏观,team_channel,下行风险增大；关注美联储降息指引 | 6月FOMC议息会议预览,https://www.10100.com/article/148030205,full_mirror,clean,verified_from_configured_author_id,10,3204,,2019-06-18
cicc_perspective-2019-06-17-中金2019下半年海外宏观展望-下行风险增大-货币宽松潮起,cicc_perspective,中金点睛,中金宏观,team_channel,中金2019下半年海外宏观展望：下行风险增大，货币宽松潮起,https://www.10100.com/article/148030218,full_mirror,clean,verified_from_configured_author_id,4,3264,,2019-06-17
cicc_perspective-2019-06-17-中金2019下半年中国宏观展望-贸易摩擦升温-经济增长承压,cicc_perspective,中金点睛,中金宏观,team_channel,中金2019下半年中国宏观展望：贸易摩擦升温，经济增长承压,https://www.10100.com/article/148036259,full_mirror,clean,verified_from_configured_author_id,19,18236,,2019-06-17
cicc_perspective-2019-06-14-税收和财政支出增速下滑-财政赤字继续扩张-5月财政数据点评,cicc_perspective,中金点睛,中金宏观,team_channel,税收和财政支出增速下滑，财政赤字继续扩张 | 5月财政数据点评,https://www.10100.com/article/148042613,full_mirror,clean,verified_from_configured_author_id,5,1485,,2019-06-14
cicc_perspective-2019-06-14-中美贸易摩擦下外贸企业系列调研之四-广深篇,cicc_perspective,中金点睛,中金宏观,team_channel,中美贸易摩擦下外贸企业系列调研之四——广深篇,https://www.10100.com/article/148030582,full_mirror,clean,verified_from_configured_author_id,5,3209,,2019-06-14
cicc_perspective-2019-06-13-低基数下社融同比增长微升-环比扩张乏力-5月份货币信贷数据点评,cicc_perspective,中金点睛,中金宏观,team_channel,低基数下社融同比增长微升、环比扩张乏力 | 5月份货币信贷数据点评,https://www.10100.com/article/148036260,full_mirror,clean,verified_from_configured_author_id,3,4078,,2019-06-13
cicc_perspective-2019-06-13-中美贸易摩擦下外贸企业系列调研之三-武汉篇,cicc_perspective,中金点睛,中金宏观,team_channel,中美贸易摩擦下外贸企业系列调研之三——武汉篇,https://www.10100.com/article/148030219,full_mirror,clean,verified_from_configured_author_id,4,3218,,2019-06-13
guolei_macro-2019-06-12-广发宏观郭磊-通胀可控有利于政策空间,guolei_macro,郭磊宏观茶座,郭磊宏观茶座,exact,【广发宏观郭磊】通胀可控有利于政策空间,https://www.sohu.com/a/320261460_99931549,derived_text,clean,verified_from_publisher_label,0,1834,,2019-06-12
cicc_perspective-2019-06-12-食品价格推升CPI-PPI走低-5月通胀数据点评,cicc_perspective,中金点睛,中金宏观,team_channel,食品价格推升CPI；PPI走低 | 5月通胀数据点评,https://www.10100.com/article/148036314,full_mirror,clean,verified_from_configured_author_id,4,1579,,2019-06-12
cicc_perspective-2019-06-12-公积金制度改革亟待推进,cicc_perspective,中金点睛,中金宏观,team_channel,公积金制度改革亟待推进,https://www.10100.com/article/148042606,full_mirror,clean,verified_from_configured_author_id,10,12800,,2019-06-12
cicc_perspective-2019-06-12-中美贸易摩擦下外贸企业系列调研之二-浙江篇,cicc_perspective,中金点睛,中金宏观,team_channel,中美贸易摩擦下外贸企业系列调研之二——浙江篇,https://www.10100.com/article/148030216,full_mirror,clean,verified_from_configured_author_id,2,3185,,2019-06-12
cicc_perspective-2019-06-12-REITs会助推房价上涨吗,cicc_perspective,中金点睛,中金宏观,team_channel,REITs会助推房价上涨吗？,https://www.10100.com/article/148029703,full_mirror,clean,verified_from_configured_author_id,14,7501,,2019-06-12
cicc_perspective-2019-06-11-中美贸易摩擦下外贸企业系列调研之一-东莞篇,cicc_perspective,中金点睛,中金宏观,team_channel,中美贸易摩擦下外贸企业系列调研之一—— 东莞篇,https://www.10100.com/article/148042666,full_mirror,clean,verified_from_configured_author_id,2,2738,,2019-06-11
cicc_perspective-2019-06-10-出口增速回升-但未来仍面临下行风险-5月份贸易数据点评,cicc_perspective,中金点睛,中金宏观,team_channel,出口增速回升，但未来仍面临下行风险|5月份贸易数据点评,https://www.10100.com/article/148029632,full_mirror,clean,verified_from_configured_author_id,5,1725,,2019-06-10
cicc_perspective-2019-06-09-海外宏观周报-欧美经济下行压力增大-宽松预期升温-2019年6月3日-2019年6月7日,cicc_perspective,中金点睛,中金宏观,team_channel,【海外宏观周报】欧美经济下行压力增大，宽松预期升温 | 2019年6月3日~2019年6月7日,https://www.10100.com/article/148042667,full_mirror,clean,verified_from_configured_author_id,3,1800,,2019-06-09
cicc_perspective-2019-06-09-中国宏观周报-同业存单发行成功率维持低位-离岸人民币汇率走弱,cicc_perspective,中金点睛,中金宏观,team_channel,【中国宏观周报】同业存单发行成功率维持低位；离岸人民币汇率走弱,https://www.10100.com/article/148030204,full_mirror,clean,verified_from_configured_author_id,2,2036,,2019-06-09
cicc_perspective-2019-06-05-美联储主席Powell关注贸易摩擦,cicc_perspective,中金点睛,中金宏观,team_channel,美联储主席Powell关注贸易摩擦,https://www.10100.com/article/148030624,full_mirror,clean,verified_from_configured_author_id,4,1742,,2019-06-05
cicc_perspective-2019-06-04-美国5月ISM制造业PMI创2016年10月以来新低,cicc_perspective,中金点睛,中金宏观,team_channel,美国5月ISM制造业PMI创2016年10月以来新低,https://www.10100.com/article/148036378,full_mirror,clean,verified_from_configured_author_id,6,1653,,2019-06-04
cicc_perspective-2019-06-02-海外宏观周报-全球增长不确定性继续上升-关注欧央行6月议息-2019年5月27日-2019年5月31日,cicc_perspective,中金点睛,中金宏观,team_channel,【海外宏观周报】全球增长不确定性继续上升；关注欧央行6月议息 | 2019年5月27日~2019年5月31日,https://www.10100.com/article/148036295,full_mirror,clean,verified_from_configured_author_id,3,1940,,2019-06-02
cicc_perspective-2019-06-02-中小银行去杠杆的宏观影响,cicc_perspective,中金点睛,中金宏观,team_channel,中小银行去杠杆的宏观影响,https://www.10100.com/article/148030251,full_mirror,clean,verified_from_configured_author_id,9,3882,,2019-06-02
cicc_perspective-2019-06-02-中国宏观周报-生产及建筑活动走弱-中小银行融资条件收紧,cicc_perspective,中金点睛,中金宏观,team_channel,【中国宏观周报】生产及建筑活动走弱；中小银行融资条件收紧,https://www.10100.com/article/148042684,full_mirror,clean,verified_from_configured_author_id,2,1996,,2019-06-02
cicc_perspective-2019-06-02-下行风险增大-欧央行立场将更鸽派-6月议息会议预览,cicc_perspective,中金点睛,中金宏观,team_channel,下行风险增大，欧央行立场将更鸽派 | 6月议息会议预览,https://www.10100.com/article/148030626,full_mirror,clean,verified_from_configured_author_id,5,1841,,2019-06-02
cicc_perspective-2019-05-31-外需大幅下滑-5月制造业PMI点评,cicc_perspective,中金点睛,中金宏观,team_channel,外需大幅下滑 | 5月制造业PMI点评,https://www.10100.com/article/148030235,full_mirror,clean,verified_from_configured_author_id,5,1620,,2019-05-31
cicc_perspective-2019-05-31-中国宏观月报-外需不确定性再次上升-中小银行融资条件收紧,cicc_perspective,中金点睛,中金宏观,team_channel,【中国宏观月报】外需不确定性再次上升，中小银行融资条件收紧,https://www.10100.com/article/148042686,full_mirror,clean,verified_from_configured_author_id,3,1575,,2019-05-31
cicc_perspective-2019-05-30-5-6月宏观数据预览-工业生产偏弱-出口承压,cicc_perspective,中金点睛,中金宏观,team_channel,5-6月宏观数据预览：工业生产偏弱，出口承压,https://www.10100.com/article/148030208,full_mirror,clean,verified_from_configured_author_id,3,3608,,2019-05-30
guojun_macro-2019-05-29-国君宏观-贸易之外-特朗普跑垒博弈的另外两条主线,guojun_macro,国君宏观研究,国泰君安证券研究,parent_platform,"国君宏观 | 贸易之外,特朗普跑垒博弈的另外两条主线",https://finance.sina.com.cn/stock/stockzmt/2019-05-29/doc-ihvhiews5330342.shtml,full_mirror,clean,verified_from_publisher_label,14,4210,,2019-05-29
cicc_perspective-2019-05-28-谁将承受关税之痛,cicc_perspective,中金点睛,中金宏观,team_channel,谁将承受关税之痛？,https://www.10100.com/article/148042671,full_mirror,clean,verified_from_configured_author_id,9,2816,,2019-05-28
cicc_perspective-2019-05-27-工业企业盈利和收入增速均明显回落-详解4月工业企业财务数据,cicc_perspective,中金点睛,中金宏观,team_channel,工业企业盈利和收入增速均明显回落|详解4月工业企业财务数据,https://www.10100.com/article/148030630,full_mirror,clean,verified_from_configured_author_id,10,2449,,2019-05-27
cicc_perspective-2019-05-26-海外宏观周报-美欧需求继续走弱-美债收益率曲线再倒挂-2019年5月20日-2019年5月24日,cicc_perspective,中金点睛,中金宏观,team_channel,【海外宏观周报】美欧需求继续走弱，美债收益率曲线再倒挂 | 2019年5月20日~2019年5月24日,https://www.10100.com/article/148099400,full_mirror,clean,verified_from_configured_author_id,3,1922,,2019-05-26
cicc_perspective-2019-05-26-中国宏观周报-生产指标继续偏弱-汇率利率大体平稳,cicc_perspective,中金点睛,中金宏观,team_channel,【中国宏观周报】生产指标继续偏弱；汇率利率大体平稳,https://www.10100.com/article/148099488,full_mirror,clean,verified_from_configured_author_id,2,1693,,2019-05-26
cicc_perspective-2019-05-24-欧元区5月制造业PMI回落,cicc_perspective,中金点睛,中金宏观,team_channel,欧元区5月制造业PMI回落,https://www.10100.com/article/148042928,full_mirror,clean,verified_from_configured_author_id,9,1559,,2019-05-24
guolei_macro-2019-05-23-广发宏观郭磊-如何看待当前的就业状况,guolei_macro,郭磊宏观茶座,郭磊宏观茶座,exact,【广发宏观郭磊】如何看待当前的就业状况?,https://www.sohu.com/a/316375827_100015879,derived_text,clean,verified_from_publisher_label,0,1910,,2019-05-23
cicc_perspective-2019-05-23-美联储继续强调通胀走弱是-暂时的-5月FOMC议息会议纪要点评,cicc_perspective,中金点睛,中金宏观,team_channel,美联储继续强调通胀走弱是“暂时的” | 5月FOMC议息会议纪要点评,https://www.10100.com/article/148036328,full_mirror,clean,verified_from_configured_author_id,3,1796,,2019-05-23
cicc_perspective-2019-05-20-日本1季度GDP增速2-1-好于预期-但内需疲弱,cicc_perspective,中金点睛,中金宏观,team_channel,日本1季度GDP增速2.1%好于预期，但内需疲弱,https://www.10100.com/article/148030269,full_mirror,clean,verified_from_configured_author_id,4,1233,,2019-05-20
cicc_perspective-2019-05-19-货币政策继续支持实体经济融资需求-应对外部冲击-2019年第1季度-中国货币政策执行报告-解读,cicc_perspective,中金点睛,中金宏观,team_channel,货币政策继续支持实体经济融资需求、应对外部冲击|2019年第1季度《中国货币政策执行报告》解读,https://www.10100.com/article/148030247,full_mirror,clean,verified_from_configured_author_id,5,2813,,2019-05-19
cicc_perspective-2019-05-19-用进一步减税降费应对中美贸易摩擦的挑战,cicc_perspective,中金点睛,中金宏观,team_channel,用进一步减税降费应对中美贸易摩擦的挑战,https://www.10100.com/article/148042929,full_mirror,clean,verified_from_configured_author_id,6,7618,,2019-05-19
cicc_perspective-2019-05-19-海外宏观周报-美国4月消费偏弱-关注欧洲议会选举-2019年5月13日-2019年5月17日,cicc_perspective,中金点睛,中金宏观,team_channel,【海外宏观周报】美国4月消费偏弱；关注欧洲议会选举 | 2019年5月13日~2019年5月17日,https://www.10100.com/article/148030715,full_mirror,clean,verified_from_configured_author_id,3,1819,,2019-05-19
cicc_perspective-2019-05-19-应对贸易摩擦-是否需要调整房地产政策,cicc_perspective,中金点睛,中金宏观,team_channel,应对贸易摩擦，是否需要调整房地产政策？,https://www.10100.com/article/148036397,full_mirror,clean,verified_from_configured_author_id,7,4678,,2019-05-19
cicc_perspective-2019-05-19-再降社保费率应对中美贸易摩擦,cicc_perspective,中金点睛,中金宏观,team_channel,再降社保费率应对中美贸易摩擦,https://www.10100.com/article/148030676,full_mirror,clean,verified_from_configured_author_id,6,6293,,2019-05-19
cicc_perspective-2019-05-19-中国宏观周报-生产活动偏弱-人民币汇率承压,cicc_perspective,中金点睛,中金宏观,team_channel,【中国宏观周报】生产活动偏弱；人民币汇率承压,https://www.10100.com/article/148042693,full_mirror,clean,verified_from_configured_author_id,2,1881,,2019-05-19
guolei_macro-2019-05-16-广发宏观周君芝-PPP将进入有序发展新阶段,guolei_macro,郭磊宏观茶座,郭磊宏观茶座,exact,【广发宏观周君芝】PPP将进入有序发展新阶段,https://m.21jingji.com/article/20190516/herald/f4e96edc85708ec0a6e6273d0a0ca502.html,full_mirror,clean,verified_from_publisher_label,35,15800,,2019-05-16
cicc_perspective-2019-05-16-美国4月零售和工业产出双双负增长,cicc_perspective,中金点睛,中金宏观,team_channel,美国4月零售和工业产出双双负增长,https://www.10100.com/article/148036335,full_mirror,clean,verified_from_configured_author_id,8,1600,,2019-05-16
cicc_perspective-2019-05-15-工业生产增速回落-假期错位压低消费增长-4月经济活动数据点评,cicc_perspective,中金点睛,中金宏观,team_channel,工业生产增速回落，假期错位压低消费增长|4月经济活动数据点评,https://www.10100.com/article/148030210,full_mirror,clean,verified_from_configured_author_id,4,2382,,2019-05-15
yiyuzhongde-2019-05-12-华创宏观-张瑜-美-德-中未来产业发展的竞合分析-每周经济观察,yiyuzhongde,一瑜中的,一瑜中的,exact,【华创宏观·张瑜】美、德、中未来产业发展的竞合分析——每周经济观察,http://cj.sina.com.cn/articles/view/1705952971/65aec6cb01900eqhe,full_mirror,clean,verified_from_publisher_label,9,3963,,2019-05-12
yiyuzhongde-2019-05-10-华创证券-张瑜-通胀温和上行-货币政策未受掣肘-4月通胀数据点评,yiyuzhongde,一瑜中的,一瑜中的,exact,"【华创证券·张瑜】通胀温和上行,货币政策未受掣肘---4月通胀数据点评",https://www.fxbaogao.com/detail/1293898,abstract_only,flagged,verified_from_publisher_label,1,845,mirror_is_abstract,2019-05-10
cicc_perspective-2019-05-09-基数原因推动CPI上升-PPI走高-4月通胀数据点评,cicc_perspective,中金点睛,中金宏观,team_channel,基数原因推动CPI上升；PPI走高 | 4月通胀数据点评,https://www.10100.com/article/148042628,full_mirror,clean,verified_from_configured_author_id,3,1593,,2019-05-09
cicc_perspective-2019-05-09-个税改革减负效果明显-增值税减税有待发力-4月财政数据点评,cicc_perspective,中金点睛,中金宏观,team_channel,个税改革减负效果明显，增值税减税有待发力|4月财政数据点评,https://www.10100.com/article/148030604,full_mirror,clean,verified_from_configured_author_id,5,1665,,2019-05-09
cicc_perspective-2019-05-08-外部不确定性上升-4月贸易数据点评,cicc_perspective,中金点睛,中金宏观,team_channel,外部不确定性上升 | 4月贸易数据点评,https://www.10100.com/article/148036354,full_mirror,clean,verified_from_configured_author_id,6,2048,,2019-05-08
cicc_perspective-2019-05-07-负向估值效应或为4月外储微降的主因-4月外储数据简评,cicc_perspective,中金点睛,中金宏观,team_channel,负向估值效应或为4月外储微降的主因 | 4月外储数据简评,https://www.10100.com/article/148030213,full_mirror,clean,verified_from_configured_author_id,3,1619,,2019-05-07
cicc_perspective-2019-05-07-央行5月中起针对中小银行降准-释放资金2800亿,cicc_perspective,中金点睛,中金宏观,team_channel,央行5月中起针对中小银行降准、释放资金2800亿,https://www.10100.com/article/148042676,full_mirror,clean,verified_from_configured_author_id,4,1683,,2019-05-07
cicc_perspective-2019-05-06-海外宏观周报-美联储坚持-耐心-关注中美贸易谈判-2019年4月29日-2019年5月3日,cicc_perspective,中金点睛,中金宏观,team_channel,【海外宏观周报】美联储坚持“耐心”；关注中美贸易谈判 | 2019年4月29日~2019年5月3日,https://www.10100.com/article/148042930,full_mirror,clean,verified_from_configured_author_id,3,1891,,2019-05-06
cicc_perspective-2019-05-06-中国宏观周报-5-1长假消费需求旺盛-跨月流动性保持平稳,cicc_perspective,中金点睛,中金宏观,team_channel,【中国宏观周报】5.1长假消费需求旺盛；跨月流动性保持平稳,https://www.10100.com/article/148030276,full_mirror,clean,verified_from_configured_author_id,2,1993,,2019-05-06
cicc_perspective-2019-05-03-4月非农-新增就业26-3万超预期,cicc_perspective,中金点睛,中金宏观,team_channel,4月非农：新增就业26.3万超预期,https://www.10100.com/article/148036337,full_mirror,clean,verified_from_configured_author_id,9,2010,,2019-05-03
cicc_perspective-2019-05-02-通胀温和令美联储继续耐心-技术性下调IOER-美联储5月FOMC议息会议点评,cicc_perspective,中金点睛,中金宏观,team_channel,通胀温和令美联储继续耐心；技术性下调IOER | 美联储5月FOMC议息会议点评,https://www.10100.com/article/148030678,full_mirror,clean,verified_from_configured_author_id,3,3461,,2019-05-02
cicc_perspective-2019-04-30-中国宏观月报-消费需求回暖-政策基调微调,cicc_perspective,中金点睛,中金宏观,team_channel,【中国宏观月报】消费需求回暖，政策基调微调,https://www.10100.com/article/148030717,full_mirror,clean,verified_from_configured_author_id,3,1500,,2019-04-30
cicc_perspective-2019-04-30-PMI保持在-荣枯线-之上-出口需求回升-4月制造业PMI点评,cicc_perspective,中金点睛,中金宏观,team_channel,PMI保持在“荣枯线”之上，出口需求回升|4月制造业PMI点评,https://www.10100.com/article/148042694,full_mirror,clean,verified_from_configured_author_id,4,2117,,2019-04-30
cicc_perspective-2019-04-30-4-5月宏观数据预览-消费向好-CPI上升,cicc_perspective,中金点睛,中金宏观,team_channel,4–5月宏观数据预览：消费向好，CPI上升,https://www.10100.com/article/148030254,full_mirror,clean,verified_from_configured_author_id,3,3753,,2019-04-30
yiyuzhongde-2019-04-29-华创宏观-张瑜-钱都流向了哪里-图观各类资金流向-每周经济观察,yiyuzhongde,一瑜中的,一瑜中的,exact,【华创宏观·张瑜】钱都流向了哪里?图观各类资金流向--每周经济观察,https://www.moer.cn/articleDetails.htm?articleId=308365,full_mirror,clean,verified_from_publisher_label,9,3656,,2019-04-29
cicc_perspective-2019-04-29-有关减税降费一些潜在-盲点-的问答,cicc_perspective,中金点睛,中金宏观,team_channel,有关减税降费一些潜在“盲点”的问答,https://www.10100.com/article/148030279,full_mirror,clean,verified_from_configured_author_id,5,5202,,2019-04-29
cicc_perspective-2019-04-29-今年的减费降税政策有哪些不同之处,cicc_perspective,中金点睛,中金宏观,team_channel,今年的减费降税政策有哪些不同之处？,https://www.10100.com/article/148036343,full_mirror,clean,verified_from_configured_author_id,9,9937,,2019-04-29
cicc_perspective-2019-04-28-美联储-下行风险降低-但通胀温和将令美联储继续-耐心-5月FOMC议息会议预览,cicc_perspective,中金点睛,中金宏观,team_channel,【美联储】下行风险降低，但通胀温和将令美联储继续“耐心” |5月FOMC议息会议预览,https://www.10100.com/article/148099466,full_mirror,clean,verified_from_configured_author_id,3,2158,,2019-04-28
cicc_perspective-2019-04-28-海外宏观周报-美欧数据分化推升美元-关注美联储5月议息-2019年4月22日-2019年4月26日,cicc_perspective,中金点睛,中金宏观,team_channel,【海外宏观周报】美欧数据分化推升美元；关注美联储5月议息 | 2019年4月22日~2019年4月26日,https://www.10100.com/article/148030246,full_mirror,clean,verified_from_configured_author_id,3,2019,,2019-04-28
cicc_perspective-2019-04-27-利润增速3月跳升但1季度放缓-或为年内低点-详解3月工业企业财务数据,cicc_perspective,中金点睛,中金宏观,team_channel,利润增速3月跳升但1季度放缓、或为年内低点|详解3月工业企业财务数据,https://www.10100.com/article/148042683,full_mirror,clean,verified_from_configured_author_id,10,2507,,2019-04-27
cicc_perspective-2019-04-26-美国1季度GDP增速3-2-超预期-但内需偏弱,cicc_perspective,中金点睛,中金宏观,team_channel,美国1季度GDP增速3.2%超预期，但内需偏弱,https://www.10100.com/article/148030617,full_mirror,clean,verified_from_configured_author_id,4,1726,,2019-04-26
cicc_perspective-2019-04-22-海外宏观周报-欧元区制造业边际好转-关注美国1季度GDP-2019年4月15日-2019年4月19日,cicc_perspective,中金点睛,中金宏观,team_channel,【海外宏观周报】欧元区制造业边际好转；关注美国1季度GDP | 2019年4月15日~2019年4月19日,https://www.10100.com/article/148030249,full_mirror,clean,verified_from_configured_author_id,3,2004,,2019-04-22
cicc_perspective-2019-04-22-中国宏观周报-经济数据继续回暖-政策信号微调,cicc_perspective,中金点睛,中金宏观,team_channel,【中国宏观周报】经济数据继续回暖，政策信号微调,https://www.10100.com/article/148036291,full_mirror,clean,verified_from_configured_author_id,2,1970,,2019-04-22
cicc_perspective-2019-04-21-数说-一带一路,cicc_perspective,中金点睛,中金宏观,team_channel,数说“一带一路”,https://www.10100.com/article/148042921,full_mirror,clean,verified_from_configured_author_id,13,2155,,2019-04-21
lichao_macro-2019-04-20-华泰宏观李超-香港市场的理性与机构投资者特征-4月香港路演心得精要,lichao_macro,李超宏观研究与资产配置,李超宏观研究与资产配置,exact,【华泰宏观李超】香港市场的理性与机构投资者特征——4月香港路演心得精要,https://finance.sina.com.cn/stock/stockzmt/2019-04-20/doc-ihvhiewr7335079.shtml,abstract_only,flagged,verified_from_publisher_label,1,1272,mirror_is_abstract,2019-04-20
cicc_perspective-2019-04-18-美国3月总零售环比1-6-超预期反弹,cicc_perspective,中金点睛,中金宏观,team_channel,美国3月总零售环比1.6%超预期反弹,https://www.10100.com/article/148042947,full_mirror,clean,verified_from_configured_author_id,7,1342,,2019-04-18
cicc_perspective-2019-04-18-欧元区4月制造业PMI边际回升,cicc_perspective,中金点睛,中金宏观,team_channel,欧元区4月制造业PMI边际回升,https://www.10100.com/article/148030307,full_mirror,clean,verified_from_configured_author_id,9,1813,,2019-04-18
guolei_macro-2019-04-17-广发宏观郭磊-一季度经济-寻找数据中的关键线索,guolei_macro,郭磊宏观茶座,郭磊宏观茶座,exact,【广发宏观郭磊】一季度经济:寻找数据中的关键线索,https://finance.sina.com.cn/stock/stockzmt/2019-04-17/doc-ihvhiewr6716965.shtml,full_mirror,clean,verified_from_publisher_label,9,2313,,2019-04-17
cicc_perspective-2019-04-17-即使剔除春节因素-3月经济数据仍全面超预期-2019年1季度及3月经济活动数据点评,cicc_perspective,中金点睛,中金宏观,team_channel,即使剔除春节因素，3月经济数据仍全面超预期|2019年1季度及3月经济活动数据点评,https://www.10100.com/article/148030697,full_mirror,clean,verified_from_configured_author_id,4,3912,,2019-04-17
cicc_perspective-2019-04-14-海外宏观周报-全球国债收益率曲线陡峭上升-欧美贸易摩擦升温-2019年4月8日-2019年4月12日,cicc_perspective,中金点睛,中金宏观,team_channel,【海外宏观周报】全球国债收益率曲线陡峭上升；欧美贸易摩擦升温 | 2019年4月8日~2019年4月12日,https://www.10100.com/article/148030750,full_mirror,clean,verified_from_configured_author_id,3,1962,,2019-04-14
cicc_perspective-2019-04-14-中国宏观周报-消费回暖-3月社融大超预期,cicc_perspective,中金点睛,中金宏观,team_channel,【中国宏观周报】消费回暖，3月社融大超预期,https://www.10100.com/article/148042948,full_mirror,clean,verified_from_configured_author_id,2,1930,,2019-04-14
yiyuzhongde-2019-04-13-华创宏观-张瑜-反弹非反转-3月进出口数据点评,yiyuzhongde,一瑜中的,一瑜中的,exact,【华创宏观·张瑜】反弹非反转 ---3月进出口数据点评,https://www.163.com/dy/article/KR2G00OA05568W0A.html,abstract_only,flagged,verified_from_publisher_label,0,1554,mirror_is_abstract,2019-04-13
yiyuzhongde-2019-04-12-华创宏观-张瑜-通胀虽回-2-时代-降准仍然可期待-3月通胀数据点评,yiyuzhongde,一瑜中的,一瑜中的,exact,"【华创宏观·张瑜】通胀虽回“2”时代,降准仍然可期待 ---3月通胀数据点评",https://www.fxbaogao.com/detail/1253538,abstract_only,flagged,verified_from_publisher_label,1,866,mirror_is_abstract,2019-04-12
cicc_perspective-2019-04-12-出口增长超预期-进口可能受增值税减税扰动-3月贸易数据点评,cicc_perspective,中金点睛,中金宏观,team_channel,出口增长超预期，进口可能受增值税减税扰动|3月贸易数据点评,https://www.10100.com/article/148030272,full_mirror,clean,verified_from_configured_author_id,5,1895,,2019-04-12
cicc_perspective-2019-04-12-3月新增社融大超预期-金融条件显著宽松-3月份货币信贷数据点评,cicc_perspective,中金点睛,中金宏观,team_channel,3月新增社融大超预期，金融条件显著宽松|3月份货币信贷数据点评,https://www.10100.com/article/148036368,full_mirror,clean,verified_from_configured_author_id,4,2766,,2019-04-12
guojun_macro-2019-04-11-国君宏观-为什么中微观的不少数据突然就好起来了,guojun_macro,国君宏观研究,国泰君安证券研究,parent_platform,国君宏观 | 为什么中微观的不少数据突然就好起来了?,https://finance.sina.cn/stock/ggyj/2019-04-12/detail-ihvhiewr5157091.d.html,full_mirror,clean,verified_from_publisher_label,20,2717,,2019-04-11
cicc_perspective-2019-04-11-美联储继续-耐心-2019年不加息-3月FOMC议息会议纪要点评,cicc_perspective,中金点睛,中金宏观,team_channel,美联储继续“耐心”，2019年不加息 | 3月FOMC议息会议纪要点评,https://www.10100.com/article/148030607,full_mirror,clean,verified_from_configured_author_id,3,1761,,2019-04-11
cicc_perspective-2019-04-11-CPI如期跳升-PPI小幅走高-3月通胀数据点评,cicc_perspective,中金点睛,中金宏观,team_channel,CPI如期跳升，PPI小幅走高|3月通胀数据点评,https://www.10100.com/article/148042632,full_mirror,clean,verified_from_configured_author_id,3,1860,,2019-04-11
cicc_perspective-2019-04-08-中国宏观周报-消费需求企稳回升-收益率曲线陡峭化,cicc_perspective,中金点睛,中金宏观,team_channel,【中国宏观周报】消费需求企稳回升；收益率曲线陡峭化,https://www.10100.com/article/148030240,full_mirror,clean,verified_from_configured_author_id,2,1848,,2019-04-08
cicc_perspective-2019-04-07-海外宏观周报-欧美较多数据好于预期-关注欧央行4月议息-2019年4月1日-2019年4月5日,cicc_perspective,中金点睛,中金宏观,team_channel,【海外宏观周报】欧美较多数据好于预期；关注欧央行4月议息 | 2019年4月1日~2019年4月5日,https://www.10100.com/article/148099489,full_mirror,clean,verified_from_configured_author_id,3,1954,,2019-04-07
cicc_perspective-2019-04-07-3月美元走强压低估值-但外储仍录得净增-3月外储数据简评,cicc_perspective,中金点睛,中金宏观,team_channel,3月美元走强压低估值，但外储仍录得净增|3月外储数据简评,https://www.10100.com/article/148042638,full_mirror,clean,verified_from_configured_author_id,3,1631,,2019-04-07
cicc_perspective-2019-04-04-消费需求企稳回升,cicc_perspective,中金点睛,中金宏观,team_channel,消费需求企稳回升,https://www.10100.com/article/148030657,full_mirror,clean,verified_from_configured_author_id,6,6230,,2019-04-04
cicc_perspective-2019-04-04-减税降费有望在稳增长中发挥更大作用,cicc_perspective,中金点睛,中金宏观,team_channel,减税降费有望在稳增长中发挥更大作用,https://www.10100.com/article/148036381,full_mirror,clean,verified_from_configured_author_id,2,4929,,2019-04-04
cicc_perspective-2019-04-02-美国2月零售不及预期-但3月制造业PMI超预期反弹,cicc_perspective,中金点睛,中金宏观,team_channel,美国2月零售不及预期，但3月制造业PMI超预期反弹,https://www.10100.com/article/148030252,full_mirror,clean,verified_from_configured_author_id,8,1843,,2019-04-02
cicc_perspective-2019-04-01-中国宏观周报-生产增速同比走高-季节因素助力3月PMI跳升,cicc_perspective,中金点睛,中金宏观,team_channel,【中国宏观周报】生产增速同比走高；季节因素助力3月PMI跳升,https://www.10100.com/article/148042687,full_mirror,clean,verified_from_configured_author_id,2,1864,,2019-04-01
cicc_perspective-2019-03-31-海外宏观周报-美国2月地产需求回暖-英国脱欧延期-2019年3月25日-2019年3月29日,cicc_perspective,中金点睛,中金宏观,team_channel,【海外宏观周报】美国2月地产需求回暖；英国脱欧延期 | 2019年3月25日~2019年3月29日,https://www.10100.com/article/148036385,full_mirror,clean,verified_from_configured_author_id,3,2019,,2019-03-31
cicc_perspective-2019-03-31-季节因素叠加内需企稳推升PMI至-荣枯线-以上-3月制造业PMI点评,cicc_perspective,中金点睛,中金宏观,team_channel,季节因素叠加内需企稳推升PMI至“荣枯线”以上|3月制造业PMI点评,https://www.10100.com/article/148030707,full_mirror,clean,verified_from_configured_author_id,4,2141,,2019-03-31
cicc_perspective-2019-03-29-中国宏观月报-财政减税增效力度加大-节后食品价格反季节性攀升,cicc_perspective,中金点睛,中金宏观,team_channel,【中国宏观月报】财政减税增效力度加大；节后食品价格反季节性攀升,https://www.10100.com/article/148030255,full_mirror,clean,verified_from_configured_author_id,5,1627,,2019-03-29
cicc_perspective-2019-03-28-是否该因为猪肉价格上涨而担心-高通胀,cicc_perspective,中金点睛,中金宏观,team_channel,是否该因为猪肉价格上涨而担心“高通胀”？,https://www.10100.com/article/148030243,full_mirror,clean,verified_from_configured_author_id,6,3339,,2019-03-28
cicc_perspective-2019-03-28-3-4月宏观数据预览-工业生产与零售同比有所回升-CPI明显上行,cicc_perspective,中金点睛,中金宏观,team_channel,3–4月宏观数据预览：工业生产与零售同比有所回升；CPI明显上行,https://www.10100.com/article/148030648,full_mirror,clean,verified_from_configured_author_id,3,4545,,2019-03-28
cicc_perspective-2019-03-27-聚焦中国-中国资产负债表中的-灰犀牛-地方融资平台的巨额债务,cicc_perspective,中金点睛,中金宏观,team_channel,聚焦中国：中国资产负债表中的“灰犀牛”——地方融资平台的巨额债务,https://www.10100.com/article/148036289,full_mirror,clean,verified_from_configured_author_id,5,4009,,2019-03-27
cicc_perspective-2019-03-27-工业企业利润增长同比下跌14-或为年内低点-详解2019年1-2月工业企业财务数据,cicc_perspective,中金点睛,中金宏观,team_channel,工业企业利润增长同比下跌14%，或为年内低点 | 详解2019年1-2月工业企业财务数据,https://www.10100.com/article/148042919,full_mirror,clean,verified_from_configured_author_id,3,2575,,2019-03-27
cicc_perspective-2019-03-24-中国宏观周报-大中城市商品房成交回暖-食品价格继续上升,cicc_perspective,中金点睛,中金宏观,team_channel,【中国宏观周报】大中城市商品房成交回暖；食品价格继续上升,https://www.10100.com/article/148036356,full_mirror,clean,verified_from_configured_author_id,2,1726,,2019-03-24
xuetao_macro-2019-03-19-回归基本面-天风宏观宋雪涛,xuetao_macro,雪涛宏观笔记,雪涛宏观笔记,exact,回归基本面(天风宏观宋雪涛),https://www.sohu.com/a/303833776_373314,derived_text,clean,verified_from_publisher_label,0,3339,,2019-03-19
cicc_perspective-2019-03-18-财政逆周期调节效果提前显现-1-2月财政收支数据点评,cicc_perspective,中金点睛,中金宏观,team_channel,财政逆周期调节效果提前显现|1-2月财政收支数据点评,https://www.10100.com/article/148042682,full_mirror,clean,verified_from_configured_author_id,4,1623,,2019-03-18
cicc_perspective-2019-03-17-美联储-下修2019加息预测-宣布停止缩表计划-美联储3月FOMC议息会议预览,cicc_perspective,中金点睛,中金宏观,team_channel,【美联储】下修2019加息预测，宣布停止缩表计划 | 美联储3月FOMC议息会议预览,https://www.10100.com/article/148030258,full_mirror,clean,verified_from_configured_author_id,5,2824,,2019-03-17
cicc_perspective-2019-03-17-中国宏观周报-食品价格反季节上扬-减税降负执行时点早于预期,cicc_perspective,中金点睛,中金宏观,team_channel,【中国宏观周报】食品价格反季节上扬；减税降负执行时点早于预期,https://www.10100.com/article/148042689,full_mirror,clean,verified_from_configured_author_id,2,1846,,2019-03-17
lichao_macro-2019-03-14-华泰宏观李超-政策基调以稳为主-看多人民币资产-2019年2月经济数据综述,lichao_macro,李超宏观研究与资产配置,李超宏观研究与资产配置,exact,"【华泰宏观李超】政策基调以稳为主,看多人民币资产——2019年2月经济数据综述",http://finance.sina.com.cn/stock/stockzmt/2019-03-14/doc-ihrfqzkc3940110.shtml,full_mirror,clean,verified_from_publisher_label,22,6577,,2019-03-14
cicc_perspective-2019-03-14-春节扰动压低工业增速-工业生产与零售同比3月均有望上升-2019年1-2月经济活动数据点评,cicc_perspective,中金点睛,中金宏观,team_channel,春节扰动压低工业增速；工业生产与零售同比3月均有望上升|2019年1-2月经济活动数据点评,https://www.10100.com/article/148042927,full_mirror,clean,verified_from_configured_author_id,4,2681,,2019-03-14
cicc_perspective-2019-03-13-中金-解析-春节效应-对1-2月宏观数据的扰动,cicc_perspective,中金点睛,中金宏观,team_channel,中金：解析“春节效应”对1-2月宏观数据的扰动,https://www.10100.com/article/148030709,full_mirror,clean,verified_from_configured_author_id,14,8939,,2019-03-13
cicc_perspective-2019-03-11-美国1月零售反弹幅度超预期-但前值下修,cicc_perspective,中金点睛,中金宏观,team_channel,美国1月零售反弹幅度超预期，但前值下修,https://www.10100.com/article/148036372,full_mirror,clean,verified_from_configured_author_id,4,1246,,2019-03-11
cicc_perspective-2019-03-11-中国宏观周报-工业生产稳健但消费仍偏弱-表外票据收缩压低2月社融,cicc_perspective,中金点睛,中金宏观,team_channel,【中国宏观周报】工业生产稳健但消费仍偏弱；表外票据收缩压低2月社融,https://www.10100.com/article/148030309,full_mirror,clean,verified_from_configured_author_id,2,2071,,2019-03-11
cicc_perspective-2019-03-09-高基数下CPI同比微降-但环比明显上升-2月通胀数据点评,cicc_perspective,中金点睛,中金宏观,team_channel,高基数下CPI同比微降，但环比明显上升|2月通胀数据点评,https://www.10100.com/article/148036373,full_mirror,clean,verified_from_configured_author_id,3,1618,,2019-03-09
yiyuzhongde-2019-03-08-华创宏观-张瑜-出口压力显现-不仅是春节效应-2月贸易数据点评,yiyuzhongde,一瑜中的,一瑜中的,exact,【华创宏观·张瑜】出口压力显现:不仅是春节效应 ——2月贸易数据点评,https://www.sohu.com/a/300113720_313170,full_mirror,clean,verified_from_publisher_label,0,4897,,2019-03-08
cicc_perspective-2019-03-08-前两个月进出口增长延续下行趋势-2月贸易数据点评,cicc_perspective,中金点睛,中金宏观,team_channel,前两个月进出口增长延续下行趋势|2月贸易数据点评,https://www.10100.com/article/148042951,full_mirror,clean,verified_from_configured_author_id,3,2010,,2019-03-08
cicc_perspective-2019-03-07-负向估值效应下外储仍小幅上升-2月外储数据简评,cicc_perspective,中金点睛,中金宏观,team_channel,负向估值效应下外储仍小幅上升|2月外储数据简评,https://www.10100.com/article/148036446,full_mirror,clean,verified_from_configured_author_id,3,1403,,2019-03-07
guolei_macro-2019-03-06-广发宏观郭磊-政府工作报告的四个关注点,guolei_macro,郭磊宏观茶座,郭磊宏观茶座,exact,【广发宏观郭磊】政府工作报告的四个关注点,https://news.qq.com/rain/a/20250305A04WCV00,full_mirror,clean,verified_from_publisher_label,5,6177,,2019-03-06
cicc_perspective-2019-03-05-积极财政将实施更大规模减税降费-2019年政府工作报告点评,cicc_perspective,中金点睛,中金宏观,team_channel,积极财政将实施更大规模减税降费|2019年政府工作报告点评,https://www.10100.com/article/148030716,full_mirror,clean,verified_from_configured_author_id,2,2073,,2019-03-05
cicc_perspective-2019-03-04-海外宏观周报-美国1季度动能偏弱-关注欧央行3月议息-2019年2月25日-2019年3月1日,cicc_perspective,中金点睛,中金宏观,team_channel,【海外宏观周报】美国1季度动能偏弱；关注欧央行3月议息 | 2019年2月25日~2019年3月1日,https://www.10100.com/article/148042931,full_mirror,clean,verified_from_configured_author_id,3,1982,,2019-03-04
cicc_perspective-2019-03-04-中国宏观周报-工业生产继续回暖-节后债券发行再加速,cicc_perspective,中金点睛,中金宏观,team_channel,【中国宏观周报】工业生产继续回暖；节后债券发行再加速,https://www.10100.com/article/148030253,full_mirror,clean,verified_from_configured_author_id,2,1995,,2019-03-04
xuetao_macro-2019-03-02-科创板的历史性意义-天风宏观宋雪涛,xuetao_macro,雪涛宏观笔记,雪涛宏观笔记,exact,科创板的历史性意义(天风宏观宋雪涛),https://m.jrj.com.cn/madapter/stock/2019/03/03100527110255.shtml,full_mirror,clean,verified_from_publisher_label,0,4612,,2019-03-02
cicc_perspective-2019-03-01-美国4季度GDP继续回落但好于预期,cicc_perspective,中金点睛,中金宏观,team_channel,美国4季度GDP继续回落但好于预期,https://www.10100.com/article/148042695,full_mirror,clean,verified_from_configured_author_id,3,1423,,2019-03-01
cicc_perspective-2019-02-28-制造业PMI下降或有假日干扰-内需指标有所回升-2月制造业PMI点评,cicc_perspective,中金点睛,中金宏观,team_channel,制造业PMI下降或有假日干扰，内需指标有所回升|2月制造业PMI点评,https://www.10100.com/article/148030718,full_mirror,clean,verified_from_configured_author_id,4,1655,,2019-02-28
cicc_perspective-2019-02-27-中国宏观月报-节后生产活动复苏-1-2月地方债发行大幅放量,cicc_perspective,中金点睛,中金宏观,team_channel,【中国宏观月报】节后生产活动复苏；1-2月地方债发行大幅放量,https://www.10100.com/article/148036442,full_mirror,clean,verified_from_configured_author_id,2,2738,,2019-02-27
cicc_perspective-2019-02-27-2月经济数据前瞻-社融增速延续1月回升态势,cicc_perspective,中金点睛,中金宏观,team_channel,2月经济数据前瞻：社融增速延续1月回升态势,https://www.10100.com/article/148042949,full_mirror,clean,verified_from_configured_author_id,2,4483,,2019-02-27
cicc_perspective-2019-02-26-2019年-两会-前瞻-稳经济-促改革,cicc_perspective,中金点睛,中金宏观,team_channel,2019年“两会”前瞻：稳经济、促改革,https://www.10100.com/article/148030308,full_mirror,clean,verified_from_configured_author_id,1,2870,,2019-02-26
cicc_perspective-2019-02-25-海外宏观周报-美欧经济动能继续放缓-关注中美贸易谈判-2019年2月18日-2019年2月22日,cicc_perspective,中金点睛,中金宏观,team_channel,【海外宏观周报】美欧经济动能继续放缓；关注中美贸易谈判 | 2019年2月18日~2019年2月22日,https://www.10100.com/article/148036443,full_mirror,clean,verified_from_configured_author_id,1,3070,,2019-02-25
cicc_perspective-2019-02-25-中国宏观周报-节后开工有所回暖-地方债发行保持较快节奏,cicc_perspective,中金点睛,中金宏观,team_channel,【中国宏观周报】节后开工有所回暖；地方债发行保持较快节奏,https://www.10100.com/article/148030751,full_mirror,clean,verified_from_configured_author_id,1,3206,,2019-02-25
cicc_perspective-2019-02-22-货币政策将继续强化逆周期调节以对应增长下行压力-2018年第4季度-中国货币政策执行报告-解读,cicc_perspective,中金点睛,中金宏观,team_channel,货币政策将继续强化逆周期调节以对应增长下行压力|2018年第4季度《中国货币政策执行报告》解读,https://www.10100.com/article/148042713,full_mirror,clean,verified_from_configured_author_id,4,4129,,2019-02-22
cicc_perspective-2019-02-20-新基建-投资将去向何方,cicc_perspective,中金点睛,中金宏观,team_channel,“新基建”投资将去向何方？,https://www.10100.com/article/148030719,full_mirror,clean,verified_from_configured_author_id,12,9431,,2019-02-20
cicc_perspective-2019-02-17-海外宏观周报-美国消费动能趋缓-更多联储官员谈及停止缩表-2019年2月11日-2019年2月15日,cicc_perspective,中金点睛,中金宏观,team_channel,【海外宏观周报】美国消费动能趋缓，更多联储官员谈及停止缩表 | 2019年2月11日~2019年2月15日,https://www.10100.com/article/148042697,full_mirror,clean,verified_from_configured_author_id,1,3155,,2019-02-17
cicc_perspective-2019-02-17-中国宏观周报-节后复工节奏平稳-1月新增社融大超预期,cicc_perspective,中金点睛,中金宏观,team_channel,【中国宏观周报】节后复工节奏平稳，1月新增社融大超预期,https://www.10100.com/article/148030257,full_mirror,clean,verified_from_configured_author_id,1,3108,,2019-02-17
cicc_perspective-2019-02-15-美国12月核心零售环比-1-7-大幅不及预期,cicc_perspective,中金点睛,中金宏观,team_channel,美国12月核心零售环比-1.7%大幅不及预期,https://www.10100.com/article/148030282,full_mirror,clean,verified_from_configured_author_id,3,2726,,2019-02-15
cicc_perspective-2019-02-15-春节因素提振不改CPI下降趋势-PPI跌至0-1-1月通胀数据点评,cicc_perspective,中金点睛,中金宏观,team_channel,春节因素提振不改CPI下降趋势，PPI跌至0.1%|1月通胀数据点评,https://www.10100.com/article/148036351,full_mirror,clean,verified_from_configured_author_id,2,3162,,2019-02-15
cicc_perspective-2019-02-14-进出口增速回升可能受春节扰动-1月贸易数据点评,cicc_perspective,中金点睛,中金宏观,team_channel,进出口增速回升可能受春节扰动|1月贸易数据点评,https://www.10100.com/article/148042698,full_mirror,clean,verified_from_configured_author_id,2,3162,,2019-02-14
cicc_perspective-2019-02-14-日本4季度GDP年化环比1-4-重回正增长,cicc_perspective,中金点睛,中金宏观,team_channel,日本4季度GDP年化环比1.4%，重回正增长,https://www.10100.com/article/148030721,full_mirror,clean,verified_from_configured_author_id,2,2487,,2019-02-14
cicc_perspective-2019-02-11-估值效应推升外储水平-但1月外汇可能小幅流出-1月外储数据简评,cicc_perspective,中金点睛,中金宏观,team_channel,估值效应推升外储水平、但1月外汇可能小幅流出|1月外储数据简评,https://www.10100.com/article/148036352,full_mirror,clean,verified_from_configured_author_id,2,2748,,2019-02-11
cicc_perspective-2019-02-11-中国宏观周报-节日消费增速大体不及往年-1月地方债净发行同比大幅上升,cicc_perspective,中金点睛,中金宏观,team_channel,【中国宏观周报】节日消费增速大体不及往年；1月地方债净发行同比大幅上升,https://www.10100.com/article/148030285,full_mirror,clean,verified_from_configured_author_id,1,3195,,2019-02-11
cicc_perspective-2019-02-02-1月非农-新增就业大超预期,cicc_perspective,中金点睛,中金宏观,team_channel,1月非农：新增就业大超预期,https://www.10100.com/article/148030723,full_mirror,clean,verified_from_configured_author_id,7,2883,,2019-02-02
cicc_perspective-2019-02-01-美联储加息预期退潮-人民币汇率获得喘息空间,cicc_perspective,中金点睛,中金宏观,team_channel,美联储加息预期退潮；人民币汇率获得喘息空间,https://www.10100.com/article/148036355,full_mirror,clean,verified_from_configured_author_id,4,4470,,2019-02-01
cicc_perspective-2019-01-31-PMI小幅回升但仍低于-荣枯线-1月制造业PMI点评,cicc_perspective,中金点睛,中金宏观,team_channel,PMI小幅回升但仍低于“荣枯线”|1月制造业PMI点评,https://www.10100.com/article/148030262,full_mirror,clean,verified_from_configured_author_id,3,2834,,2019-01-31
cicc_perspective-2019-01-30-中国宏观月报-需求指标偏弱-市场利率下沉-债券发行同比大幅上升,cicc_perspective,中金点睛,中金宏观,team_channel,【中国宏观月报】需求指标偏弱；市场利率下沉、债券发行同比大幅上升,https://www.10100.com/article/148030686,full_mirror,clean,verified_from_configured_author_id,2,2746,,2019-01-30
cicc_perspective-2019-01-29-1月经济数据前瞻-通胀继续下行-货币社融指标有所回升,cicc_perspective,中金点睛,中金宏观,team_channel,1月经济数据前瞻：通胀继续下行，货币社融指标有所回升,https://www.10100.com/article/148030266,full_mirror,clean,verified_from_configured_author_id,2,4149,,2019-01-29
cicc_perspective-2019-01-28-海外宏观周报-美国政府关门暂时结束-关注美联储1月议息-2019年1月21日-2019年1月25日,cicc_perspective,中金点睛,中金宏观,team_channel,【海外宏观周报】美国政府关门暂时结束；关注美联储1月议息 | 2019年1月21日~2019年1月25日,https://www.10100.com/article/148030291,full_mirror,clean,verified_from_configured_author_id,1,3083,,2019-01-28
cicc_perspective-2019-01-28-年末-残差-扰动12月财务数据-4季度工业企业盈利能力走弱-详解2018年12月及4季度工业企业财务数据,cicc_perspective,中金点睛,中金宏观,team_channel,年末“残差”扰动12月财务数据；4季度工业企业盈利能力走弱|详解2018年12月及4季度工业企业财务数据,https://www.10100.com/article/148042705,full_mirror,clean,verified_from_configured_author_id,3,3211,,2019-01-28
cicc_perspective-2019-01-28-中国宏观周报-地方债启动早于往年-央行互换护航首单银行永续债发行成功,cicc_perspective,中金点睛,中金宏观,team_channel,【中国宏观周报】地方债启动早于往年；央行互换护航首单银行永续债发行成功,https://www.10100.com/article/148036363,full_mirror,clean,verified_from_configured_author_id,1,3287,,2019-01-28
cicc_perspective-2019-01-23-年末财政支出力度加大-12月财政收支数据点评,cicc_perspective,中金点睛,中金宏观,team_channel,年末财政支出力度加大|12月财政收支数据点评,https://www.10100.com/article/148099410,full_mirror,clean,verified_from_configured_author_id,4,3076,,2019-01-23
yiyuzhongde-2019-01-22-华创宏观-张瑜-直面下行中的颠簸-12月经济数据点评,yiyuzhongde,一瑜中的,一瑜中的,exact,【华创宏观·张瑜】直面下行中的颠簸--12月经济数据点评,https://m.sohu.com/a/290626584_313170/?sec=wd,derived_text,clean,verified_from_publisher_label,0,3204,,2019-01-22
cicc_perspective-2019-01-21-海外宏观周报-美国政府持续关门冲击消费者信心-2019年1月14日-2019年1月18日,cicc_perspective,中金点睛,中金宏观,team_channel,【海外宏观周报】美国政府持续关门冲击消费者信心 | 2019年1月14日~2019年1月18日,https://www.10100.com/article/148030693,full_mirror,clean,verified_from_configured_author_id,1,3060,,2019-01-21
cicc_perspective-2019-01-21-再谈就业与收入增长压力对消费的影响,cicc_perspective,中金点睛,中金宏观,team_channel,再谈就业与收入增长压力对消费的影响,https://www.10100.com/article/148030295,full_mirror,clean,verified_from_configured_author_id,6,3629,,2019-01-21
cicc_perspective-2019-01-21-中国宏观周报-需求指标依旧偏弱-央行加大净投放力度,cicc_perspective,中金点睛,中金宏观,team_channel,【中国宏观周报】需求指标依旧偏弱；央行加大净投放力度,https://www.10100.com/article/148042704,full_mirror,clean,verified_from_configured_author_id,1,3099,,2019-01-21
cicc_perspective-2019-01-21-4Q和12月经济数据总体好于悲观预期-但存几点疑问-2018年4季度及12月经济活动数据点评,cicc_perspective,中金点睛,中金宏观,team_channel,4Q和12月经济数据总体好于悲观预期，但存几点疑问|2018年4季度及12月经济活动数据点评,https://www.10100.com/article/148036422,full_mirror,clean,verified_from_configured_author_id,4,4039,,2019-01-21
cicc_perspective-2019-01-14-进出口出现负增长-内外需进一步放缓-2018年及12月贸易数据点评,cicc_perspective,中金点睛,中金宏观,team_channel,进出口出现负增长，内外需进一步放缓|2018年及12月贸易数据点评,https://www.10100.com/article/148030673,full_mirror,clean,verified_from_configured_author_id,8,4403,,2019-01-14
cicc_perspective-2019-01-14-海外宏观周报-鸽派联储稳定市场-关注英国退欧议会投票-2019年1月7日-2019年1月11日,cicc_perspective,中金点睛,中金宏观,team_channel,【海外宏观周报】鸽派联储稳定市场；关注英国退欧议会投票 | 2019年1月7日~2019年1月11日,https://www.10100.com/article/148030261,full_mirror,clean,verified_from_configured_author_id,1,3117,,2019-01-14
cicc_perspective-2019-01-14-中国宏观周报-房产与土地销售指标加速走弱,cicc_perspective,中金点睛,中金宏观,team_channel,【中国宏观周报】房产与土地销售指标加速走弱,https://www.10100.com/article/148036327,full_mirror,clean,verified_from_configured_author_id,1,3233,,2019-01-14
cicc_perspective-2019-01-10-CPI跌至-1字头-PPI跌破1-12月通胀数据点评,cicc_perspective,中金点睛,中金宏观,team_channel,CPI跌至“1字头”，PPI跌破1% | 12月通胀数据点评,https://www.10100.com/article/148042691,full_mirror,clean,verified_from_configured_author_id,3,2904,,2019-01-10
cicc_perspective-2019-01-09-全文-通缩风险上升及其海内外宏观影响,cicc_perspective,中金点睛,中金宏观,team_channel,【全文】通缩风险上升及其海内外宏观影响,https://www.10100.com/article/148036394,full_mirror,clean,verified_from_configured_author_id,14,8915,,2019-01-09
yiyuzhongde-2019-01-08-华创宏观-张瑜-稳增长中-消失-的国开行-思想汇-第六期,yiyuzhongde,一瑜中的,一瑜中的,exact,【华创宏观·张瑜】稳增长中“消失”的国开行——思想汇·第六期,https://www.163.com/dy/article/E52L31CH0519G72C.html,full_mirror,clean,verified_from_publisher_label,23,15491,,2019-01-08
cicc_perspective-2019-01-08-通缩风险上升及其海内外宏观影响,cicc_perspective,中金点睛,中金宏观,team_channel,通缩风险上升及其海内外宏观影响,https://www.10100.com/article/148042688,full_mirror,clean,verified_from_configured_author_id,5,2935,,2019-01-08
cicc_perspective-2019-01-08-美联储向鸽派立场调整是否刚刚开始,cicc_perspective,中金点睛,中金宏观,team_channel,美联储向鸽派立场调整是否刚刚开始？,https://www.10100.com/article/148036321,full_mirror,clean,verified_from_configured_author_id,7,4693,,2019-01-08
cicc_perspective-2019-01-08-今年中国贸易顺差可能走扩,cicc_perspective,中金点睛,中金宏观,team_channel,今年中国贸易顺差可能走扩,https://www.10100.com/article/148030708,full_mirror,clean,verified_from_configured_author_id,4,4002,,2019-01-08
guojun_macro-2019-01-05-国君宏观-下一站-降息,guojun_macro,国君宏观研究,国泰君安证券研究,parent_platform,国君宏观 | 下一站:降息,https://www.sohu.com/a/287552602_99902315,full_mirror,clean,verified_from_publisher_label,0,4876,,2019-01-05
cicc_perspective-2019-01-05-央行如期普降存准率100个点-再次部分-置换MLF,cicc_perspective,中金点睛,中金宏观,team_channel,央行如期普降存准率100个点，再次部分“置换MLF”,https://www.10100.com/article/148036388,full_mirror,clean,verified_from_configured_author_id,2,3851,,2019-01-05
cicc_perspective-2019-01-05-12月非农-工资就业双双超预期,cicc_perspective,中金点睛,中金宏观,team_channel,12月非农：工资就业双双超预期,https://www.10100.com/article/148030256,full_mirror,clean,verified_from_configured_author_id,7,3072,,2019-01-05
cicc_perspective-2019-01-04-美国12月制造业PMI-大幅不及预期-新订单跳水,cicc_perspective,中金点睛,中金宏观,team_channel,美国12月制造业PMI：大幅不及预期，新订单跳水,https://www.10100.com/article/148030671,full_mirror,clean,verified_from_configured_author_id,5,2967,,2019-01-04
cicc_perspective-2019-01-03-如何评估就业数据及其影响,cicc_perspective,中金点睛,中金宏观,team_channel,如何评估就业数据及其影响？,https://www.10100.com/article/148036323,full_mirror,clean,verified_from_configured_author_id,10,6235,,2019-01-03
yiyuzhongde-2019-01-02-华创宏观-张瑜-供需下行持续兑现-CPI-PPI同回-1时代-12月经济数据前瞻,yiyuzhongde,一瑜中的,一瑜中的,exact,"【华创宏观·张瑜】供需下行持续兑现,CPI、PPI同回“1时代”--12月经济数据前瞻",https://www.163.com/dy/article/E4I80JR20519G72C.html,full_mirror,clean,verified_from_publisher_label,1,5884,,2019-01-02
cicc_perspective-2018-12-31-内外需走弱拖累PMI跌至枯荣线以下-12月制造业PMI点评,cicc_perspective,中金点睛,中金宏观,team_channel,内外需走弱拖累PMI跌至枯荣线以下|12月制造业PMI点评,https://www.10100.com/article/148042701,full_mirror,clean,verified_from_configured_author_id,2,2828,,2018-12-31
cicc_perspective-2018-12-27-工业企业盈利能力继续承压-详解11月工业企业财务数据,cicc_perspective,中金点睛,中金宏观,team_channel,工业企业盈利能力继续承压 | 详解11月工业企业财务数据,https://www.10100.com/article/148030692,full_mirror,clean,verified_from_configured_author_id,2,3270,,2018-12-27
cicc_perspective-2018-12-27-4季度及12月经济数据前瞻-需求疲弱-通胀下行,cicc_perspective,中金点睛,中金宏观,team_channel,4季度及12月经济数据前瞻：需求疲弱，通胀下行,https://www.10100.com/article/148036418,full_mirror,clean,verified_from_configured_author_id,2,4696,,2018-12-27
cicc_perspective-2018-12-26-中国宏观月报-内外需指标均走弱-通胀下行,cicc_perspective,中金点睛,中金宏观,team_channel,【中国宏观月报】内外需指标均走弱，通胀下行,https://www.10100.com/article/148030290,full_mirror,clean,verified_from_configured_author_id,2,2628,,2018-12-26
cicc_perspective-2018-12-24-海外宏观周报-美联储12月继续加息-美国政府再度关门-2018年12月17日-12月21日,cicc_perspective,中金点睛,中金宏观,team_channel,【海外宏观周报】美联储12月继续加息；美国政府再度关门 | 2018年12月17日~12月21日,https://www.10100.com/article/148036420,full_mirror,clean,verified_from_configured_author_id,1,3108,,2018-12-24
cicc_perspective-2018-12-24-中国宏观周报-需求指标持续疲软-政策表述重提逆周期调节,cicc_perspective,中金点睛,中金宏观,team_channel,【中国宏观周报】需求指标持续疲软，政策表述重提逆周期调节,https://www.10100.com/article/148030745,full_mirror,clean,verified_from_configured_author_id,1,3033,,2018-12-24
cicc_perspective-2018-12-22-论乘用车销售大幅下滑背后的宏观因素及其影响,cicc_perspective,中金点睛,中金宏观,team_channel,论乘用车销售大幅下滑背后的宏观因素及其影响,https://www.10100.com/article/148030284,full_mirror,clean,verified_from_configured_author_id,3,4594,,2018-12-22
cicc_perspective-2018-12-22-强化逆周期调节-深化改革开放-中央经济工作会议点评,cicc_perspective,中金点睛,中金宏观,team_channel,强化逆周期调节，深化改革开放|中央经济工作会议点评,https://www.10100.com/article/148036379,full_mirror,clean,verified_from_configured_author_id,1,3440,,2018-12-22
cicc_perspective-2018-12-22-就目前宏观的主要风险点和-观察点-的问答,cicc_perspective,中金点睛,中金宏观,team_channel,就目前宏观的主要风险点和“观察点”的问答,https://www.10100.com/article/148030757,full_mirror,clean,verified_from_configured_author_id,1,2410,,2018-12-22
cicc_perspective-2018-12-20-如期加息-2019年加息预测下修至2次-美联储12月FOMC议息会议点评,cicc_perspective,中金点睛,中金宏观,team_channel,如期加息；2019年加息预测下修至2次 | 美联储12月FOMC议息会议点评,https://www.10100.com/article/148042956,full_mirror,clean,verified_from_configured_author_id,1,4747,,2018-12-20
cicc_perspective-2018-12-17-美联储-经济动能放缓-立场将转鸽派-12月FOMC议息会议预览,cicc_perspective,中金点睛,中金宏观,team_channel,【美联储】经济动能放缓，立场将转鸽派 | 12月FOMC议息会议预览,https://www.10100.com/article/148042957,full_mirror,clean,verified_from_configured_author_id,3,3907,,2018-12-17
cicc_perspective-2018-12-17-海外宏观周报-欧美经济数据好坏参半-关注美联储议息-2018年12月10日-12月14日,cicc_perspective,中金点睛,中金宏观,team_channel,【海外宏观周报】欧美经济数据好坏参半；关注美联储议息 | 2018年12月10日~12月14日,https://www.10100.com/article/148030314,full_mirror,clean,verified_from_configured_author_id,1,3102,,2018-12-17
cicc_perspective-2018-12-14-增长指标全面加速下滑-11月经济活动数据点评,cicc_perspective,中金点睛,中金宏观,team_channel,增长指标全面加速下滑|11月经济活动数据点评,https://www.10100.com/article/148030713,full_mirror,clean,verified_from_configured_author_id,2,3497,,2018-12-14
cicc_perspective-2018-12-13-财政收支增速进一步放缓-11月财政数据点评,cicc_perspective,中金点睛,中金宏观,team_channel,财政收支增速进一步放缓|11月财政数据点评,https://www.10100.com/article/148030260,full_mirror,clean,verified_from_configured_author_id,3,2847,,2018-12-13
cicc_perspective-2018-12-12-论中国地产周期面临的潜在压力及其宏观影响,cicc_perspective,中金点睛,中金宏观,team_channel,论中国地产周期面临的潜在压力及其宏观影响,https://finance.sina.com.cn/stock/stockzmt/2018-12-13/doc-ihmutuec8729975.shtml,full_mirror,clean,verified_from_configured_author_id,6,5552,,2018-12-12
cicc_perspective-2018-12-12-积极财政政策-面临的挑战,cicc_perspective,中金点睛,中金宏观,team_channel,“积极财政政策”面临的挑战,https://www.10100.com/article/148042702,full_mirror,clean,verified_from_configured_author_id,3,5224,,2018-12-12
cicc_perspective-2018-12-11-中央经济工作会议前瞻-关注经济下行压力-深入推进改革开放,cicc_perspective,中金点睛,中金宏观,team_channel,中央经济工作会议前瞻：关注经济下行压力，深入推进改革开放,https://www.10100.com/article/148042938,full_mirror,clean,verified_from_configured_author_id,1,3621,,2018-12-11
cicc_perspective-2018-12-10-中国宏观周报-需求指标持续疲弱-进出口增速明显放缓,cicc_perspective,中金点睛,中金宏观,team_channel,【中国宏观周报】需求指标持续疲弱；进出口增速明显放缓,https://www.10100.com/article/148030724,full_mirror,clean,verified_from_configured_author_id,1,3313,,2018-12-10
cicc_perspective-2018-12-09-如何看待美国地产周期走弱,cicc_perspective,中金点睛,中金宏观,team_channel,如何看待美国地产周期走弱？,https://www.10100.com/article/148042939,full_mirror,clean,verified_from_configured_author_id,9,6313,,2018-12-09
cicc_perspective-2018-12-09-PPI与非食品CPI走低-或将继续下行-11月通胀数据点评,cicc_perspective,中金点睛,中金宏观,team_channel,PPI与非食品CPI走低，或将继续下行|11月通胀数据点评,https://www.10100.com/article/148030741,full_mirror,clean,verified_from_configured_author_id,2,2790,,2018-12-09
cicc_perspective-2018-12-08-进出口增速大幅放缓-内外需面临压力-11月贸易数据点评,cicc_perspective,中金点睛,中金宏观,team_channel,进出口增速大幅放缓，内外需面临压力|11月贸易数据点评,https://www.10100.com/article/148036401,full_mirror,clean,verified_from_configured_author_id,2,3408,,2018-12-08
cicc_perspective-2018-12-07-多重因素推动外储水平小幅回升-11月中国外汇储备数据点评,cicc_perspective,中金点睛,中金宏观,team_channel,多重因素推动外储水平小幅回升|11月中国外汇储备数据点评,https://www.10100.com/article/148042933,full_mirror,clean,verified_from_configured_author_id,2,2632,,2018-12-07
guolei_macro-2018-12-05-广发宏观郭磊-峰回-路转-2019年宏观经济展望,guolei_macro,郭磊宏观茶座,郭磊宏观茶座,exact,"【广发宏观郭磊】峰回,路转——2019年宏观经济展望",http://finance.sina.com.cn/stock/stockzmt/2018-12-05/doc-ihprknvt2786318.shtml,full_mirror,clean,verified_from_publisher_label,23,21679,,2018-12-05
cicc_perspective-2018-12-04-美国11月ISM制造业PMI超预期反弹-10月营建支出不及预期,cicc_perspective,中金点睛,中金宏观,team_channel,美国11月ISM制造业PMI超预期反弹；10月营建支出不及预期,https://www.10100.com/article/148036405,full_mirror,clean,verified_from_configured_author_id,4,2901,,2018-12-04
cicc_perspective-2018-12-03-海外宏观周报-美联储表态偏鸽派-中美暂停进一步加征关税-2018年11月26日-11月30日,cicc_perspective,中金点睛,中金宏观,team_channel,【海外宏观周报】美联储表态偏鸽派；中美暂停进一步加征关税 | 2018年11月26日~11月30日,https://www.10100.com/article/148042696,full_mirror,clean,verified_from_configured_author_id,1,3145,,2018-12-03
cicc_perspective-2018-12-03-中国宏观周报-中美贸易摩擦暂缓-内需指标仍显疲弱,cicc_perspective,中金点睛,中金宏观,team_channel,【中国宏观周报】中美贸易摩擦暂缓；内需指标仍显疲弱,https://www.10100.com/article/148030281,full_mirror,clean,verified_from_configured_author_id,1,2997,,2018-12-03
huatai_macro-2018-12-01-华泰宏观李超团队-2019年宏观经济与资产配置,huatai_macro,华泰宏观,华泰睿思,parent_platform,【华泰宏观李超团队】2019年宏观经济与资产配置,https://m.jrj.com.cn/madapter/opinion/2018/11/28082225415571.shtml,full_mirror,clean,verified_from_publisher_label,0,18932,,2018-12-01
cicc_perspective-2018-11-30-制造业PMI-降至-临界点-内需增长加速下探-11月制造业PMI点评,cicc_perspective,中金点睛,中金宏观,team_channel,制造业PMI 降至“临界点”，内需增长加速下探|11月制造业PMI点评,https://www.10100.com/article/148042944,full_mirror,clean,verified_from_configured_author_id,2,2923,,2018-11-30
cicc_perspective-2018-11-30-12月加息是大概率事件-未来政策更加数据依赖-美联储11月FOMC议息会议纪要点评,cicc_perspective,中金点睛,中金宏观,team_channel,12月加息是大概率事件；未来政策更加数据依赖 | 美联储11月FOMC议息会议纪要点评,https://www.10100.com/article/148036425,full_mirror,clean,verified_from_configured_author_id,1,3047,,2018-11-30
cicc_perspective-2018-11-29-11月经济数据前瞻-PPI加速下行-地产投资承压,cicc_perspective,中金点睛,中金宏观,team_channel,11月经济数据前瞻：PPI加速下行；地产投资承压,https://www.10100.com/article/148042946,full_mirror,clean,verified_from_configured_author_id,2,4291,,2018-11-29
cicc_perspective-2018-11-26-M1增长是否会转负,cicc_perspective,中金点睛,中金宏观,team_channel,M1增长是否会转负？,https://www.10100.com/article/148030274,full_mirror,clean,verified_from_configured_author_id,3,4610,,2018-11-26
cicc_perspective-2018-11-19-中国宏观周报-需求指标继续走弱-国债利率明显下行,cicc_perspective,中金点睛,中金宏观,team_channel,【中国宏观周报】需求指标继续走弱；国债利率明显下行,https://www.10100.com/article/148030704,full_mirror,clean,verified_from_configured_author_id,1,3162,,2018-11-19
lichao_macro-2018-11-16-华泰宏观李超-财政与央行公布的地方政府专项债为何不同-宏观ABC-八,lichao_macro,李超宏观研究与资产配置,李超宏观研究与资产配置,exact,【华泰宏观李超】财政与央行公布的地方政府专项债为何不同?——宏观ABC(八),https://www.doc88.com/p-19939671698969.html,abstract_only,flagged,verified_from_publisher_label,0,359,mirror_is_abstract,2018-11-16
cicc_perspective-2018-11-14-零售增速大幅下滑-基建投资如期回升-10月经济活动数据点评,cicc_perspective,中金点睛,中金宏观,team_channel,零售增速大幅下滑，基建投资如期回升|10月经济活动数据点评,https://www.10100.com/article/148042722,full_mirror,clean,verified_from_configured_author_id,2,3508,,2018-11-14
cicc_perspective-2018-11-14-减税效应叠加经济放缓-税收增速大幅下滑-10月财政数据点评,cicc_perspective,中金点睛,中金宏观,team_channel,减税效应叠加经济放缓，税收增速大幅下滑|10月财政数据点评,https://www.10100.com/article/148036454,full_mirror,clean,verified_from_configured_author_id,2,2760,,2018-11-14
cicc_perspective-2018-11-13-梁红-用做-加法-的改革走出当前经济困境,cicc_perspective,中金点睛,中金宏观,team_channel,梁红：用做“加法”的改革走出当前经济困境,https://www.10100.com/article/148030316,full_mirror,clean,verified_from_configured_author_id,7,7819,,2018-11-13
cicc_perspective-2018-11-13-中国应该降息吗,cicc_perspective,中金点睛,中金宏观,team_channel,中国应该降息吗？,https://www.10100.com/article/148030758,full_mirror,clean,verified_from_configured_author_id,3,4171,,2018-11-13
cicc_perspective-2018-11-12-全球经济周期动能趋缓-2019年全球经济展望,cicc_perspective,中金点睛,中金宏观,team_channel,全球经济周期动能趋缓 | 2019年全球经济展望,https://www.10100.com/article/148030292,full_mirror,clean,verified_from_configured_author_id,3,3044,,2018-11-12
cicc_perspective-2018-11-11-聚焦中国-用做-加法-的改革走出当前经济困境,cicc_perspective,中金点睛,中金宏观,team_channel,聚焦中国：用做“加法”的改革走出当前经济困境,https://www.10100.com/article/148042723,full_mirror,clean,verified_from_configured_author_id,3,3002,,2018-11-11
cicc_perspective-2018-11-11-人民币汇率是否会-破7,cicc_perspective,中金点睛,中金宏观,team_channel,人民币汇率是否会“破7”？,https://www.10100.com/article/148030760,full_mirror,clean,verified_from_configured_author_id,4,4874,,2018-11-11
cicc_perspective-2018-11-09-CPI持平于2-5-PPI动能减弱-10月通胀数据点评,cicc_perspective,中金点睛,中金宏观,team_channel,CPI持平于2.5%，PPI动能减弱|10月通胀数据点评,https://www.10100.com/article/148030320,full_mirror,clean,verified_from_configured_author_id,2,2823,,2018-11-09
cicc_perspective-2018-11-08-进出口强于预期-受益于工作日变化-10月贸易数据点评,cicc_perspective,中金点睛,中金宏观,team_channel,进出口强于预期，受益于工作日变化|10月贸易数据点评,https://www.10100.com/article/148036417,full_mirror,clean,verified_from_configured_author_id,2,2766,,2018-11-08
cicc_perspective-2018-11-07-民主党重掌众议院-进一步财政扩张概率下降-美国中期选举点评,cicc_perspective,中金点睛,中金宏观,team_channel,民主党重掌众议院，进一步财政扩张概率下降 | 美国中期选举点评,https://www.10100.com/article/148042703,full_mirror,clean,verified_from_configured_author_id,2,3753,,2018-11-07
cicc_perspective-2018-11-07-估值下降叠加外汇流出压力-外储降幅扩大-10月中国外汇储备数据点评,cicc_perspective,中金点睛,中金宏观,team_channel,估值下降叠加外汇流出压力，外储降幅扩大|10月中国外汇储备数据点评,https://www.10100.com/article/148030286,full_mirror,clean,verified_from_configured_author_id,2,2830,,2018-11-07
cicc_perspective-2018-11-05-为12月加息吹风-11月美联储FOMC议息会议预览,cicc_perspective,中金点睛,中金宏观,team_channel,为12月加息吹风 | 11月美联储FOMC议息会议预览,https://www.10100.com/article/148036359,full_mirror,clean,verified_from_configured_author_id,2,3305,,2018-11-05
cicc_perspective-2018-11-01-中国宏观月报-需求走弱-稳定资本市场举措密集出台-第30期-2018年10月,cicc_perspective,中金点睛,中金宏观,team_channel,【中国宏观月报】需求走弱；稳定资本市场举措密集出台|第30期：2018年10月,https://www.10100.com/article/148030305,full_mirror,clean,verified_from_configured_author_id,2,2775,,2018-11-01
cicc_perspective-2018-10-31-需求增长乏力-通胀有所回落-10月经济数据前瞻,cicc_perspective,中金点睛,中金宏观,team_channel,需求增长乏力，通胀有所回落|10月经济数据前瞻,https://www.10100.com/article/148030694,full_mirror,clean,verified_from_configured_author_id,2,3572,,2018-10-31
cicc_perspective-2018-10-31-制造业PMI下降-领先指标走弱-10月制造业PMI点评,cicc_perspective,中金点睛,中金宏观,team_channel,制造业PMI下降，领先指标走弱|10月制造业PMI点评,https://www.10100.com/article/148042942,full_mirror,clean,verified_from_configured_author_id,2,2987,,2018-10-31
cicc_perspective-2018-10-30-美国经济周期后劲如何,cicc_perspective,中金点睛,中金宏观,team_channel,美国经济周期后劲如何？,https://www.10100.com/article/148036365,full_mirror,clean,verified_from_configured_author_id,3,2885,,2018-10-30
cicc_perspective-2018-10-29-海外宏观周报-全球金融条件继续收紧-关注欧元区3季度GDP-2018年10月22日-10月26日,cicc_perspective,中金点睛,中金宏观,team_channel,【海外宏观周报】全球金融条件继续收紧；关注欧元区3季度GDP | 2018年10月22日~10月26日,https://www.10100.com/article/148042943,full_mirror,clean,verified_from_configured_author_id,1,3129,,2018-10-29
cicc_perspective-2018-10-29-中国宏观周报-需求指标偏弱-人民币成交量上升-2018年10月22日-10月26日,cicc_perspective,中金点睛,中金宏观,team_channel,【中国宏观周报】需求指标偏弱，人民币成交量上升|2018年10月22日~10月26日,https://www.10100.com/article/148030270,full_mirror,clean,verified_from_configured_author_id,1,2953,,2018-10-29
cicc_perspective-2018-10-28-中国有望进一步降低增值税税率为企业减负,cicc_perspective,中金点睛,中金宏观,team_channel,中国有望进一步降低增值税税率为企业减负,https://www.10100.com/article/148030275,full_mirror,clean,verified_from_configured_author_id,2,2807,,2018-10-28
cicc_perspective-2018-10-27-3季度GDP增速3-5-超预期-但投资减速-美国3季度GDP数据点评,cicc_perspective,中金点睛,中金宏观,team_channel,3季度GDP增速3.5%超预期，但投资减速 | 美国3季度GDP数据点评,https://www.10100.com/article/148030755,full_mirror,clean,verified_from_configured_author_id,2,2967,,2018-10-27
cicc_perspective-2018-10-22-海外宏观周报-穆迪下调意大利主权评级-关注美国3季度GDP-2018年10月15日-10月19日,cicc_perspective,中金点睛,中金宏观,team_channel,【海外宏观周报】穆迪下调意大利主权评级；关注美国3季度GDP|2018年10月15日~10月19日,https://www.10100.com/article/148030310,full_mirror,clean,verified_from_configured_author_id,1,3069,,2018-10-22
cicc_perspective-2018-10-22-中国宏观周报-地产成交滑落-个税抵扣办法征求意见-2018年10月15日-10月19日,cicc_perspective,中金点睛,中金宏观,team_channel,【中国宏观周报】地产成交滑落，个税抵扣办法征求意见|2018年10月15日-10月19日,https://www.10100.com/article/148036375,full_mirror,clean,verified_from_configured_author_id,1,3201,,2018-10-22
cicc_perspective-2018-10-21-个税抵扣增进中产家庭收入-促进教育医疗及升级消费-个人所得税专项附加扣除暂行办法-点评,cicc_perspective,中金点睛,中金宏观,team_channel,个税抵扣增进中产家庭收入、促进教育医疗及升级消费|《个人所得税专项附加扣除暂行办法》点评,https://www.10100.com/article/148042716,full_mirror,clean,verified_from_configured_author_id,3,3893,,2018-10-21
cicc_perspective-2018-10-19-财政收入增速放缓-支出力度加大-9月财政数据点评,cicc_perspective,中金点睛,中金宏观,team_channel,财政收入增速放缓、支出力度加大|9月财政数据点评,https://www.10100.com/article/148042717,full_mirror,clean,verified_from_configured_author_id,2,2735,,2018-10-19
cicc_perspective-2018-10-19-央行确认与联储-脱钩-再次保持公开市场操作利率不变,cicc_perspective,中金点睛,中金宏观,team_channel,央行确认与联储“脱钩”、再次保持公开市场操作利率不变,https://www.10100.com/article/148036448,full_mirror,clean,verified_from_configured_author_id,2,3211,,2018-10-19
cicc_perspective-2018-10-19-3季度GDP明显减速至6-5-9月增长动能进一步放缓-3季度及9月经济活动数据点评,cicc_perspective,中金点睛,中金宏观,team_channel,3季度GDP明显减速至6.5%，9月增长动能进一步放缓 | 3季度及9月经济活动数据点评,https://www.10100.com/article/148030706,full_mirror,clean,verified_from_configured_author_id,2,4062,,2018-10-19
cicc_perspective-2018-10-18-重申继续渐进加息-12月加息是大概率事件,cicc_perspective,中金点睛,中金宏观,team_channel,重申继续渐进加息；12月加息是大概率事件,https://www.10100.com/article/148030711,full_mirror,clean,verified_from_configured_author_id,1,2942,,2018-10-18
guojun_macro-2018-10-17-国君宏观-我们为什么认为中国会降息,guojun_macro,国君宏观研究,国泰君安证券研究,parent_platform,【国君宏观】我们为什么认为中国会降息?,http://finance.sina.com.cn/stock/marketresearch/2018-10-16/doc-ifxeuwws4950577.shtml,full_mirror,clean,verified_from_publisher_label,10,4748,,2018-10-17
cicc_perspective-2018-10-16-美国9月总零售环比0-1-不及预期,cicc_perspective,中金点睛,中金宏观,team_channel,美国9月总零售环比0.1%不及预期,https://www.10100.com/article/148042954,full_mirror,clean,verified_from_configured_author_id,2,2704,,2018-10-16
cicc_perspective-2018-10-16-短期通胀仍具-粘性-但上行空间有限,cicc_perspective,中金点睛,中金宏观,team_channel,短期通胀仍具“粘性”，但上行空间有限,https://www.10100.com/article/148030313,full_mirror,clean,verified_from_configured_author_id,2,2882,,2018-10-16
cicc_perspective-2018-10-15-中金宏观-部分需求指标转暖-节后流动性偏松,cicc_perspective,中金点睛,中金宏观,team_channel,【中金宏观】部分需求指标转暖；节后流动性偏松,https://www.10100.com/article/148030756,derived_text,clean,verified_from_configured_author_id,0,3032,,2018-10-15
cicc_perspective-2018-10-12-中金宏观-出口升-进口降反映内需增长动能放缓,cicc_perspective,中金点睛,中金宏观,team_channel,【中金宏观】出口升、进口降反映内需增长动能放缓,https://www.10100.com/article/148030312,full_mirror,clean,verified_from_configured_author_id,10,3216,,2018-10-12
cicc_perspective-2018-10-09-中金宏观-粤苏两省经济下滑凸显内外需隐忧,cicc_perspective,中金点睛,中金宏观,team_channel,【中金宏观】粤苏两省经济下滑凸显内外需隐忧,https://www.10100.com/article/148030746,full_mirror,clean,verified_from_configured_author_id,7,3507,,2018-10-09
sws_macro-2018-09-11-申万宏源宏观-2018年8月物价数据点评-CPI压力可控-PPI延续回落,sws_macro,申万宏源宏观,申万宏源宏观,team_research_stream,【申万宏源宏观】2018年8月物价数据点评：CPI压力可控，PPI延续回落,https://www.sohu.com/a/253130124_313170,abstract_only,flagged,verified_from_publisher_or_team_citation,0,1372,mirror_is_abstract,2018-09-11
sws_macro-2018-08-29-申万宏源宏观-2018年8月经济数据预测-供需两弱-CPI小幅抬升,sws_macro,申万宏源宏观,申万宏源宏观,team_research_stream,【申万宏源宏观】2018年8月经济数据预测：供需两弱，CPI小幅抬升,https://www.sohu.com/a/250812537_313170,abstract_only,flagged,verified_from_publisher_or_team_citation,0,820,mirror_is_abstract,2018-08-29
guolei_macro-2018-08-26-广发宏观郭磊-关于当前增长-通胀-市场-一个宏观理解框架,guolei_macro,郭磊宏观茶座,郭磊宏观茶座,exact,【广发宏观郭磊】关于当前增长、通胀、市场:一个宏观理解框架,https://www.sohu.com/a/250252226_313170,full_mirror,clean,verified_from_publisher_label,0,5309,,2018-08-26
sws_macro-2018-08-08-申万宏源宏观-2018年7月外汇储备数据点评-外储无近忧-汇率无远虑,sws_macro,申万宏源宏观,申万宏源宏观,team_research_stream,【申万宏源宏观】2018年7月外汇储备数据点评：外储无近忧，汇率无远虑,http://mp.cnfol.com/article/1713388,full_mirror,clean,verified_from_publisher_or_team_citation,7,1793,,2018-08-08
guojun_macro-2018-07-10-国君宏观-关注2019年上半年滞胀风险-扩内需不局限于货币财政调整-点评6月物价数据,guojun_macro,国君宏观研究,宏观长春,historical_predecessor,"【国君宏观】关注2019年上半年滞胀风险,扩内需不局限于货币财政调整——点评6月物价数据",http://www.huiyunyan.com/doc-5afcf9886729869ef7032942dfb472c0.html,full_mirror,clean,verified_from_publisher_label,5,2469,,2018-07-10
guolei_macro-2018-05-31-广发宏观郭磊-宏观特征与资产映射,guolei_macro,郭磊宏观茶座,郭磊宏观茶座,exact,【广发宏观郭磊】宏观特征与资产映射,https://www.sohu.com/a/233698576_313170,abstract_only,flagged,verified_from_publisher_label,0,1605,mirror_is_abstract,2018-05-31
guojun_macro-2018-05-24-国君宏观-中国去杠杆评估报告-2017,guojun_macro,国君宏观研究,宏观长春,historical_predecessor,【国君宏观】中国去杠杆评估报告(2017),https://www.sohu.com/a/232733732_313170,full_mirror,clean,verified_from_publisher_label,0,5984,,2018-05-24
xuetao_macro-2018-05-21-债务清算逐渐触及核心的一年-天风宏观宋雪涛,xuetao_macro,雪涛宏观笔记,雪涛宏观笔记,exact,债务清算逐渐触及核心的一年(天风宏观宋雪涛),https://m.sohu.com/a/232859784_117959/,full_mirror,clean,verified_from_publisher_label,0,3830,,2018-05-21
sws_macro-2018-05-20-申万宏源宏观-中美共识达成-资本市场风险偏好可迅速修复,sws_macro,申万宏源宏观,申万宏源宏观,team_research_stream,【申万宏源宏观】中美共识达成 资本市场风险偏好可迅速修复,https://www.sohu.com/a/232238538_313170,full_mirror,clean,verified_from_publisher_or_team_citation,0,7555,,2018-05-20
lichao_macro-2018-05-11-华泰宏观荐文-实践是检验真理的唯一标准,lichao_macro,李超宏观研究与资产配置,李超宏观研究与资产配置,exact,【华泰宏观荐文】《实践是检验真理的唯一标准》,https://www.ccps.gov.cn/dxsy/202305/t20230510_157946.shtml,full_mirror,clean,verified_from_publisher_label,1,6436,,2018-05-11
guolei_macro-2018-03-21-广发宏观郭磊-未来10年全球经济的-在-U2,guolei_macro,郭磊宏观茶座,郭磊宏观茶座,exact,【广发宏观郭磊】未来10年全球经济的α在“U2”,https://m.jrj.com.cn/madapter/opinion/2018/03/21140324272803.shtml,derived_text,clean,verified_from_publisher_label,0,2577,,2018-03-21
guolei_macro-2018-03-02-广发宏观郭磊-四条主线理解中国经济和中国资产,guolei_macro,郭磊宏观茶座,郭磊宏观茶座,exact,【广发宏观郭磊】四条主线理解中国经济和中国资产,https://m.jrj.com.cn/madapter/hk/2018/03/05110724191124.shtml,abstract_only,flagged,verified_from_publisher_label,0,757,mirror_is_abstract,2018-03-02
guojun_macro-2018-01-24-国君宏观-探讨近期经济数据不同口径-增速-的分歧,guojun_macro,国君宏观研究,宏观长春,historical_predecessor,【国君宏观】探讨近期经济数据不同口径“增速”的分歧,https://www.sohu.com/a/218849888_313170,derived_text,clean,verified_from_publisher_label,0,2712,,2018-01-24
xuetao_macro-2018-01-01-盘点2017-中国资产重估元年-天风宏观宋雪涛,xuetao_macro,雪涛宏观笔记,雪涛宏观笔记,exact,盘点2017:中国资产重估元年(天风宏观宋雪涛),https://www.sohu.com/a/214057154_460385,full_mirror,clean,verified_from_publisher_label,0,3709,,2018-01-01
guojun_macro-2017-12-17-国君宏观-2017年中央经济工作会议前瞻,guojun_macro,国君宏观研究,宏观长春,historical_predecessor,【国君宏观】2017年中央经济工作会议前瞻,https://www.sohu.com/a/211141543_481785,full_mirror,clean,verified_from_publisher_label,0,7391,,2017-12-17
guolei_macro-2017-12-15-广发宏观郭磊-地产好转-基建反弹-政策象征性加息,guolei_macro,郭磊宏观茶座,郭磊宏观茶座,exact,"【广发宏观郭磊】地产好转,基建反弹,政策象征性加息",https://www.sohu.com/a/210657656_313170,abstract_only,flagged,verified_from_publisher_label,0,1768,mirror_is_abstract,2017-12-15
guolei_macro-2017-11-08-广发宏观郭磊-工程师红利就是中国下一个十年的人口红利,guolei_macro,郭磊宏观茶座,郭磊宏观茶座,exact,【广发宏观郭磊】工程师红利就是中国下一个十年的人口红利,https://www.36kr.com/p/1721988071425,full_mirror,clean,verified_from_publisher_label,4,5607,,2017-11-08
xuetao_macro-2017-11-03-天风宏观-站在未来的风口上2-风口中的风口,xuetao_macro,雪涛宏观笔记,雪涛宏观笔记,exact,【天风宏观】站在未来的风口上2:风口中的风口,http://mt.sohu.com/20171104/n521428548.shtml,full_mirror,clean,verified_from_publisher_label,27,4618,,2017-11-03
sws_macro-2017-09-15-XCF请支持申万宏源宏观-工业生产超预期回落-维持下半年前高后低判断-2017年8月份经济数据分析,sws_macro,申万宏源宏观,申万宏源宏观,team_research_stream,【XCF请支持申万宏源宏观】工业生产超预期回落 维持下半年前高后低判断——2017年8月份经济数据分析,https://www.sohu.com/a/192035874_481785,derived_text,clean,verified_from_publisher_or_team_citation,0,2788,,2017-09-15
sws_macro-2017-09-10-XCF请支持申万宏源宏观-CPI和PPI回升-供给侧改革仍可乐观-2017年8月物价数据点评,sws_macro,申万宏源宏观,申万宏源宏观,team_research_stream,【XCF请支持申万宏源宏观】CPI和PPI回升，供给侧改革仍可乐观——2017年8月物价数据点评,https://www.sohu.com/a/191031638_481785,derived_text,clean,verified_from_publisher_or_team_citation,0,2782,,2017-09-10
sws_macro-2017-09-08-XCF请支持申万宏源宏观-外储连续回升-外占有望转正-2017年8月外储数据点评,sws_macro,申万宏源宏观,申万宏源宏观,team_research_stream,【XCF请支持申万宏源宏观】外储连续回升 外占有望转正——2017年8月外储数据点评,https://www.sohu.com/a/190569872_481785,abstract_only,flagged,verified_from_publisher_or_team_citation,0,455,mirror_is_abstract,2017-09-08
guojun_macro-2017-09-01-国君宏观-深度-财政政策框架及下半年财政空间探讨-国君宏观研究框架系列之-二,guojun_macro,国君宏观研究,宏观长春,historical_predecessor,【国君宏观】深度:财政政策框架及下半年财政空间探讨——国君宏观研究框架系列之(二),https://www.sohu.com/a/168984816_700722,full_mirror,clean,verified_from_publisher_label,0,8736,,2017-09-01
guojun_macro-2017-08-09-国君宏观-透过数字-把握资本流动脉络-国君宏观框架研究系列之资本流动,guojun_macro,国君宏观研究,宏观长春,historical_predecessor,"【国君宏观】透过数字,把握资本流动脉络——国君宏观框架研究系列之资本流动",https://www.sohu.com/a/163250981_700722,full_mirror,clean,verified_from_publisher_label,0,13487,,2017-08-09
guojun_macro-2017-08-07-国君宏观-放下执念-做宏观要净心多研究-树上的花-关于-新周期与繁荣的顶点-论战的思考,guojun_macro,国君宏观研究,宏观长春,historical_predecessor,"【国君宏观】放下执念,做宏观要净心多研究“树上的花”──关于“新周期与繁荣的顶点”论战的思考",https://www.sohu.com/a/162973132_700722,full_mirror,clean,verified_from_publisher_label,0,6561,,2017-08-07
guolei_macro-2017-07-28-广发宏观郭磊-工业企业数据的六个信号,guolei_macro,郭磊宏观茶座,郭磊宏观茶座,exact,【广发宏观郭磊】工业企业数据的六个信号,https://www.sohu.com/a/163852007_619341,full_mirror,clean,verified_from_publisher_label,0,3548,,2017-07-28
huatai_macro-2017-06-02-华泰宏观李超团队-利率为轴-经济为马-2017宏观中期策略报告PPT,huatai_macro,华泰宏观,华泰宏观研究,team_channel,"【华泰宏观李超团队】利率为轴,经济为马——2017宏观中期策略报告PPT",http://finance.sina.com.cn/stock/quanshang/qsyj/2017-06-16/doc-ifyhfnrf9257102.shtml,full_mirror,clean,verified_from_publisher_label,82,4063,,2017-06-02
guolei_macro-2017-04-26-广发宏观郭磊-商品收益率的宏观信号价值,guolei_macro,郭磊宏观茶座,郭磊宏观茶座,exact,【广发宏观郭磊】商品收益率的宏观信号价值,https://www.sohu.com/a/273505560_117959,derived_text,clean,verified_from_publisher_label,0,3467,,2017-04-26
huatai_macro-2017-04-17-华泰宏观李超团队-一季度经济开门红-可持续性待察-2017年一季度宏观经济数据综述,huatai_macro,华泰宏观,华泰宏观研究,team_channel,"【华泰宏观李超团队】一季度经济开门红,可持续性待察——2017年一季度宏观经济数据综述",https://www.sohu.com/a/134566196_611180,derived_text,clean,verified_from_publisher_label,0,2009,,2017-04-17
guolei_macro-2017-04-17-广发宏观郭磊-经济表现的背后驱动及其未来趋势,guolei_macro,郭磊宏观茶座,郭磊宏观茶座,exact,【广发宏观郭磊】经济表现的背后驱动及其未来趋势,https://www.baogaopai.com/baogao-view-93183.html,abstract_only,flagged,verified_from_publisher_label,0,458,mirror_is_abstract,2017-04-17
guolei_macro-2017-03-30-广发宏观郭磊-三周期叠加框架详解,guolei_macro,郭磊宏观茶座,郭磊宏观茶座,exact,【广发宏观郭磊】三周期叠加框架详解,https://m.sohu.com/a/131131192_117959,full_mirror,clean,verified_from_publisher_label,0,6628,,2017-03-30
sws_macro-2017-03-17-申万宏源宏观-国内房地产市场走势展望电话会议纪要,sws_macro,申万宏源宏观,申万宏源宏观,team_research_stream,【申万宏源宏观】国内房地产市场走势展望电话会议纪要,https://www.sohu.com/a/129165938_481785,full_mirror,clean,verified_from_publisher_or_team_citation,0,3846,,2017-03-17
guolei_macro-2017-02-27-广发宏观郭磊-三四线消费升级的宏观线索,guolei_macro,郭磊宏观茶座,郭磊宏观茶座,exact,【广发宏观郭磊】三四线消费升级的宏观线索,http://vip.stock.finance.sina.com.cn/q/go.php/vReport_Show/kind/lastest/rptid/3653952/index.phtml,derived_text,clean,verified_from_publisher_label,0,2695,,2017-02-27
guolei_macro-2017-01-20-广发宏观郭磊-最值得关注的是重新走高的人口自然增长率,guolei_macro,郭磊宏观茶座,郭磊宏观茶座,exact,【广发宏观郭磊】最值得关注的是重新走高的人口自然增长率,https://finance.ifeng.com/c/7Zxy0Y9jzUT,full_mirror,clean,verified_from_publisher_label,0,4066,,2017-01-20
guolei_macro-2016-12-07-广发宏观郭磊-我们如何看这轮利率上升,guolei_macro,郭磊宏观茶座,郭磊宏观茶座,exact,【广发宏观郭磊】我们如何看这轮利率上升,https://www.sohu.com/a/120954710_460385,derived_text,clean,verified_from_publisher_label,0,2840,,2016-12-07
guolei_macro-2016-12-04-广发宏观郭磊-名至-实归-2017年宏观经济形势分析与展望,guolei_macro,郭磊宏观茶座,郭磊宏观茶座,exact,"【广发宏观郭磊】名至,实归──2017年宏观经济形势分析与展望",https://www.sohu.com/a/120670289_117959,full_mirror,clean,verified_from_publisher_label,0,11663,,2016-12-04
guolei_macro-2016-11-11-广发宏观郭磊-通胀继续回升-2017年中枢或高于今年,guolei_macro,郭磊宏观茶座,郭磊宏观茶座,exact,"【广发宏观郭磊】通胀继续回升,2017年中枢或高于今年",http://www.huiyunyan.com/doc-117afc5c025f430e27c589d192610fc8.html,full_mirror,clean,verified_from_publisher_label,4,2447,,2016-11-11
guolei_macro-2016-11-10-广发宏观郭磊-特朗普时代-背景-特征及影响,guolei_macro,郭磊宏观茶座,郭磊宏观茶座,exact,【广发宏观郭磊】特朗普时代:背景、特征及影响,https://www.sohu.com/a/118642300_479003,derived_text,clean,verified_from_publisher_label,0,2888,,2016-11-10
sws_macro-2016-10-09-对与错-申万宏源宏观这一年-兼论四季度和2017年宏观大势,sws_macro,申万宏源宏观,申万宏源宏观,team_research_stream,对与错 申万宏源宏观这一年 ——兼论四季度和2017年宏观大势,https://www.sohu.com/a/115682931_481785,full_mirror,clean,verified_from_publisher_or_team_citation,0,4568,,2016-10-09
guolei_macro-2016-10-08-广发宏观郭磊-一轮地产政策周期的终结,guolei_macro,郭磊宏观茶座,郭磊宏观茶座,exact,【广发宏观郭磊】一轮地产政策周期的终结,https://www.sohu.com/a/115637615_460385,derived_text,clean,verified_from_publisher_label,0,2663,,2016-10-08
guolei_macro-2016-09-25-广发宏观郭磊-信用扩张可以完美解释房价走势,guolei_macro,郭磊宏观茶座,郭磊宏观茶座,exact,【广发宏观郭磊】信用扩张可以完美解释房价走势,https://www.sohu.com/a/115055308_460385,full_mirror,clean,verified_from_publisher_label,0,3743,,2016-09-25
macrofans-unknown-date-资金分歧之下-如何选择板块方向,macrofans,宏观fans哲,宏观fans哲,author_research_stream,资金分歧之下，如何选择板块方向？,https://m.gelonghui.com/p/577207,full_mirror,clean,verified_from_publisher_citation,12,6651,,
macrofans-unknown-date-人口负增长如何影响经济和市场,macrofans,宏观fans哲,宏观fans哲,author_research_stream,人口负增长如何影响经济和市场？,https://m.gelonghui.com/p/575034,full_mirror,clean,verified_from_publisher_citation,24,8779,,
macrofans-unknown-date-2023年消费修复程度几何,macrofans,宏观fans哲,宏观fans哲,author_research_stream,2023年消费修复程度几何？,https://m.gelonghui.com/p/573380,full_mirror,clean,verified_from_publisher_citation,22,7686,,
